vintage,iso3c,measure,variant,years,value
weo-2024-10,UGA,working_age,Low,2009,15169
weo-2024-10,UGA,working_age,Low,2010,15692
weo-2024-10,UGA,working_age,Low,2011,16233
weo-2024-10,UGA,working_age,Low,2012,16789
weo-2024-10,UGA,working_age,Low,2013,17367
weo-2024-10,UGA,working_age,Low,2014,18003
weo-2024-10,UGA,working_age,Low,2015,18718
weo-2024-10,UGA,working_age,Low,2016,19557
weo-2024-10,UGA,working_age,Low,2017,20493
weo-2024-10,UGA,working_age,Low,2018,21429
weo-2024-10,UGA,working_age,Low,2019,22400
weo-2024-10,UGA,working_age,Low,2020,23386
weo-2024-10,UGA,working_age,Low,2021,24363
weo-2024-10,UGA,working_age,Low,2022,25290
weo-2024-10,UGA,working_age,Low,2023,26163
weo-2024-10,UGA,working_age,Low,2024,27058
weo-2024-10,UGA,working_age,Low,2025,27988
weo-2024-10,UGA,working_age,Low,2026,28954
weo-2024-10,UGA,working_age,Low,2027,29954
weo-2024-10,UGA,working_age,Low,2028,30979
weo-2024-10,UGA,working_age,Low,2029,32020
weo-2024-10,UGA,working_age,Low,2030,33076
weo-2024-10,UGA,working_age,Low,2031,34147
weo-2024-10,UGA,working_age,Low,2032,35241
weo-2024-10,UGA,working_age,Low,2033,36366
weo-2024-10,UGA,working_age,Low,2034,37521
weo-2024-10,UGA,working_age,Low,2035,38704
weo-2024-10,UGA,working_age,Low,2036,39912
weo-2024-10,UGA,working_age,Low,2037,41094
weo-2024-10,UGA,working_age,Low,2038,42240
weo-2024-10,UGA,working_age,Low,2039,43387
weo-2024-10,UGA,working_age,Low,2040,44533
weo-2024-10,UGA,working_age,Low,2041,45677
weo-2024-10,UGA,working_age,Low,2042,46785
weo-2024-10,UGA,working_age,Low,2043,47858
weo-2024-10,UGA,working_age,Low,2044,48923
weo-2024-10,UGA,working_age,Low,2045,49976
weo-2024-10,UGA,working_age,Low,2046,51012
weo-2024-10,UGA,working_age,Low,2047,52008
weo-2024-10,UGA,working_age,Low,2048,52963
weo-2024-10,UGA,working_age,Low,2049,53896
weo-2024-10,UGA,working_age,Low,2050,54808
weo-2024-10,UGA,working_age,Low,2051,55697
weo-2024-10,UGA,working_age,Low,2052,56562
weo-2024-10,UGA,working_age,Low,2053,57403
weo-2024-10,UGA,working_age,Low,2054,58214
weo-2024-10,UGA,working_age,Low,2055,58995
weo-2024-10,UGA,working_age,Low,2056,59745
weo-2024-10,UGA,working_age,Low,2057,60461
weo-2024-10,UGA,working_age,Low,2058,61143
weo-2024-10,UGA,working_age,Low,2059,61795
weo-2024-10,UGA,working_age,Low,2060,62418
weo-2024-10,UGA,working_age,Low,2061,63013
weo-2024-10,UGA,working_age,Low,2062,63579
weo-2024-10,UGA,working_age,Low,2063,64111
weo-2024-10,UGA,working_age,Low,2064,64607
weo-2024-10,UGA,working_age,Low,2065,65064
weo-2024-10,UGA,working_age,Low,2066,65479
weo-2024-10,UGA,working_age,Low,2067,65857
weo-2024-10,UGA,working_age,Low,2068,66194
weo-2024-10,UGA,working_age,Low,2069,66487
weo-2024-10,UGA,working_age,Low,2070,66740
weo-2024-10,UGA,working_age,Low,2071,66954
weo-2024-10,UGA,working_age,Low,2072,67135
weo-2024-10,UGA,working_age,Low,2073,67282
weo-2024-10,UGA,working_age,Low,2074,67388
weo-2024-10,UGA,working_age,Low,2075,67449
weo-2024-10,UGA,working_age,Low,2076,67467
weo-2024-10,UGA,working_age,Low,2077,67448
weo-2024-10,UGA,working_age,Low,2078,67392
weo-2024-10,UGA,working_age,Low,2079,67303
weo-2024-10,UGA,working_age,Low,2080,67178
weo-2024-10,UGA,working_age,Low,2081,67018
weo-2024-10,UGA,working_age,Low,2082,66818
weo-2024-10,UGA,working_age,Low,2083,66573
weo-2024-10,UGA,working_age,Low,2084,66287
weo-2024-10,UGA,working_age,Low,2085,65959
weo-2024-10,UGA,working_age,Low,2086,65589
weo-2024-10,UGA,working_age,Low,2087,65214
weo-2024-10,UGA,working_age,Low,2088,64844
weo-2024-10,UGA,working_age,Low,2089,64450
weo-2024-10,UGA,working_age,Low,2090,64038
weo-2024-10,UGA,working_age,Low,2091,63610
weo-2024-10,UGA,working_age,Low,2092,63186
weo-2024-10,UGA,working_age,Low,2093,62767
weo-2024-10,UGA,working_age,Low,2094,62336
weo-2024-10,UGA,working_age,Low,2095,61891
weo-2024-10,UGA,working_age,Low,2096,61433
weo-2024-10,UGA,working_age,Low,2097,60981
weo-2024-10,UGA,working_age,Low,2098,60529
weo-2024-10,UGA,working_age,Low,2099,60065
weo-2024-10,UGA,working_age,Medium,2009,15169
weo-2024-10,UGA,working_age,Medium,2010,15692
weo-2024-10,UGA,working_age,Medium,2011,16233
weo-2024-10,UGA,working_age,Medium,2012,16789
weo-2024-10,UGA,working_age,Medium,2013,17367
weo-2024-10,UGA,working_age,Medium,2014,18003
weo-2024-10,UGA,working_age,Medium,2015,18718
weo-2024-10,UGA,working_age,Medium,2016,19557
weo-2024-10,UGA,working_age,Medium,2017,20493
weo-2024-10,UGA,working_age,Medium,2018,21429
weo-2024-10,UGA,working_age,Medium,2019,22400
weo-2024-10,UGA,working_age,Medium,2020,23386
weo-2024-10,UGA,working_age,Medium,2021,24363
weo-2024-10,UGA,working_age,Medium,2022,25290
weo-2024-10,UGA,working_age,Medium,2023,26163
weo-2024-10,UGA,working_age,Medium,2024,27058
weo-2024-10,UGA,working_age,Medium,2025,27988
weo-2024-10,UGA,working_age,Medium,2026,28954
weo-2024-10,UGA,working_age,Medium,2027,29954
weo-2024-10,UGA,working_age,Medium,2028,30979
weo-2024-10,UGA,working_age,Medium,2029,32020
weo-2024-10,UGA,working_age,Medium,2030,33076
weo-2024-10,UGA,working_age,Medium,2031,34147
weo-2024-10,UGA,working_age,Medium,2032,35241
weo-2024-10,UGA,working_age,Medium,2033,36366
weo-2024-10,UGA,working_age,Medium,2034,37521
weo-2024-10,UGA,working_age,Medium,2035,38704
weo-2024-10,UGA,working_age,Medium,2036,39912
weo-2024-10,UGA,working_age,Medium,2037,41139
weo-2024-10,UGA,working_age,Medium,2038,42378
weo-2024-10,UGA,working_age,Medium,2039,43622
weo-2024-10,UGA,working_age,Medium,2040,44867
weo-2024-10,UGA,working_age,Medium,2041,46114
weo-2024-10,UGA,working_age,Medium,2042,47360
weo-2024-10,UGA,working_age,Medium,2043,48608
weo-2024-10,UGA,working_age,Medium,2044,49854
weo-2024-10,UGA,working_age,Medium,2045,51093
weo-2024-10,UGA,working_age,Medium,2046,52320
weo-2024-10,UGA,working_age,Medium,2047,53537
weo-2024-10,UGA,working_age,Medium,2048,54745
weo-2024-10,UGA,working_age,Medium,2049,55937
weo-2024-10,UGA,working_age,Medium,2050,57115
weo-2024-10,UGA,working_age,Medium,2051,58277
weo-2024-10,UGA,working_age,Medium,2052,59423
weo-2024-10,UGA,working_age,Medium,2053,60551
weo-2024-10,UGA,working_age,Medium,2054,61658
weo-2024-10,UGA,working_age,Medium,2055,62745
weo-2024-10,UGA,working_age,Medium,2056,63811
weo-2024-10,UGA,working_age,Medium,2057,64853
weo-2024-10,UGA,working_age,Medium,2058,65873
weo-2024-10,UGA,working_age,Medium,2059,66876
weo-2024-10,UGA,working_age,Medium,2060,67863
weo-2024-10,UGA,working_age,Medium,2061,68835
weo-2024-10,UGA,working_age,Medium,2062,69792
weo-2024-10,UGA,working_age,Medium,2063,70729
weo-2024-10,UGA,working_age,Medium,2064,71645
weo-2024-10,UGA,working_age,Medium,2065,72536
weo-2024-10,UGA,working_age,Medium,2066,73400
weo-2024-10,UGA,working_age,Medium,2067,74241
weo-2024-10,UGA,working_age,Medium,2068,75057
weo-2024-10,UGA,working_age,Medium,2069,75842
weo-2024-10,UGA,working_age,Medium,2070,76600
weo-2024-10,UGA,working_age,Medium,2071,77333
weo-2024-10,UGA,working_age,Medium,2072,78047
weo-2024-10,UGA,working_age,Medium,2073,78740
weo-2024-10,UGA,working_age,Medium,2074,79404
weo-2024-10,UGA,working_age,Medium,2075,80033
weo-2024-10,UGA,working_age,Medium,2076,80630
weo-2024-10,UGA,working_age,Medium,2077,81202
weo-2024-10,UGA,working_age,Medium,2078,81745
weo-2024-10,UGA,working_age,Medium,2079,82264
weo-2024-10,UGA,working_age,Medium,2080,82757
weo-2024-10,UGA,working_age,Medium,2081,83221
weo-2024-10,UGA,working_age,Medium,2082,83655
weo-2024-10,UGA,working_age,Medium,2083,84051
weo-2024-10,UGA,working_age,Medium,2084,84415
weo-2024-10,UGA,working_age,Medium,2085,84743
weo-2024-10,UGA,working_age,Medium,2086,85035
weo-2024-10,UGA,working_age,Medium,2087,85294
weo-2024-10,UGA,working_age,Medium,2088,85526
weo-2024-10,UGA,working_age,Medium,2089,85740
weo-2024-10,UGA,working_age,Medium,2090,85939
weo-2024-10,UGA,working_age,Medium,2091,86129
weo-2024-10,UGA,working_age,Medium,2092,86301
weo-2024-10,UGA,working_age,Medium,2093,86456
weo-2024-10,UGA,working_age,Medium,2094,86603
weo-2024-10,UGA,working_age,Medium,2095,86740
weo-2024-10,UGA,working_age,Medium,2096,86866
weo-2024-10,UGA,working_age,Medium,2097,86979
weo-2024-10,UGA,working_age,Medium,2098,87074
weo-2024-10,UGA,working_age,Medium,2099,87159
weo-2024-10,UGA,working_age,High,2009,15169
weo-2024-10,UGA,working_age,High,2010,15692
weo-2024-10,UGA,working_age,High,2011,16233
weo-2024-10,UGA,working_age,High,2012,16789
weo-2024-10,UGA,working_age,High,2013,17367
weo-2024-10,UGA,working_age,High,2014,18003
weo-2024-10,UGA,working_age,High,2015,18718
weo-2024-10,UGA,working_age,High,2016,19557
weo-2024-10,UGA,working_age,High,2017,20493
weo-2024-10,UGA,working_age,High,2018,21429
weo-2024-10,UGA,working_age,High,2019,22400
weo-2024-10,UGA,working_age,High,2020,23386
weo-2024-10,UGA,working_age,High,2021,24363
weo-2024-10,UGA,working_age,High,2022,25290
weo-2024-10,UGA,working_age,High,2023,26163
weo-2024-10,UGA,working_age,High,2024,27058
weo-2024-10,UGA,working_age,High,2025,27988
weo-2024-10,UGA,working_age,High,2026,28954
weo-2024-10,UGA,working_age,High,2027,29954
weo-2024-10,UGA,working_age,High,2028,30979
weo-2024-10,UGA,working_age,High,2029,32020
weo-2024-10,UGA,working_age,High,2030,33076
weo-2024-10,UGA,working_age,High,2031,34147
weo-2024-10,UGA,working_age,High,2032,35241
weo-2024-10,UGA,working_age,High,2033,36366
weo-2024-10,UGA,working_age,High,2034,37521
weo-2024-10,UGA,working_age,High,2035,38704
weo-2024-10,UGA,working_age,High,2036,39912
weo-2024-10,UGA,working_age,High,2037,41185
weo-2024-10,UGA,working_age,High,2038,42517
weo-2024-10,UGA,working_age,High,2039,43857
weo-2024-10,UGA,working_age,High,2040,45202
weo-2024-10,UGA,working_age,High,2041,46551
weo-2024-10,UGA,working_age,High,2042,47936
weo-2024-10,UGA,working_age,High,2043,49359
weo-2024-10,UGA,working_age,High,2044,50786
weo-2024-10,UGA,working_age,High,2045,52211
weo-2024-10,UGA,working_age,High,2046,53630
weo-2024-10,UGA,working_age,High,2047,55070
weo-2024-10,UGA,working_age,High,2048,56532
weo-2024-10,UGA,working_age,High,2049,57984
weo-2024-10,UGA,working_age,High,2050,59429
weo-2024-10,UGA,working_age,High,2051,60865
weo-2024-10,UGA,working_age,High,2052,62293
weo-2024-10,UGA,working_age,High,2053,63711
weo-2024-10,UGA,working_age,High,2054,65118
weo-2024-10,UGA,working_age,High,2055,66515
weo-2024-10,UGA,working_age,High,2056,67904
weo-2024-10,UGA,working_age,High,2057,69282
weo-2024-10,UGA,working_age,High,2058,70652
weo-2024-10,UGA,working_age,High,2059,72022
weo-2024-10,UGA,working_age,High,2060,73391
weo-2024-10,UGA,working_age,High,2061,74763
weo-2024-10,UGA,working_age,High,2062,76140
weo-2024-10,UGA,working_age,High,2063,77515
weo-2024-10,UGA,working_age,High,2064,78889
weo-2024-10,UGA,working_age,High,2065,80259
weo-2024-10,UGA,working_age,High,2066,81622
weo-2024-10,UGA,working_age,High,2067,82984
weo-2024-10,UGA,working_age,High,2068,84341
weo-2024-10,UGA,working_age,High,2069,85688
weo-2024-10,UGA,working_age,High,2070,87028
weo-2024-10,UGA,working_age,High,2071,88363
weo-2024-10,UGA,working_age,High,2072,89698
weo-2024-10,UGA,working_age,High,2073,91033
weo-2024-10,UGA,working_age,High,2074,92357
weo-2024-10,UGA,working_age,High,2075,93665
weo-2024-10,UGA,working_age,High,2076,94959
weo-2024-10,UGA,working_age,High,2077,96244
weo-2024-10,UGA,working_age,High,2078,97518
weo-2024-10,UGA,working_age,High,2079,98784
weo-2024-10,UGA,working_age,High,2080,100040
weo-2024-10,UGA,working_age,High,2081,101285
weo-2024-10,UGA,working_age,High,2082,102514
weo-2024-10,UGA,working_age,High,2083,103724
weo-2024-10,UGA,working_age,High,2084,104919
weo-2024-10,UGA,working_age,High,2085,106096
weo-2024-10,UGA,working_age,High,2086,107253
weo-2024-10,UGA,working_age,High,2087,108357
weo-2024-10,UGA,working_age,High,2088,109417
weo-2024-10,UGA,working_age,High,2089,110472
weo-2024-10,UGA,working_age,High,2090,111530
weo-2024-10,UGA,working_age,High,2091,112595
weo-2024-10,UGA,working_age,High,2092,113633
weo-2024-10,UGA,working_age,High,2093,114645
weo-2024-10,UGA,working_age,High,2094,115665
weo-2024-10,UGA,working_age,High,2095,116691
weo-2024-10,UGA,working_age,High,2096,117720
weo-2024-10,UGA,working_age,High,2097,118732
weo-2024-10,UGA,working_age,High,2098,119720
weo-2024-10,UGA,working_age,High,2099,120712
weo-2024-10,UGA,total,Low,2009,31413
weo-2024-10,UGA,total,Low,2010,32342
weo-2024-10,UGA,total,Low,2011,33296
weo-2024-10,UGA,total,Low,2012,34273
weo-2024-10,UGA,total,Low,2013,35274
weo-2024-10,UGA,total,Low,2014,36337
weo-2024-10,UGA,total,Low,2015,37477
weo-2024-10,UGA,total,Low,2016,38748
weo-2024-10,UGA,total,Low,2017,40127
weo-2024-10,UGA,total,Low,2018,41515
weo-2024-10,UGA,total,Low,2019,42949
weo-2024-10,UGA,total,Low,2020,44405
weo-2024-10,UGA,total,Low,2021,45854
weo-2024-10,UGA,total,Low,2022,47203
weo-2024-10,UGA,total,Low,2023,48441
weo-2024-10,UGA,total,Low,2024,49685
weo-2024-10,UGA,total,Low,2025,50945
weo-2024-10,UGA,total,Low,2026,52225
weo-2024-10,UGA,total,Low,2027,53491
weo-2024-10,UGA,total,Low,2028,54740
weo-2024-10,UGA,total,Low,2029,55995
weo-2024-10,UGA,total,Low,2030,57249
weo-2024-10,UGA,total,Low,2031,58500
weo-2024-10,UGA,total,Low,2032,59725
weo-2024-10,UGA,total,Low,2033,60924
weo-2024-10,UGA,total,Low,2034,62118
weo-2024-10,UGA,total,Low,2035,63312
weo-2024-10,UGA,total,Low,2036,64505
weo-2024-10,UGA,total,Low,2037,65695
weo-2024-10,UGA,total,Low,2038,66881
weo-2024-10,UGA,total,Low,2039,68054
weo-2024-10,UGA,total,Low,2040,69218
weo-2024-10,UGA,total,Low,2041,70370
weo-2024-10,UGA,total,Low,2042,71506
weo-2024-10,UGA,total,Low,2043,72628
weo-2024-10,UGA,total,Low,2044,73739
weo-2024-10,UGA,total,Low,2045,74837
weo-2024-10,UGA,total,Low,2046,75921
weo-2024-10,UGA,total,Low,2047,76986
weo-2024-10,UGA,total,Low,2048,78028
weo-2024-10,UGA,total,Low,2049,79048
weo-2024-10,UGA,total,Low,2050,80042
weo-2024-10,UGA,total,Low,2051,81008
weo-2024-10,UGA,total,Low,2052,81949
weo-2024-10,UGA,total,Low,2053,82861
weo-2024-10,UGA,total,Low,2054,83741
weo-2024-10,UGA,total,Low,2055,84591
weo-2024-10,UGA,total,Low,2056,85411
weo-2024-10,UGA,total,Low,2057,86206
weo-2024-10,UGA,total,Low,2058,86974
weo-2024-10,UGA,total,Low,2059,87710
weo-2024-10,UGA,total,Low,2060,88410
weo-2024-10,UGA,total,Low,2061,89076
weo-2024-10,UGA,total,Low,2062,89710
weo-2024-10,UGA,total,Low,2063,90309
weo-2024-10,UGA,total,Low,2064,90874
weo-2024-10,UGA,total,Low,2065,91402
weo-2024-10,UGA,total,Low,2066,91895
weo-2024-10,UGA,total,Low,2067,92353
weo-2024-10,UGA,total,Low,2068,92778
weo-2024-10,UGA,total,Low,2069,93172
weo-2024-10,UGA,total,Low,2070,93531
weo-2024-10,UGA,total,Low,2071,93853
weo-2024-10,UGA,total,Low,2072,94136
weo-2024-10,UGA,total,Low,2073,94382
weo-2024-10,UGA,total,Low,2074,94593
weo-2024-10,UGA,total,Low,2075,94772
weo-2024-10,UGA,total,Low,2076,94921
weo-2024-10,UGA,total,Low,2077,95037
weo-2024-10,UGA,total,Low,2078,95120
weo-2024-10,UGA,total,Low,2079,95176
weo-2024-10,UGA,total,Low,2080,95203
weo-2024-10,UGA,total,Low,2081,95198
weo-2024-10,UGA,total,Low,2082,95163
weo-2024-10,UGA,total,Low,2083,95096
weo-2024-10,UGA,total,Low,2084,94999
weo-2024-10,UGA,total,Low,2085,94875
weo-2024-10,UGA,total,Low,2086,94718
weo-2024-10,UGA,total,Low,2087,94530
weo-2024-10,UGA,total,Low,2088,94313
weo-2024-10,UGA,total,Low,2089,94067
weo-2024-10,UGA,total,Low,2090,93792
weo-2024-10,UGA,total,Low,2091,93491
weo-2024-10,UGA,total,Low,2092,93165
weo-2024-10,UGA,total,Low,2093,92811
weo-2024-10,UGA,total,Low,2094,92430
weo-2024-10,UGA,total,Low,2095,92030
weo-2024-10,UGA,total,Low,2096,91605
weo-2024-10,UGA,total,Low,2097,91153
weo-2024-10,UGA,total,Low,2098,90681
weo-2024-10,UGA,total,Low,2099,90191
weo-2024-10,UGA,total,Medium,2009,31413
weo-2024-10,UGA,total,Medium,2010,32342
weo-2024-10,UGA,total,Medium,2011,33296
weo-2024-10,UGA,total,Medium,2012,34273
weo-2024-10,UGA,total,Medium,2013,35274
weo-2024-10,UGA,total,Medium,2014,36337
weo-2024-10,UGA,total,Medium,2015,37477
weo-2024-10,UGA,total,Medium,2016,38748
weo-2024-10,UGA,total,Medium,2017,40127
weo-2024-10,UGA,total,Medium,2018,41515
weo-2024-10,UGA,total,Medium,2019,42949
weo-2024-10,UGA,total,Medium,2020,44405
weo-2024-10,UGA,total,Medium,2021,45854
weo-2024-10,UGA,total,Medium,2022,47250
weo-2024-10,UGA,total,Medium,2023,48582
weo-2024-10,UGA,total,Medium,2024,49924
weo-2024-10,UGA,total,Medium,2025,51285
weo-2024-10,UGA,total,Medium,2026,52668
weo-2024-10,UGA,total,Medium,2027,54074
weo-2024-10,UGA,total,Medium,2028,55501
weo-2024-10,UGA,total,Medium,2029,56938
weo-2024-10,UGA,total,Medium,2030,58380
weo-2024-10,UGA,total,Medium,2031,59824
weo-2024-10,UGA,total,Medium,2032,61273
weo-2024-10,UGA,total,Medium,2033,62729
weo-2024-10,UGA,total,Medium,2034,64185
weo-2024-10,UGA,total,Medium,2035,65648
weo-2024-10,UGA,total,Medium,2036,67117
weo-2024-10,UGA,total,Medium,2037,68590
weo-2024-10,UGA,total,Medium,2038,70067
weo-2024-10,UGA,total,Medium,2039,71541
weo-2024-10,UGA,total,Medium,2040,73015
weo-2024-10,UGA,total,Medium,2041,74486
weo-2024-10,UGA,total,Medium,2042,75954
weo-2024-10,UGA,total,Medium,2043,77420
weo-2024-10,UGA,total,Medium,2044,78887
weo-2024-10,UGA,total,Medium,2045,80355
weo-2024-10,UGA,total,Medium,2046,81822
weo-2024-10,UGA,total,Medium,2047,83284
weo-2024-10,UGA,total,Medium,2048,84739
weo-2024-10,UGA,total,Medium,2049,86185
weo-2024-10,UGA,total,Medium,2050,87622
weo-2024-10,UGA,total,Medium,2051,89045
weo-2024-10,UGA,total,Medium,2052,90459
weo-2024-10,UGA,total,Medium,2053,91859
weo-2024-10,UGA,total,Medium,2054,93240
weo-2024-10,UGA,total,Medium,2055,94607
weo-2024-10,UGA,total,Medium,2056,95957
weo-2024-10,UGA,total,Medium,2057,97297
weo-2024-10,UGA,total,Medium,2058,98623
weo-2024-10,UGA,total,Medium,2059,99929
weo-2024-10,UGA,total,Medium,2060,101213
weo-2024-10,UGA,total,Medium,2061,102474
weo-2024-10,UGA,total,Medium,2062,103715
weo-2024-10,UGA,total,Medium,2063,104930
weo-2024-10,UGA,total,Medium,2064,106123
weo-2024-10,UGA,total,Medium,2065,107288
weo-2024-10,UGA,total,Medium,2066,108427
weo-2024-10,UGA,total,Medium,2067,109542
weo-2024-10,UGA,total,Medium,2068,110632
weo-2024-10,UGA,total,Medium,2069,111702
weo-2024-10,UGA,total,Medium,2070,112745
weo-2024-10,UGA,total,Medium,2071,113759
weo-2024-10,UGA,total,Medium,2072,114741
weo-2024-10,UGA,total,Medium,2073,115695
weo-2024-10,UGA,total,Medium,2074,116620
weo-2024-10,UGA,total,Medium,2075,117522
weo-2024-10,UGA,total,Medium,2076,118404
weo-2024-10,UGA,total,Medium,2077,119259
weo-2024-10,UGA,total,Medium,2078,120088
weo-2024-10,UGA,total,Medium,2079,120899
weo-2024-10,UGA,total,Medium,2080,121688
weo-2024-10,UGA,total,Medium,2081,122452
weo-2024-10,UGA,total,Medium,2082,123192
weo-2024-10,UGA,total,Medium,2083,123906
weo-2024-10,UGA,total,Medium,2084,124596
weo-2024-10,UGA,total,Medium,2085,125264
weo-2024-10,UGA,total,Medium,2086,125903
weo-2024-10,UGA,total,Medium,2087,126514
weo-2024-10,UGA,total,Medium,2088,127099
weo-2024-10,UGA,total,Medium,2089,127657
weo-2024-10,UGA,total,Medium,2090,128187
weo-2024-10,UGA,total,Medium,2091,128695
weo-2024-10,UGA,total,Medium,2092,129179
weo-2024-10,UGA,total,Medium,2093,129633
weo-2024-10,UGA,total,Medium,2094,130061
weo-2024-10,UGA,total,Medium,2095,130470
weo-2024-10,UGA,total,Medium,2096,130852
weo-2024-10,UGA,total,Medium,2097,131203
weo-2024-10,UGA,total,Medium,2098,131531
weo-2024-10,UGA,total,Medium,2099,131840
weo-2024-10,UGA,total,High,2009,31413
weo-2024-10,UGA,total,High,2010,32342
weo-2024-10,UGA,total,High,2011,33296
weo-2024-10,UGA,total,High,2012,34273
weo-2024-10,UGA,total,High,2013,35274
weo-2024-10,UGA,total,High,2014,36337
weo-2024-10,UGA,total,High,2015,37477
weo-2024-10,UGA,total,High,2016,38748
weo-2024-10,UGA,total,High,2017,40127
weo-2024-10,UGA,total,High,2018,41515
weo-2024-10,UGA,total,High,2019,42949
weo-2024-10,UGA,total,High,2020,44405
weo-2024-10,UGA,total,High,2021,45854
weo-2024-10,UGA,total,High,2022,47296
weo-2024-10,UGA,total,High,2023,48724
weo-2024-10,UGA,total,High,2024,50163
weo-2024-10,UGA,total,High,2025,51624
weo-2024-10,UGA,total,High,2026,53111
weo-2024-10,UGA,total,High,2027,54658
weo-2024-10,UGA,total,High,2028,56262
weo-2024-10,UGA,total,High,2029,57882
weo-2024-10,UGA,total,High,2030,59513
weo-2024-10,UGA,total,High,2031,61151
weo-2024-10,UGA,total,High,2032,62825
weo-2024-10,UGA,total,High,2033,64537
weo-2024-10,UGA,total,High,2034,66257
weo-2024-10,UGA,total,High,2035,67990
weo-2024-10,UGA,total,High,2036,69737
weo-2024-10,UGA,total,High,2037,71496
weo-2024-10,UGA,total,High,2038,73266
weo-2024-10,UGA,total,High,2039,75044
weo-2024-10,UGA,total,High,2040,76832
weo-2024-10,UGA,total,High,2041,78631
weo-2024-10,UGA,total,High,2042,80440
weo-2024-10,UGA,total,High,2043,82261
weo-2024-10,UGA,total,High,2044,84100
weo-2024-10,UGA,total,High,2045,85956
weo-2024-10,UGA,total,High,2046,87830
weo-2024-10,UGA,total,High,2047,89719
weo-2024-10,UGA,total,High,2048,91619
weo-2024-10,UGA,total,High,2049,93532
weo-2024-10,UGA,total,High,2050,95455
weo-2024-10,UGA,total,High,2051,97386
weo-2024-10,UGA,total,High,2052,99330
weo-2024-10,UGA,total,High,2053,101281
weo-2024-10,UGA,total,High,2054,103235
weo-2024-10,UGA,total,High,2055,105195
weo-2024-10,UGA,total,High,2056,107159
weo-2024-10,UGA,total,High,2057,109133
weo-2024-10,UGA,total,High,2058,111114
weo-2024-10,UGA,total,High,2059,113096
weo-2024-10,UGA,total,High,2060,115074
weo-2024-10,UGA,total,High,2061,117047
weo-2024-10,UGA,total,High,2062,119019
weo-2024-10,UGA,total,High,2063,120984
weo-2024-10,UGA,total,High,2064,122944
weo-2024-10,UGA,total,High,2065,124894
weo-2024-10,UGA,total,High,2066,126836
weo-2024-10,UGA,total,High,2067,128772
weo-2024-10,UGA,total,High,2068,130702
weo-2024-10,UGA,total,High,2069,132631
weo-2024-10,UGA,total,High,2070,134553
weo-2024-10,UGA,total,High,2071,136463
weo-2024-10,UGA,total,High,2072,138361
weo-2024-10,UGA,total,High,2073,140248
weo-2024-10,UGA,total,High,2074,142125
weo-2024-10,UGA,total,High,2075,143999
weo-2024-10,UGA,total,High,2076,145874
weo-2024-10,UGA,total,High,2077,147742
weo-2024-10,UGA,total,High,2078,149604
weo-2024-10,UGA,total,High,2079,151469
weo-2024-10,UGA,total,High,2080,153334
weo-2024-10,UGA,total,High,2081,155192
weo-2024-10,UGA,total,High,2082,157047
weo-2024-10,UGA,total,High,2083,158893
weo-2024-10,UGA,total,High,2084,160735
weo-2024-10,UGA,total,High,2085,162575
weo-2024-10,UGA,total,High,2086,164403
weo-2024-10,UGA,total,High,2087,166217
weo-2024-10,UGA,total,High,2088,168024
weo-2024-10,UGA,total,High,2089,169818
weo-2024-10,UGA,total,High,2090,171601
weo-2024-10,UGA,total,High,2091,173378
weo-2024-10,UGA,total,High,2092,175148
weo-2024-10,UGA,total,High,2093,176899
weo-2024-10,UGA,total,High,2094,178638
weo-2024-10,UGA,total,High,2095,180374
weo-2024-10,UGA,total,High,2096,182096
weo-2024-10,UGA,total,High,2097,183798
weo-2024-10,UGA,total,High,2098,185490
weo-2024-10,UGA,total,High,2099,187176
weo-2024-10,KEN,working_age,Low,2009,21975
weo-2024-10,KEN,working_age,Low,2010,22669
weo-2024-10,KEN,working_age,Low,2011,23357
weo-2024-10,KEN,working_age,Low,2012,24049
weo-2024-10,KEN,working_age,Low,2013,24755
weo-2024-10,KEN,working_age,Low,2014,25471
weo-2024-10,KEN,working_age,Low,2015,26203
weo-2024-10,KEN,working_age,Low,2016,26981
weo-2024-10,KEN,working_age,Low,2017,27788
weo-2024-10,KEN,working_age,Low,2018,28586
weo-2024-10,KEN,working_age,Low,2019,29403
weo-2024-10,KEN,working_age,Low,2020,30268
weo-2024-10,KEN,working_age,Low,2021,31147
weo-2024-10,KEN,working_age,Low,2022,32047
weo-2024-10,KEN,working_age,Low,2023,32990
weo-2024-10,KEN,working_age,Low,2024,33950
weo-2024-10,KEN,working_age,Low,2025,34900
weo-2024-10,KEN,working_age,Low,2026,35825
weo-2024-10,KEN,working_age,Low,2027,36725
weo-2024-10,KEN,working_age,Low,2028,37604
weo-2024-10,KEN,working_age,Low,2029,38462
weo-2024-10,KEN,working_age,Low,2030,39314
weo-2024-10,KEN,working_age,Low,2031,40168
weo-2024-10,KEN,working_age,Low,2032,41018
weo-2024-10,KEN,working_age,Low,2033,41855
weo-2024-10,KEN,working_age,Low,2034,42683
weo-2024-10,KEN,working_age,Low,2035,43511
weo-2024-10,KEN,working_age,Low,2036,44337
weo-2024-10,KEN,working_age,Low,2037,45117
weo-2024-10,KEN,working_age,Low,2038,45854
weo-2024-10,KEN,working_age,Low,2039,46590
weo-2024-10,KEN,working_age,Low,2040,47326
weo-2024-10,KEN,working_age,Low,2041,48061
weo-2024-10,KEN,working_age,Low,2042,48760
weo-2024-10,KEN,working_age,Low,2043,49420
weo-2024-10,KEN,working_age,Low,2044,50073
weo-2024-10,KEN,working_age,Low,2045,50718
weo-2024-10,KEN,working_age,Low,2046,51354
weo-2024-10,KEN,working_age,Low,2047,51951
weo-2024-10,KEN,working_age,Low,2048,52507
weo-2024-10,KEN,working_age,Low,2049,53046
weo-2024-10,KEN,working_age,Low,2050,53565
weo-2024-10,KEN,working_age,Low,2051,54058
weo-2024-10,KEN,working_age,Low,2052,54526
weo-2024-10,KEN,working_age,Low,2053,54979
weo-2024-10,KEN,working_age,Low,2054,55416
weo-2024-10,KEN,working_age,Low,2055,55830
weo-2024-10,KEN,working_age,Low,2056,56227
weo-2024-10,KEN,working_age,Low,2057,56603
weo-2024-10,KEN,working_age,Low,2058,56956
weo-2024-10,KEN,working_age,Low,2059,57285
weo-2024-10,KEN,working_age,Low,2060,57586
weo-2024-10,KEN,working_age,Low,2061,57855
weo-2024-10,KEN,working_age,Low,2062,58089
weo-2024-10,KEN,working_age,Low,2063,58284
weo-2024-10,KEN,working_age,Low,2064,58439
weo-2024-10,KEN,working_age,Low,2065,58554
weo-2024-10,KEN,working_age,Low,2066,58621
weo-2024-10,KEN,working_age,Low,2067,58646
weo-2024-10,KEN,working_age,Low,2068,58631
weo-2024-10,KEN,working_age,Low,2069,58578
weo-2024-10,KEN,working_age,Low,2070,58487
weo-2024-10,KEN,working_age,Low,2071,58356
weo-2024-10,KEN,working_age,Low,2072,58184
weo-2024-10,KEN,working_age,Low,2073,57976
weo-2024-10,KEN,working_age,Low,2074,57743
weo-2024-10,KEN,working_age,Low,2075,57496
weo-2024-10,KEN,working_age,Low,2076,57241
weo-2024-10,KEN,working_age,Low,2077,56980
weo-2024-10,KEN,working_age,Low,2078,56715
weo-2024-10,KEN,working_age,Low,2079,56443
weo-2024-10,KEN,working_age,Low,2080,56153
weo-2024-10,KEN,working_age,Low,2081,55840
weo-2024-10,KEN,working_age,Low,2082,55510
weo-2024-10,KEN,working_age,Low,2083,55168
weo-2024-10,KEN,working_age,Low,2084,54813
weo-2024-10,KEN,working_age,Low,2085,54438
weo-2024-10,KEN,working_age,Low,2086,54040
weo-2024-10,KEN,working_age,Low,2087,53653
weo-2024-10,KEN,working_age,Low,2088,53277
weo-2024-10,KEN,working_age,Low,2089,52880
weo-2024-10,KEN,working_age,Low,2090,52458
weo-2024-10,KEN,working_age,Low,2091,52011
weo-2024-10,KEN,working_age,Low,2092,51566
weo-2024-10,KEN,working_age,Low,2093,51127
weo-2024-10,KEN,working_age,Low,2094,50668
weo-2024-10,KEN,working_age,Low,2095,50188
weo-2024-10,KEN,working_age,Low,2096,49690
weo-2024-10,KEN,working_age,Low,2097,49196
weo-2024-10,KEN,working_age,Low,2098,48709
weo-2024-10,KEN,working_age,Low,2099,48210
weo-2024-10,KEN,working_age,Medium,2009,21975
weo-2024-10,KEN,working_age,Medium,2010,22669
weo-2024-10,KEN,working_age,Medium,2011,23357
weo-2024-10,KEN,working_age,Medium,2012,24049
weo-2024-10,KEN,working_age,Medium,2013,24755
weo-2024-10,KEN,working_age,Medium,2014,25471
weo-2024-10,KEN,working_age,Medium,2015,26203
weo-2024-10,KEN,working_age,Medium,2016,26981
weo-2024-10,KEN,working_age,Medium,2017,27788
weo-2024-10,KEN,working_age,Medium,2018,28586
weo-2024-10,KEN,working_age,Medium,2019,29403
weo-2024-10,KEN,working_age,Medium,2020,30268
weo-2024-10,KEN,working_age,Medium,2021,31147
weo-2024-10,KEN,working_age,Medium,2022,32047
weo-2024-10,KEN,working_age,Medium,2023,32990
weo-2024-10,KEN,working_age,Medium,2024,33950
weo-2024-10,KEN,working_age,Medium,2025,34900
weo-2024-10,KEN,working_age,Medium,2026,35825
weo-2024-10,KEN,working_age,Medium,2027,36725
weo-2024-10,KEN,working_age,Medium,2028,37604
weo-2024-10,KEN,working_age,Medium,2029,38462
weo-2024-10,KEN,working_age,Medium,2030,39314
weo-2024-10,KEN,working_age,Medium,2031,40168
weo-2024-10,KEN,working_age,Medium,2032,41018
weo-2024-10,KEN,working_age,Medium,2033,41855
weo-2024-10,KEN,working_age,Medium,2034,42683
weo-2024-10,KEN,working_age,Medium,2035,43511
weo-2024-10,KEN,working_age,Medium,2036,44337
weo-2024-10,KEN,working_age,Medium,2037,45171
weo-2024-10,KEN,working_age,Medium,2038,46017
weo-2024-10,KEN,working_age,Medium,2039,46866
weo-2024-10,KEN,working_age,Medium,2040,47717
weo-2024-10,KEN,working_age,Medium,2041,48570
weo-2024-10,KEN,working_age,Medium,2042,49428
weo-2024-10,KEN,working_age,Medium,2043,50288
weo-2024-10,KEN,working_age,Medium,2044,51145
weo-2024-10,KEN,working_age,Medium,2045,52000
weo-2024-10,KEN,working_age,Medium,2046,52849
weo-2024-10,KEN,working_age,Medium,2047,53691
weo-2024-10,KEN,working_age,Medium,2048,54524
weo-2024-10,KEN,working_age,Medium,2049,55345
weo-2024-10,KEN,working_age,Medium,2050,56149
weo-2024-10,KEN,working_age,Medium,2051,56932
weo-2024-10,KEN,working_age,Medium,2052,57692
weo-2024-10,KEN,working_age,Medium,2053,58442
weo-2024-10,KEN,working_age,Medium,2054,59178
weo-2024-10,KEN,working_age,Medium,2055,59896
weo-2024-10,KEN,working_age,Medium,2056,60601
weo-2024-10,KEN,working_age,Medium,2057,61291
weo-2024-10,KEN,working_age,Medium,2058,61965
weo-2024-10,KEN,working_age,Medium,2059,62623
weo-2024-10,KEN,working_age,Medium,2060,63261
weo-2024-10,KEN,working_age,Medium,2061,63876
weo-2024-10,KEN,working_age,Medium,2062,64468
weo-2024-10,KEN,working_age,Medium,2063,65032
weo-2024-10,KEN,working_age,Medium,2064,65569
weo-2024-10,KEN,working_age,Medium,2065,66078
weo-2024-10,KEN,working_age,Medium,2066,66554
weo-2024-10,KEN,working_age,Medium,2067,67001
weo-2024-10,KEN,working_age,Medium,2068,67422
weo-2024-10,KEN,working_age,Medium,2069,67819
weo-2024-10,KEN,working_age,Medium,2070,68191
weo-2024-10,KEN,working_age,Medium,2071,68538
weo-2024-10,KEN,working_age,Medium,2072,68855
weo-2024-10,KEN,working_age,Medium,2073,69149
weo-2024-10,KEN,working_age,Medium,2074,69427
weo-2024-10,KEN,working_age,Medium,2075,69699
weo-2024-10,KEN,working_age,Medium,2076,69971
weo-2024-10,KEN,working_age,Medium,2077,70245
weo-2024-10,KEN,working_age,Medium,2078,70521
weo-2024-10,KEN,working_age,Medium,2079,70797
weo-2024-10,KEN,working_age,Medium,2080,71058
weo-2024-10,KEN,working_age,Medium,2081,71300
weo-2024-10,KEN,working_age,Medium,2082,71529
weo-2024-10,KEN,working_age,Medium,2083,71749
weo-2024-10,KEN,working_age,Medium,2084,71960
weo-2024-10,KEN,working_age,Medium,2085,72152
weo-2024-10,KEN,working_age,Medium,2086,72323
weo-2024-10,KEN,working_age,Medium,2087,72468
weo-2024-10,KEN,working_age,Medium,2088,72586
weo-2024-10,KEN,working_age,Medium,2089,72685
weo-2024-10,KEN,working_age,Medium,2090,72759
weo-2024-10,KEN,working_age,Medium,2091,72809
weo-2024-10,KEN,working_age,Medium,2092,72836
weo-2024-10,KEN,working_age,Medium,2093,72842
weo-2024-10,KEN,working_age,Medium,2094,72830
weo-2024-10,KEN,working_age,Medium,2095,72798
weo-2024-10,KEN,working_age,Medium,2096,72750
weo-2024-10,KEN,working_age,Medium,2097,72687
weo-2024-10,KEN,working_age,Medium,2098,72611
weo-2024-10,KEN,working_age,Medium,2099,72527
weo-2024-10,KEN,working_age,High,2009,21975
weo-2024-10,KEN,working_age,High,2010,22669
weo-2024-10,KEN,working_age,High,2011,23357
weo-2024-10,KEN,working_age,High,2012,24049
weo-2024-10,KEN,working_age,High,2013,24755
weo-2024-10,KEN,working_age,High,2014,25471
weo-2024-10,KEN,working_age,High,2015,26203
weo-2024-10,KEN,working_age,High,2016,26981
weo-2024-10,KEN,working_age,High,2017,27788
weo-2024-10,KEN,working_age,High,2018,28586
weo-2024-10,KEN,working_age,High,2019,29403
weo-2024-10,KEN,working_age,High,2020,30268
weo-2024-10,KEN,working_age,High,2021,31147
weo-2024-10,KEN,working_age,High,2022,32047
weo-2024-10,KEN,working_age,High,2023,32990
weo-2024-10,KEN,working_age,High,2024,33950
weo-2024-10,KEN,working_age,High,2025,34900
weo-2024-10,KEN,working_age,High,2026,35825
weo-2024-10,KEN,working_age,High,2027,36725
weo-2024-10,KEN,working_age,High,2028,37604
weo-2024-10,KEN,working_age,High,2029,38462
weo-2024-10,KEN,working_age,High,2030,39314
weo-2024-10,KEN,working_age,High,2031,40168
weo-2024-10,KEN,working_age,High,2032,41018
weo-2024-10,KEN,working_age,High,2033,41855
weo-2024-10,KEN,working_age,High,2034,42683
weo-2024-10,KEN,working_age,High,2035,43511
weo-2024-10,KEN,working_age,High,2036,44337
weo-2024-10,KEN,working_age,High,2037,45225
weo-2024-10,KEN,working_age,High,2038,46180
weo-2024-10,KEN,working_age,High,2039,47142
weo-2024-10,KEN,working_age,High,2040,48108
weo-2024-10,KEN,working_age,High,2041,49080
weo-2024-10,KEN,working_age,High,2042,50097
weo-2024-10,KEN,working_age,High,2043,51156
weo-2024-10,KEN,working_age,High,2044,52219
weo-2024-10,KEN,working_age,High,2045,53283
weo-2024-10,KEN,working_age,High,2046,54346
weo-2024-10,KEN,working_age,High,2047,55435
weo-2024-10,KEN,working_age,High,2048,56546
weo-2024-10,KEN,working_age,High,2049,57649
weo-2024-10,KEN,working_age,High,2050,58740
weo-2024-10,KEN,working_age,High,2051,59813
weo-2024-10,KEN,working_age,High,2052,60868
weo-2024-10,KEN,working_age,High,2053,61915
weo-2024-10,KEN,working_age,High,2054,62953
weo-2024-10,KEN,working_age,High,2055,63978
weo-2024-10,KEN,working_age,High,2056,64994
weo-2024-10,KEN,working_age,High,2057,66004
weo-2024-10,KEN,working_age,High,2058,67008
weo-2024-10,KEN,working_age,High,2059,68005
weo-2024-10,KEN,working_age,High,2060,68996
weo-2024-10,KEN,working_age,High,2061,69978
weo-2024-10,KEN,working_age,High,2062,70953
weo-2024-10,KEN,working_age,High,2063,71917
weo-2024-10,KEN,working_age,High,2064,72873
weo-2024-10,KEN,working_age,High,2065,73821
weo-2024-10,KEN,working_age,High,2066,74757
weo-2024-10,KEN,working_age,High,2067,75685
weo-2024-10,KEN,working_age,High,2068,76609
weo-2024-10,KEN,working_age,High,2069,77531
weo-2024-10,KEN,working_age,High,2070,78450
weo-2024-10,KEN,working_age,High,2071,79365
weo-2024-10,KEN,working_age,High,2072,80269
weo-2024-10,KEN,working_age,High,2073,81169
weo-2024-10,KEN,working_age,High,2074,82069
weo-2024-10,KEN,working_age,High,2075,82978
weo-2024-10,KEN,working_age,High,2076,83901
weo-2024-10,KEN,working_age,High,2077,84838
weo-2024-10,KEN,working_age,High,2078,85789
weo-2024-10,KEN,working_age,High,2079,86751
weo-2024-10,KEN,working_age,High,2080,87708
weo-2024-10,KEN,working_age,High,2081,88655
weo-2024-10,KEN,working_age,High,2082,89599
weo-2024-10,KEN,working_age,High,2083,90543
weo-2024-10,KEN,working_age,High,2084,91487
weo-2024-10,KEN,working_age,High,2085,92421
weo-2024-10,KEN,working_age,High,2086,93346
weo-2024-10,KEN,working_age,High,2087,94215
weo-2024-10,KEN,working_age,High,2088,95029
weo-2024-10,KEN,working_age,High,2089,95835
weo-2024-10,KEN,working_age,High,2090,96628
weo-2024-10,KEN,working_age,High,2091,97411
weo-2024-10,KEN,working_age,High,2092,98155
weo-2024-10,KEN,working_age,High,2093,98867
weo-2024-10,KEN,working_age,High,2094,99573
weo-2024-10,KEN,working_age,High,2095,100274
weo-2024-10,KEN,working_age,High,2096,100975
weo-2024-10,KEN,working_age,High,2097,101654
weo-2024-10,KEN,working_age,High,2098,102316
weo-2024-10,KEN,working_age,High,2099,102982
weo-2024-10,KEN,total,Low,2009,40364
weo-2024-10,KEN,total,Low,2010,41518
weo-2024-10,KEN,total,Low,2011,42635
weo-2024-10,KEN,total,Low,2012,43726
weo-2024-10,KEN,total,Low,2013,44792
weo-2024-10,KEN,total,Low,2014,45832
weo-2024-10,KEN,total,Low,2015,46851
weo-2024-10,KEN,total,Low,2016,47895
weo-2024-10,KEN,total,Low,2017,48948
weo-2024-10,KEN,total,Low,2018,49953
weo-2024-10,KEN,total,Low,2019,50951
weo-2024-10,KEN,total,Low,2020,51986
weo-2024-10,KEN,total,Low,2021,53006
weo-2024-10,KEN,total,Low,2022,53972
weo-2024-10,KEN,total,Low,2023,54934
weo-2024-10,KEN,total,Low,2024,55922
weo-2024-10,KEN,total,Low,2025,56926
weo-2024-10,KEN,total,Low,2026,57940
weo-2024-10,KEN,total,Low,2027,58926
weo-2024-10,KEN,total,Low,2028,59882
weo-2024-10,KEN,total,Low,2029,60842
weo-2024-10,KEN,total,Low,2030,61804
weo-2024-10,KEN,total,Low,2031,62769
weo-2024-10,KEN,total,Low,2032,63706
weo-2024-10,KEN,total,Low,2033,64610
weo-2024-10,KEN,total,Low,2034,65509
weo-2024-10,KEN,total,Low,2035,66398
weo-2024-10,KEN,total,Low,2036,67272
weo-2024-10,KEN,total,Low,2037,68131
weo-2024-10,KEN,total,Low,2038,68981
weo-2024-10,KEN,total,Low,2039,69816
weo-2024-10,KEN,total,Low,2040,70631
weo-2024-10,KEN,total,Low,2041,71425
weo-2024-10,KEN,total,Low,2042,72199
weo-2024-10,KEN,total,Low,2043,72950
weo-2024-10,KEN,total,Low,2044,73679
weo-2024-10,KEN,total,Low,2045,74386
weo-2024-10,KEN,total,Low,2046,75069
weo-2024-10,KEN,total,Low,2047,75727
weo-2024-10,KEN,total,Low,2048,76359
weo-2024-10,KEN,total,Low,2049,76965
weo-2024-10,KEN,total,Low,2050,77544
weo-2024-10,KEN,total,Low,2051,78094
weo-2024-10,KEN,total,Low,2052,78617
weo-2024-10,KEN,total,Low,2053,79111
weo-2024-10,KEN,total,Low,2054,79578
weo-2024-10,KEN,total,Low,2055,80022
weo-2024-10,KEN,total,Low,2056,80441
weo-2024-10,KEN,total,Low,2057,80834
weo-2024-10,KEN,total,Low,2058,81201
weo-2024-10,KEN,total,Low,2059,81541
weo-2024-10,KEN,total,Low,2060,81852
weo-2024-10,KEN,total,Low,2061,82133
weo-2024-10,KEN,total,Low,2062,82387
weo-2024-10,KEN,total,Low,2063,82618
weo-2024-10,KEN,total,Low,2064,82823
weo-2024-10,KEN,total,Low,2065,83002
weo-2024-10,KEN,total,Low,2066,83156
weo-2024-10,KEN,total,Low,2067,83285
weo-2024-10,KEN,total,Low,2068,83388
weo-2024-10,KEN,total,Low,2069,83468
weo-2024-10,KEN,total,Low,2070,83522
weo-2024-10,KEN,total,Low,2071,83549
weo-2024-10,KEN,total,Low,2072,83549
weo-2024-10,KEN,total,Low,2073,83526
weo-2024-10,KEN,total,Low,2074,83480
weo-2024-10,KEN,total,Low,2075,83407
weo-2024-10,KEN,total,Low,2076,83309
weo-2024-10,KEN,total,Low,2077,83185
weo-2024-10,KEN,total,Low,2078,83040
weo-2024-10,KEN,total,Low,2079,82871
weo-2024-10,KEN,total,Low,2080,82678
weo-2024-10,KEN,total,Low,2081,82463
weo-2024-10,KEN,total,Low,2082,82228
weo-2024-10,KEN,total,Low,2083,81971
weo-2024-10,KEN,total,Low,2084,81694
weo-2024-10,KEN,total,Low,2085,81397
weo-2024-10,KEN,total,Low,2086,81077
weo-2024-10,KEN,total,Low,2087,80737
weo-2024-10,KEN,total,Low,2088,80378
weo-2024-10,KEN,total,Low,2089,80000
weo-2024-10,KEN,total,Low,2090,79603
weo-2024-10,KEN,total,Low,2091,79186
weo-2024-10,KEN,total,Low,2092,78751
weo-2024-10,KEN,total,Low,2093,78301
weo-2024-10,KEN,total,Low,2094,77834
weo-2024-10,KEN,total,Low,2095,77352
weo-2024-10,KEN,total,Low,2096,76856
weo-2024-10,KEN,total,Low,2097,76350
weo-2024-10,KEN,total,Low,2098,75835
weo-2024-10,KEN,total,Low,2099,75311
weo-2024-10,KEN,total,Medium,2009,40364
weo-2024-10,KEN,total,Medium,2010,41518
weo-2024-10,KEN,total,Medium,2011,42635
weo-2024-10,KEN,total,Medium,2012,43726
weo-2024-10,KEN,total,Medium,2013,44792
weo-2024-10,KEN,total,Medium,2014,45832
weo-2024-10,KEN,total,Medium,2015,46851
weo-2024-10,KEN,total,Medium,2016,47895
weo-2024-10,KEN,total,Medium,2017,48948
weo-2024-10,KEN,total,Medium,2018,49953
weo-2024-10,KEN,total,Medium,2019,50951
weo-2024-10,KEN,total,Medium,2020,51986
weo-2024-10,KEN,total,Medium,2021,53006
weo-2024-10,KEN,total,Medium,2022,54027
weo-2024-10,KEN,total,Medium,2023,55101
weo-2024-10,KEN,total,Medium,2024,56203
weo-2024-10,KEN,total,Medium,2025,57324
weo-2024-10,KEN,total,Medium,2026,58457
weo-2024-10,KEN,total,Medium,2027,59604
weo-2024-10,KEN,total,Medium,2028,60763
weo-2024-10,KEN,total,Medium,2029,61930
weo-2024-10,KEN,total,Medium,2030,63104
weo-2024-10,KEN,total,Medium,2031,64284
weo-2024-10,KEN,total,Medium,2032,65470
weo-2024-10,KEN,total,Medium,2033,66656
weo-2024-10,KEN,total,Medium,2034,67840
weo-2024-10,KEN,total,Medium,2035,69019
weo-2024-10,KEN,total,Medium,2036,70186
weo-2024-10,KEN,total,Medium,2037,71343
weo-2024-10,KEN,total,Medium,2038,72494
weo-2024-10,KEN,total,Medium,2039,73634
weo-2024-10,KEN,total,Medium,2040,74758
weo-2024-10,KEN,total,Medium,2041,75867
weo-2024-10,KEN,total,Medium,2042,76961
weo-2024-10,KEN,total,Medium,2043,78040
weo-2024-10,KEN,total,Medium,2044,79104
weo-2024-10,KEN,total,Medium,2045,80157
weo-2024-10,KEN,total,Medium,2046,81195
weo-2024-10,KEN,total,Medium,2047,82220
weo-2024-10,KEN,total,Medium,2048,83230
weo-2024-10,KEN,total,Medium,2049,84228
weo-2024-10,KEN,total,Medium,2050,85212
weo-2024-10,KEN,total,Medium,2051,86181
weo-2024-10,KEN,total,Medium,2052,87137
weo-2024-10,KEN,total,Medium,2053,88080
weo-2024-10,KEN,total,Medium,2054,89009
weo-2024-10,KEN,total,Medium,2055,89931
weo-2024-10,KEN,total,Medium,2056,90842
weo-2024-10,KEN,total,Medium,2057,91739
weo-2024-10,KEN,total,Medium,2058,92624
weo-2024-10,KEN,total,Medium,2059,93492
weo-2024-10,KEN,total,Medium,2060,94340
weo-2024-10,KEN,total,Medium,2061,95168
weo-2024-10,KEN,total,Medium,2062,95977
weo-2024-10,KEN,total,Medium,2063,96770
weo-2024-10,KEN,total,Medium,2064,97546
weo-2024-10,KEN,total,Medium,2065,98299
weo-2024-10,KEN,total,Medium,2066,99034
weo-2024-10,KEN,total,Medium,2067,99748
weo-2024-10,KEN,total,Medium,2068,100441
weo-2024-10,KEN,total,Medium,2069,101116
weo-2024-10,KEN,total,Medium,2070,101769
weo-2024-10,KEN,total,Medium,2071,102398
weo-2024-10,KEN,total,Medium,2072,103005
weo-2024-10,KEN,total,Medium,2073,103592
weo-2024-10,KEN,total,Medium,2074,104161
weo-2024-10,KEN,total,Medium,2075,104706
weo-2024-10,KEN,total,Medium,2076,105230
weo-2024-10,KEN,total,Medium,2077,105734
weo-2024-10,KEN,total,Medium,2078,106221
weo-2024-10,KEN,total,Medium,2079,106689
weo-2024-10,KEN,total,Medium,2080,107137
weo-2024-10,KEN,total,Medium,2081,107570
weo-2024-10,KEN,total,Medium,2082,107986
weo-2024-10,KEN,total,Medium,2083,108386
weo-2024-10,KEN,total,Medium,2084,108769
weo-2024-10,KEN,total,Medium,2085,109136
weo-2024-10,KEN,total,Medium,2086,109484
weo-2024-10,KEN,total,Medium,2087,109812
weo-2024-10,KEN,total,Medium,2088,110124
weo-2024-10,KEN,total,Medium,2089,110420
weo-2024-10,KEN,total,Medium,2090,110697
weo-2024-10,KEN,total,Medium,2091,110953
weo-2024-10,KEN,total,Medium,2092,111190
weo-2024-10,KEN,total,Medium,2093,111411
weo-2024-10,KEN,total,Medium,2094,111613
weo-2024-10,KEN,total,Medium,2095,111798
weo-2024-10,KEN,total,Medium,2096,111966
weo-2024-10,KEN,total,Medium,2097,112122
weo-2024-10,KEN,total,Medium,2098,112267
weo-2024-10,KEN,total,Medium,2099,112402
weo-2024-10,KEN,total,High,2009,40364
weo-2024-10,KEN,total,High,2010,41518
weo-2024-10,KEN,total,High,2011,42635
weo-2024-10,KEN,total,High,2012,43726
weo-2024-10,KEN,total,High,2013,44792
weo-2024-10,KEN,total,High,2014,45832
weo-2024-10,KEN,total,High,2015,46851
weo-2024-10,KEN,total,High,2016,47895
weo-2024-10,KEN,total,High,2017,48948
weo-2024-10,KEN,total,High,2018,49953
weo-2024-10,KEN,total,High,2019,50951
weo-2024-10,KEN,total,High,2020,51986
weo-2024-10,KEN,total,High,2021,53006
weo-2024-10,KEN,total,High,2022,54083
weo-2024-10,KEN,total,High,2023,55267
weo-2024-10,KEN,total,High,2024,56484
weo-2024-10,KEN,total,High,2025,57722
weo-2024-10,KEN,total,High,2026,58975
weo-2024-10,KEN,total,High,2027,60283
weo-2024-10,KEN,total,High,2028,61645
weo-2024-10,KEN,total,High,2029,63019
weo-2024-10,KEN,total,High,2030,64406
weo-2024-10,KEN,total,High,2031,65803
weo-2024-10,KEN,total,High,2032,67238
weo-2024-10,KEN,total,High,2033,68706
weo-2024-10,KEN,total,High,2034,70176
weo-2024-10,KEN,total,High,2035,71647
weo-2024-10,KEN,total,High,2036,73109
weo-2024-10,KEN,total,High,2037,74564
weo-2024-10,KEN,total,High,2038,76018
weo-2024-10,KEN,total,High,2039,77465
weo-2024-10,KEN,total,High,2040,78901
weo-2024-10,KEN,total,High,2041,80328
weo-2024-10,KEN,total,High,2042,81749
weo-2024-10,KEN,total,High,2043,83163
weo-2024-10,KEN,total,High,2044,84576
weo-2024-10,KEN,total,High,2045,85988
weo-2024-10,KEN,total,High,2046,87402
weo-2024-10,KEN,total,High,2047,88819
weo-2024-10,KEN,total,High,2048,90239
weo-2024-10,KEN,total,High,2049,91666
weo-2024-10,KEN,total,High,2050,93100
weo-2024-10,KEN,total,High,2051,94540
weo-2024-10,KEN,total,High,2052,95990
weo-2024-10,KEN,total,High,2053,97449
weo-2024-10,KEN,total,High,2054,98917
weo-2024-10,KEN,total,High,2055,100400
weo-2024-10,KEN,total,High,2056,101894
weo-2024-10,KEN,total,High,2057,103396
weo-2024-10,KEN,total,High,2058,104903
weo-2024-10,KEN,total,High,2059,106412
weo-2024-10,KEN,total,High,2060,107917
weo-2024-10,KEN,total,High,2061,109415
weo-2024-10,KEN,total,High,2062,110910
weo-2024-10,KEN,total,High,2063,112401
weo-2024-10,KEN,total,High,2064,113887
weo-2024-10,KEN,total,High,2065,115362
weo-2024-10,KEN,total,High,2066,116829
weo-2024-10,KEN,total,High,2067,118287
weo-2024-10,KEN,total,High,2068,119734
weo-2024-10,KEN,total,High,2069,121174
weo-2024-10,KEN,total,High,2070,122603
weo-2024-10,KEN,total,High,2071,124021
weo-2024-10,KEN,total,High,2072,125430
weo-2024-10,KEN,total,High,2073,126833
weo-2024-10,KEN,total,High,2074,128232
weo-2024-10,KEN,total,High,2075,129623
weo-2024-10,KEN,total,High,2076,131008
weo-2024-10,KEN,total,High,2077,132391
weo-2024-10,KEN,total,High,2078,133774
weo-2024-10,KEN,total,High,2079,135157
weo-2024-10,KEN,total,High,2080,136538
weo-2024-10,KEN,total,High,2081,137922
weo-2024-10,KEN,total,High,2082,139309
weo-2024-10,KEN,total,High,2083,140696
weo-2024-10,KEN,total,High,2084,142084
weo-2024-10,KEN,total,High,2085,143474
weo-2024-10,KEN,total,High,2086,144858
weo-2024-10,KEN,total,High,2087,146236
weo-2024-10,KEN,total,High,2088,147613
weo-2024-10,KEN,total,High,2089,148986
weo-2024-10,KEN,total,High,2090,150351
weo-2024-10,KEN,total,High,2091,151706
weo-2024-10,KEN,total,High,2092,153050
weo-2024-10,KEN,total,High,2093,154387
weo-2024-10,KEN,total,High,2094,155715
weo-2024-10,KEN,total,High,2095,157031
weo-2024-10,KEN,total,High,2096,158339
weo-2024-10,KEN,total,High,2097,159645
weo-2024-10,KEN,total,High,2098,160951
weo-2024-10,KEN,total,High,2099,162254
weo-2024-10,BGD,working_age,Low,2009,90581
weo-2024-10,BGD,working_age,Low,2010,92256
weo-2024-10,BGD,working_age,Low,2011,94117
weo-2024-10,BGD,working_age,Low,2012,96129
weo-2024-10,BGD,working_age,Low,2013,98277
weo-2024-10,BGD,working_age,Low,2014,100454
weo-2024-10,BGD,working_age,Low,2015,102576
weo-2024-10,BGD,working_age,Low,2016,104745
weo-2024-10,BGD,working_age,Low,2017,106942
weo-2024-10,BGD,working_age,Low,2018,108985
weo-2024-10,BGD,working_age,Low,2019,110895
weo-2024-10,BGD,working_age,Low,2020,112816
weo-2024-10,BGD,working_age,Low,2021,114688
weo-2024-10,BGD,working_age,Low,2022,116383
weo-2024-10,BGD,working_age,Low,2023,117964
weo-2024-10,BGD,working_age,Low,2024,119445
weo-2024-10,BGD,working_age,Low,2025,120817
weo-2024-10,BGD,working_age,Low,2026,122083
weo-2024-10,BGD,working_age,Low,2027,123276
weo-2024-10,BGD,working_age,Low,2028,124437
weo-2024-10,BGD,working_age,Low,2029,125572
weo-2024-10,BGD,working_age,Low,2030,126656
weo-2024-10,BGD,working_age,Low,2031,127688
weo-2024-10,BGD,working_age,Low,2032,128636
weo-2024-10,BGD,working_age,Low,2033,129518
weo-2024-10,BGD,working_age,Low,2034,130377
weo-2024-10,BGD,working_age,Low,2035,131194
weo-2024-10,BGD,working_age,Low,2036,131953
weo-2024-10,BGD,working_age,Low,2037,132446
weo-2024-10,BGD,working_age,Low,2038,132692
weo-2024-10,BGD,working_age,Low,2039,132910
weo-2024-10,BGD,working_age,Low,2040,133091
weo-2024-10,BGD,working_age,Low,2041,133217
weo-2024-10,BGD,working_age,Low,2042,133161
weo-2024-10,BGD,working_age,Low,2043,132921
weo-2024-10,BGD,working_age,Low,2044,132604
weo-2024-10,BGD,working_age,Low,2045,132205
weo-2024-10,BGD,working_age,Low,2046,131723
weo-2024-10,BGD,working_age,Low,2047,131077
weo-2024-10,BGD,working_age,Low,2048,130291
weo-2024-10,BGD,working_age,Low,2049,129459
weo-2024-10,BGD,working_age,Low,2050,128561
weo-2024-10,BGD,working_age,Low,2051,127598
weo-2024-10,BGD,working_age,Low,2052,126568
weo-2024-10,BGD,working_age,Low,2053,125477
weo-2024-10,BGD,working_age,Low,2054,124314
weo-2024-10,BGD,working_age,Low,2055,123079
weo-2024-10,BGD,working_age,Low,2056,121808
weo-2024-10,BGD,working_age,Low,2057,120509
weo-2024-10,BGD,working_age,Low,2058,119176
weo-2024-10,BGD,working_age,Low,2059,117779
weo-2024-10,BGD,working_age,Low,2060,116321
weo-2024-10,BGD,working_age,Low,2061,114825
weo-2024-10,BGD,working_age,Low,2062,113245
weo-2024-10,BGD,working_age,Low,2063,111576
weo-2024-10,BGD,working_age,Low,2064,109848
weo-2024-10,BGD,working_age,Low,2065,108057
weo-2024-10,BGD,working_age,Low,2066,106203
weo-2024-10,BGD,working_age,Low,2067,104302
weo-2024-10,BGD,working_age,Low,2068,102365
weo-2024-10,BGD,working_age,Low,2069,100406
weo-2024-10,BGD,working_age,Low,2070,98464
weo-2024-10,BGD,working_age,Low,2071,96550
weo-2024-10,BGD,working_age,Low,2072,94644
weo-2024-10,BGD,working_age,Low,2073,92755
weo-2024-10,BGD,working_age,Low,2074,90905
weo-2024-10,BGD,working_age,Low,2075,89099
weo-2024-10,BGD,working_age,Low,2076,87336
weo-2024-10,BGD,working_age,Low,2077,85590
weo-2024-10,BGD,working_age,Low,2078,83823
weo-2024-10,BGD,working_age,Low,2079,82031
weo-2024-10,BGD,working_age,Low,2080,80229
weo-2024-10,BGD,working_age,Low,2081,78409
weo-2024-10,BGD,working_age,Low,2082,76581
weo-2024-10,BGD,working_age,Low,2083,74735
weo-2024-10,BGD,working_age,Low,2084,72843
weo-2024-10,BGD,working_age,Low,2085,70930
weo-2024-10,BGD,working_age,Low,2086,69007
weo-2024-10,BGD,working_age,Low,2087,67248
weo-2024-10,BGD,working_age,Low,2088,65659
weo-2024-10,BGD,working_age,Low,2089,64060
weo-2024-10,BGD,working_age,Low,2090,62455
weo-2024-10,BGD,working_age,Low,2091,60851
weo-2024-10,BGD,working_age,Low,2092,59352
weo-2024-10,BGD,working_age,Low,2093,57962
weo-2024-10,BGD,working_age,Low,2094,56574
weo-2024-10,BGD,working_age,Low,2095,55196
weo-2024-10,BGD,working_age,Low,2096,53829
weo-2024-10,BGD,working_age,Low,2097,52538
weo-2024-10,BGD,working_age,Low,2098,51327
weo-2024-10,BGD,working_age,Low,2099,50121
weo-2024-10,BGD,working_age,Medium,2009,90581
weo-2024-10,BGD,working_age,Medium,2010,92256
weo-2024-10,BGD,working_age,Medium,2011,94117
weo-2024-10,BGD,working_age,Medium,2012,96129
weo-2024-10,BGD,working_age,Medium,2013,98277
weo-2024-10,BGD,working_age,Medium,2014,100454
weo-2024-10,BGD,working_age,Medium,2015,102576
weo-2024-10,BGD,working_age,Medium,2016,104745
weo-2024-10,BGD,working_age,Medium,2017,106942
weo-2024-10,BGD,working_age,Medium,2018,108985
weo-2024-10,BGD,working_age,Medium,2019,110895
weo-2024-10,BGD,working_age,Medium,2020,112816
weo-2024-10,BGD,working_age,Medium,2021,114688
weo-2024-10,BGD,working_age,Medium,2022,116383
weo-2024-10,BGD,working_age,Medium,2023,117964
weo-2024-10,BGD,working_age,Medium,2024,119445
weo-2024-10,BGD,working_age,Medium,2025,120817
weo-2024-10,BGD,working_age,Medium,2026,122083
weo-2024-10,BGD,working_age,Medium,2027,123276
weo-2024-10,BGD,working_age,Medium,2028,124437
weo-2024-10,BGD,working_age,Medium,2029,125572
weo-2024-10,BGD,working_age,Medium,2030,126656
weo-2024-10,BGD,working_age,Medium,2031,127688
weo-2024-10,BGD,working_age,Medium,2032,128636
weo-2024-10,BGD,working_age,Medium,2033,129518
weo-2024-10,BGD,working_age,Medium,2034,130377
weo-2024-10,BGD,working_age,Medium,2035,131194
weo-2024-10,BGD,working_age,Medium,2036,131953
weo-2024-10,BGD,working_age,Medium,2037,132633
weo-2024-10,BGD,working_age,Medium,2038,133253
weo-2024-10,BGD,working_age,Medium,2039,133848
weo-2024-10,BGD,working_age,Medium,2040,134406
weo-2024-10,BGD,working_age,Medium,2041,134910
weo-2024-10,BGD,working_age,Medium,2042,135346
weo-2024-10,BGD,working_age,Medium,2043,135710
weo-2024-10,BGD,working_age,Medium,2044,135995
weo-2024-10,BGD,working_age,Medium,2045,136195
weo-2024-10,BGD,working_age,Medium,2046,136309
weo-2024-10,BGD,working_age,Medium,2047,136329
weo-2024-10,BGD,working_age,Medium,2048,136278
weo-2024-10,BGD,working_age,Medium,2049,136174
weo-2024-10,BGD,working_age,Medium,2050,135999
weo-2024-10,BGD,working_age,Medium,2051,135753
weo-2024-10,BGD,working_age,Medium,2052,135435
weo-2024-10,BGD,working_age,Medium,2053,135052
weo-2024-10,BGD,working_age,Medium,2054,134595
weo-2024-10,BGD,working_age,Medium,2055,134068
weo-2024-10,BGD,working_age,Medium,2056,133508
weo-2024-10,BGD,working_age,Medium,2057,132928
weo-2024-10,BGD,working_age,Medium,2058,132323
weo-2024-10,BGD,working_age,Medium,2059,131667
weo-2024-10,BGD,working_age,Medium,2060,130963
weo-2024-10,BGD,working_age,Medium,2061,130237
weo-2024-10,BGD,working_age,Medium,2062,129445
weo-2024-10,BGD,working_age,Medium,2063,128583
weo-2024-10,BGD,working_age,Medium,2064,127683
weo-2024-10,BGD,working_age,Medium,2065,126740
weo-2024-10,BGD,working_age,Medium,2066,125754
weo-2024-10,BGD,working_age,Medium,2067,124741
weo-2024-10,BGD,working_age,Medium,2068,123712
weo-2024-10,BGD,working_age,Medium,2069,122678
weo-2024-10,BGD,working_age,Medium,2070,121678
weo-2024-10,BGD,working_age,Medium,2071,120718
weo-2024-10,BGD,working_age,Medium,2072,119777
weo-2024-10,BGD,working_age,Medium,2073,118862
weo-2024-10,BGD,working_age,Medium,2074,117991
weo-2024-10,BGD,working_age,Medium,2075,117171
weo-2024-10,BGD,working_age,Medium,2076,116397
weo-2024-10,BGD,working_age,Medium,2077,115642
weo-2024-10,BGD,working_age,Medium,2078,114866
weo-2024-10,BGD,working_age,Medium,2079,114065
weo-2024-10,BGD,working_age,Medium,2080,113252
weo-2024-10,BGD,working_age,Medium,2081,112420
weo-2024-10,BGD,working_age,Medium,2082,111582
weo-2024-10,BGD,working_age,Medium,2083,110722
weo-2024-10,BGD,working_age,Medium,2084,109817
weo-2024-10,BGD,working_age,Medium,2085,108892
weo-2024-10,BGD,working_age,Medium,2086,107955
weo-2024-10,BGD,working_age,Medium,2087,107010
weo-2024-10,BGD,working_age,Medium,2088,106062
weo-2024-10,BGD,working_age,Medium,2089,105105
weo-2024-10,BGD,working_age,Medium,2090,104146
weo-2024-10,BGD,working_age,Medium,2091,103191
weo-2024-10,BGD,working_age,Medium,2092,102236
weo-2024-10,BGD,working_age,Medium,2093,101287
weo-2024-10,BGD,working_age,Medium,2094,100346
weo-2024-10,BGD,working_age,Medium,2095,99420
weo-2024-10,BGD,working_age,Medium,2096,98513
weo-2024-10,BGD,working_age,Medium,2097,97618
weo-2024-10,BGD,working_age,Medium,2098,96741
weo-2024-10,BGD,working_age,Medium,2099,95876
weo-2024-10,BGD,working_age,High,2009,90581
weo-2024-10,BGD,working_age,High,2010,92256
weo-2024-10,BGD,working_age,High,2011,94117
weo-2024-10,BGD,working_age,High,2012,96129
weo-2024-10,BGD,working_age,High,2013,98277
weo-2024-10,BGD,working_age,High,2014,100454
weo-2024-10,BGD,working_age,High,2015,102576
weo-2024-10,BGD,working_age,High,2016,104745
weo-2024-10,BGD,working_age,High,2017,106942
weo-2024-10,BGD,working_age,High,2018,108985
weo-2024-10,BGD,working_age,High,2019,110895
weo-2024-10,BGD,working_age,High,2020,112816
weo-2024-10,BGD,working_age,High,2021,114688
weo-2024-10,BGD,working_age,High,2022,116383
weo-2024-10,BGD,working_age,High,2023,117964
weo-2024-10,BGD,working_age,High,2024,119445
weo-2024-10,BGD,working_age,High,2025,120817
weo-2024-10,BGD,working_age,High,2026,122083
weo-2024-10,BGD,working_age,High,2027,123276
weo-2024-10,BGD,working_age,High,2028,124437
weo-2024-10,BGD,working_age,High,2029,125572
weo-2024-10,BGD,working_age,High,2030,126656
weo-2024-10,BGD,working_age,High,2031,127688
weo-2024-10,BGD,working_age,High,2032,128636
weo-2024-10,BGD,working_age,High,2033,129518
weo-2024-10,BGD,working_age,High,2034,130377
weo-2024-10,BGD,working_age,High,2035,131194
weo-2024-10,BGD,working_age,High,2036,131953
weo-2024-10,BGD,working_age,High,2037,132819
weo-2024-10,BGD,working_age,High,2038,133814
weo-2024-10,BGD,working_age,High,2039,134785
weo-2024-10,BGD,working_age,High,2040,135721
weo-2024-10,BGD,working_age,High,2041,136603
weo-2024-10,BGD,working_age,High,2042,137531
weo-2024-10,BGD,working_age,High,2043,138499
weo-2024-10,BGD,working_age,High,2044,139387
weo-2024-10,BGD,working_age,High,2045,140187
weo-2024-10,BGD,working_age,High,2046,140897
weo-2024-10,BGD,working_age,High,2047,141583
weo-2024-10,BGD,working_age,High,2048,142266
weo-2024-10,BGD,working_age,High,2049,142890
weo-2024-10,BGD,working_age,High,2050,143437
weo-2024-10,BGD,working_age,High,2051,143906
weo-2024-10,BGD,working_age,High,2052,144300
weo-2024-10,BGD,working_age,High,2053,144626
weo-2024-10,BGD,working_age,High,2054,144879
weo-2024-10,BGD,working_age,High,2055,145068
weo-2024-10,BGD,working_age,High,2056,145236
weo-2024-10,BGD,working_age,High,2057,145399
weo-2024-10,BGD,working_age,High,2058,145559
weo-2024-10,BGD,working_age,High,2059,145692
weo-2024-10,BGD,working_age,High,2060,145806
weo-2024-10,BGD,working_age,High,2061,145930
weo-2024-10,BGD,working_age,High,2062,146024
weo-2024-10,BGD,working_age,High,2063,146087
weo-2024-10,BGD,working_age,High,2064,146150
weo-2024-10,BGD,working_age,High,2065,146212
weo-2024-10,BGD,working_age,High,2066,146271
weo-2024-10,BGD,working_age,High,2067,146345
weo-2024-10,BGD,working_age,High,2068,146439
weo-2024-10,BGD,working_age,High,2069,146565
weo-2024-10,BGD,working_age,High,2070,146757
weo-2024-10,BGD,working_age,High,2071,147019
weo-2024-10,BGD,working_age,High,2072,147322
weo-2024-10,BGD,working_age,High,2073,147671
weo-2024-10,BGD,working_age,High,2074,148082
weo-2024-10,BGD,working_age,High,2075,148558
weo-2024-10,BGD,working_age,High,2076,149093
weo-2024-10,BGD,working_age,High,2077,149658
weo-2024-10,BGD,working_age,High,2078,150210
weo-2024-10,BGD,working_age,High,2079,150746
weo-2024-10,BGD,working_age,High,2080,151278
weo-2024-10,BGD,working_age,High,2081,151802
weo-2024-10,BGD,working_age,High,2082,152332
weo-2024-10,BGD,working_age,High,2083,152855
weo-2024-10,BGD,working_age,High,2084,153346
weo-2024-10,BGD,working_age,High,2085,153836
weo-2024-10,BGD,working_age,High,2086,154334
weo-2024-10,BGD,working_age,High,2087,154671
weo-2024-10,BGD,working_age,High,2088,154855
weo-2024-10,BGD,working_age,High,2089,155056
weo-2024-10,BGD,working_age,High,2090,155281
weo-2024-10,BGD,working_age,High,2091,155539
weo-2024-10,BGD,working_age,High,2092,155717
weo-2024-10,BGD,working_age,High,2093,155822
weo-2024-10,BGD,working_age,High,2094,155963
weo-2024-10,BGD,working_age,High,2095,156150
weo-2024-10,BGD,working_age,High,2096,156384
weo-2024-10,BGD,working_age,High,2097,156588
weo-2024-10,BGD,working_age,High,2098,156767
weo-2024-10,BGD,working_age,High,2099,156983
weo-2024-10,BGD,total,Low,2009,146707
weo-2024-10,BGD,total,Low,2010,148391
weo-2024-10,BGD,total,Low,2011,150211
weo-2024-10,BGD,total,Low,2012,152091
weo-2024-10,BGD,total,Low,2013,154030
weo-2024-10,BGD,total,Low,2014,155961
weo-2024-10,BGD,total,Low,2015,157830
weo-2024-10,BGD,total,Low,2016,159785
weo-2024-10,BGD,total,Low,2017,161794
weo-2024-10,BGD,total,Low,2018,163684
weo-2024-10,BGD,total,Low,2019,165516
weo-2024-10,BGD,total,Low,2020,167421
weo-2024-10,BGD,total,Low,2021,169356
weo-2024-10,BGD,total,Low,2022,170998
weo-2024-10,BGD,total,Low,2023,172388
weo-2024-10,BGD,total,Low,2024,173757
weo-2024-10,BGD,total,Low,2025,175098
weo-2024-10,BGD,total,Low,2026,176402
weo-2024-10,BGD,total,Low,2027,177554
weo-2024-10,BGD,total,Low,2028,178551
weo-2024-10,BGD,total,Low,2029,179505
weo-2024-10,BGD,total,Low,2030,180411
weo-2024-10,BGD,total,Low,2031,181267
weo-2024-10,BGD,total,Low,2032,182001
weo-2024-10,BGD,total,Low,2033,182612
weo-2024-10,BGD,total,Low,2034,183175
weo-2024-10,BGD,total,Low,2035,183691
weo-2024-10,BGD,total,Low,2036,184152
weo-2024-10,BGD,total,Low,2037,184561
weo-2024-10,BGD,total,Low,2038,184919
weo-2024-10,BGD,total,Low,2039,185226
weo-2024-10,BGD,total,Low,2040,185482
weo-2024-10,BGD,total,Low,2041,185686
weo-2024-10,BGD,total,Low,2042,185836
weo-2024-10,BGD,total,Low,2043,185939
weo-2024-10,BGD,total,Low,2044,185993
weo-2024-10,BGD,total,Low,2045,185993
weo-2024-10,BGD,total,Low,2046,185939
weo-2024-10,BGD,total,Low,2047,185828
weo-2024-10,BGD,total,Low,2048,185655
weo-2024-10,BGD,total,Low,2049,185421
weo-2024-10,BGD,total,Low,2050,185124
weo-2024-10,BGD,total,Low,2051,184759
weo-2024-10,BGD,total,Low,2052,184333
weo-2024-10,BGD,total,Low,2053,183842
weo-2024-10,BGD,total,Low,2054,183286
weo-2024-10,BGD,total,Low,2055,182670
weo-2024-10,BGD,total,Low,2056,181992
weo-2024-10,BGD,total,Low,2057,181248
weo-2024-10,BGD,total,Low,2058,180441
weo-2024-10,BGD,total,Low,2059,179575
weo-2024-10,BGD,total,Low,2060,178651
weo-2024-10,BGD,total,Low,2061,177672
weo-2024-10,BGD,total,Low,2062,176638
weo-2024-10,BGD,total,Low,2063,175548
weo-2024-10,BGD,total,Low,2064,174401
weo-2024-10,BGD,total,Low,2065,173201
weo-2024-10,BGD,total,Low,2066,171953
weo-2024-10,BGD,total,Low,2067,170658
weo-2024-10,BGD,total,Low,2068,169311
weo-2024-10,BGD,total,Low,2069,167916
weo-2024-10,BGD,total,Low,2070,166477
weo-2024-10,BGD,total,Low,2071,164992
weo-2024-10,BGD,total,Low,2072,163459
weo-2024-10,BGD,total,Low,2073,161883
weo-2024-10,BGD,total,Low,2074,160264
weo-2024-10,BGD,total,Low,2075,158603
weo-2024-10,BGD,total,Low,2076,156902
weo-2024-10,BGD,total,Low,2077,155157
weo-2024-10,BGD,total,Low,2078,153371
weo-2024-10,BGD,total,Low,2079,151544
weo-2024-10,BGD,total,Low,2080,149681
weo-2024-10,BGD,total,Low,2081,147782
weo-2024-10,BGD,total,Low,2082,145849
weo-2024-10,BGD,total,Low,2083,143884
weo-2024-10,BGD,total,Low,2084,141887
weo-2024-10,BGD,total,Low,2085,139859
weo-2024-10,BGD,total,Low,2086,137801
weo-2024-10,BGD,total,Low,2087,135720
weo-2024-10,BGD,total,Low,2088,133619
weo-2024-10,BGD,total,Low,2089,131497
weo-2024-10,BGD,total,Low,2090,129361
weo-2024-10,BGD,total,Low,2091,127210
weo-2024-10,BGD,total,Low,2092,125046
weo-2024-10,BGD,total,Low,2093,122873
weo-2024-10,BGD,total,Low,2094,120695
weo-2024-10,BGD,total,Low,2095,118516
weo-2024-10,BGD,total,Low,2096,116336
weo-2024-10,BGD,total,Low,2097,114160
weo-2024-10,BGD,total,Low,2098,111989
weo-2024-10,BGD,total,Low,2099,109825
weo-2024-10,BGD,total,Medium,2009,146707
weo-2024-10,BGD,total,Medium,2010,148391
weo-2024-10,BGD,total,Medium,2011,150211
weo-2024-10,BGD,total,Medium,2012,152091
weo-2024-10,BGD,total,Medium,2013,154030
weo-2024-10,BGD,total,Medium,2014,155961
weo-2024-10,BGD,total,Medium,2015,157830
weo-2024-10,BGD,total,Medium,2016,159785
weo-2024-10,BGD,total,Medium,2017,161794
weo-2024-10,BGD,total,Medium,2018,163684
weo-2024-10,BGD,total,Medium,2019,165516
weo-2024-10,BGD,total,Medium,2020,167421
weo-2024-10,BGD,total,Medium,2021,169356
weo-2024-10,BGD,total,Medium,2022,171186
weo-2024-10,BGD,total,Medium,2023,172954
weo-2024-10,BGD,total,Medium,2024,174701
weo-2024-10,BGD,total,Medium,2025,176422
weo-2024-10,BGD,total,Medium,2026,178106
weo-2024-10,BGD,total,Medium,2027,179752
weo-2024-10,BGD,total,Medium,2028,181356
weo-2024-10,BGD,total,Medium,2029,182916
weo-2024-10,BGD,total,Medium,2030,184424
weo-2024-10,BGD,total,Medium,2031,185878
weo-2024-10,BGD,total,Medium,2032,187281
weo-2024-10,BGD,total,Medium,2033,188630
weo-2024-10,BGD,total,Medium,2034,189925
weo-2024-10,BGD,total,Medium,2035,191167
weo-2024-10,BGD,total,Medium,2036,192348
weo-2024-10,BGD,total,Medium,2037,193472
weo-2024-10,BGD,total,Medium,2038,194542
weo-2024-10,BGD,total,Medium,2039,195559
weo-2024-10,BGD,total,Medium,2040,196526
weo-2024-10,BGD,total,Medium,2041,197445
weo-2024-10,BGD,total,Medium,2042,198318
weo-2024-10,BGD,total,Medium,2043,199153
weo-2024-10,BGD,total,Medium,2044,199951
weo-2024-10,BGD,total,Medium,2045,200709
weo-2024-10,BGD,total,Medium,2046,201430
weo-2024-10,BGD,total,Medium,2047,202112
weo-2024-10,BGD,total,Medium,2048,202751
weo-2024-10,BGD,total,Medium,2049,203349
weo-2024-10,BGD,total,Medium,2050,203905
weo-2024-10,BGD,total,Medium,2051,204414
weo-2024-10,BGD,total,Medium,2052,204882
weo-2024-10,BGD,total,Medium,2053,205305
weo-2024-10,BGD,total,Medium,2054,205679
weo-2024-10,BGD,total,Medium,2055,206011
weo-2024-10,BGD,total,Medium,2056,206295
weo-2024-10,BGD,total,Medium,2057,206522
weo-2024-10,BGD,total,Medium,2058,206696
weo-2024-10,BGD,total,Medium,2059,206818
weo-2024-10,BGD,total,Medium,2060,206887
weo-2024-10,BGD,total,Medium,2061,206906
weo-2024-10,BGD,total,Medium,2062,206872
weo-2024-10,BGD,total,Medium,2063,206783
weo-2024-10,BGD,total,Medium,2064,206637
weo-2024-10,BGD,total,Medium,2065,206437
weo-2024-10,BGD,total,Medium,2066,206189
weo-2024-10,BGD,total,Medium,2067,205895
weo-2024-10,BGD,total,Medium,2068,205549
weo-2024-10,BGD,total,Medium,2069,205155
weo-2024-10,BGD,total,Medium,2070,204718
weo-2024-10,BGD,total,Medium,2071,204237
weo-2024-10,BGD,total,Medium,2072,203710
weo-2024-10,BGD,total,Medium,2073,203142
weo-2024-10,BGD,total,Medium,2074,202535
weo-2024-10,BGD,total,Medium,2075,201891
weo-2024-10,BGD,total,Medium,2076,201211
weo-2024-10,BGD,total,Medium,2077,200490
weo-2024-10,BGD,total,Medium,2078,199730
weo-2024-10,BGD,total,Medium,2079,198933
weo-2024-10,BGD,total,Medium,2080,198103
weo-2024-10,BGD,total,Medium,2081,197240
weo-2024-10,BGD,total,Medium,2082,196345
weo-2024-10,BGD,total,Medium,2083,195421
weo-2024-10,BGD,total,Medium,2084,194465
weo-2024-10,BGD,total,Medium,2085,193476
weo-2024-10,BGD,total,Medium,2086,192455
weo-2024-10,BGD,total,Medium,2087,191409
weo-2024-10,BGD,total,Medium,2088,190342
weo-2024-10,BGD,total,Medium,2089,189252
weo-2024-10,BGD,total,Medium,2090,188143
weo-2024-10,BGD,total,Medium,2091,187015
weo-2024-10,BGD,total,Medium,2092,185865
weo-2024-10,BGD,total,Medium,2093,184699
weo-2024-10,BGD,total,Medium,2094,183524
weo-2024-10,BGD,total,Medium,2095,182342
weo-2024-10,BGD,total,Medium,2096,181153
weo-2024-10,BGD,total,Medium,2097,179960
weo-2024-10,BGD,total,Medium,2098,178763
weo-2024-10,BGD,total,Medium,2099,177564
weo-2024-10,BGD,total,High,2009,146707
weo-2024-10,BGD,total,High,2010,148391
weo-2024-10,BGD,total,High,2011,150211
weo-2024-10,BGD,total,High,2012,152091
weo-2024-10,BGD,total,High,2013,154030
weo-2024-10,BGD,total,High,2014,155961
weo-2024-10,BGD,total,High,2015,157830
weo-2024-10,BGD,total,High,2016,159785
weo-2024-10,BGD,total,High,2017,161794
weo-2024-10,BGD,total,High,2018,163684
weo-2024-10,BGD,total,High,2019,165516
weo-2024-10,BGD,total,High,2020,167421
weo-2024-10,BGD,total,High,2021,169356
weo-2024-10,BGD,total,High,2022,171375
weo-2024-10,BGD,total,High,2023,173520
weo-2024-10,BGD,total,High,2024,175646
weo-2024-10,BGD,total,High,2025,177746
weo-2024-10,BGD,total,High,2026,179810
weo-2024-10,BGD,total,High,2027,181951
weo-2024-10,BGD,total,High,2028,184162
weo-2024-10,BGD,total,High,2029,186327
weo-2024-10,BGD,total,High,2030,188438
weo-2024-10,BGD,total,High,2031,190490
weo-2024-10,BGD,total,High,2032,192562
weo-2024-10,BGD,total,High,2033,194648
weo-2024-10,BGD,total,High,2034,196675
weo-2024-10,BGD,total,High,2035,198641
weo-2024-10,BGD,total,High,2036,200542
weo-2024-10,BGD,total,High,2037,202381
weo-2024-10,BGD,total,High,2038,204163
weo-2024-10,BGD,total,High,2039,205894
weo-2024-10,BGD,total,High,2040,207581
weo-2024-10,BGD,total,High,2041,209231
weo-2024-10,BGD,total,High,2042,210852
weo-2024-10,BGD,total,High,2043,212455
weo-2024-10,BGD,total,High,2044,214048
weo-2024-10,BGD,total,High,2045,215628
weo-2024-10,BGD,total,High,2046,217203
weo-2024-10,BGD,total,High,2047,218776
weo-2024-10,BGD,total,High,2048,220345
weo-2024-10,BGD,total,High,2049,221912
weo-2024-10,BGD,total,High,2050,223478
weo-2024-10,BGD,total,High,2051,225038
weo-2024-10,BGD,total,High,2052,226598
weo-2024-10,BGD,total,High,2053,228151
weo-2024-10,BGD,total,High,2054,229692
weo-2024-10,BGD,total,High,2055,231224
weo-2024-10,BGD,total,High,2056,232735
weo-2024-10,BGD,total,High,2057,234215
weo-2024-10,BGD,total,High,2058,235661
weo-2024-10,BGD,total,High,2059,237073
weo-2024-10,BGD,total,High,2060,238448
weo-2024-10,BGD,total,High,2061,239785
weo-2024-10,BGD,total,High,2062,241081
weo-2024-10,BGD,total,High,2063,242330
weo-2024-10,BGD,total,High,2064,243532
weo-2024-10,BGD,total,High,2065,244689
weo-2024-10,BGD,total,High,2066,245810
weo-2024-10,BGD,total,High,2067,246899
weo-2024-10,BGD,total,High,2068,247949
weo-2024-10,BGD,total,High,2069,248967
weo-2024-10,BGD,total,High,2070,249962
weo-2024-10,BGD,total,High,2071,250933
weo-2024-10,BGD,total,High,2072,251881
weo-2024-10,BGD,total,High,2073,252815
weo-2024-10,BGD,total,High,2074,253737
weo-2024-10,BGD,total,High,2075,254651
weo-2024-10,BGD,total,High,2076,255558
weo-2024-10,BGD,total,High,2077,256451
weo-2024-10,BGD,total,High,2078,257332
weo-2024-10,BGD,total,High,2079,258204
weo-2024-10,BGD,total,High,2080,259068
weo-2024-10,BGD,total,High,2081,259926
weo-2024-10,BGD,total,High,2082,260774
weo-2024-10,BGD,total,High,2083,261615
weo-2024-10,BGD,total,High,2084,262442
weo-2024-10,BGD,total,High,2085,263252
weo-2024-10,BGD,total,High,2086,264042
weo-2024-10,BGD,total,High,2087,264820
weo-2024-10,BGD,total,High,2088,265592
weo-2024-10,BGD,total,High,2089,266351
weo-2024-10,BGD,total,High,2090,267103
weo-2024-10,BGD,total,High,2091,267843
weo-2024-10,BGD,total,High,2092,268568
weo-2024-10,BGD,total,High,2093,269282
weo-2024-10,BGD,total,High,2094,270000
weo-2024-10,BGD,total,High,2095,270725
weo-2024-10,BGD,total,High,2096,271453
weo-2024-10,BGD,total,High,2097,272189
weo-2024-10,BGD,total,High,2098,272934
weo-2024-10,BGD,total,High,2099,273690
weo-2026-04,UGA,working_age,Low,2009,15197.025
weo-2026-04,UGA,working_age,Low,2010,15726.956
weo-2026-04,UGA,working_age,Low,2011,16271.149
weo-2026-04,UGA,working_age,Low,2012,16830.825
weo-2026-04,UGA,working_age,Low,2013,17410.759
weo-2026-04,UGA,working_age,Low,2014,18048.05
weo-2026-04,UGA,working_age,Low,2015,18762.724000000002
weo-2026-04,UGA,working_age,Low,2016,19600.737999999998
weo-2026-04,UGA,working_age,Low,2017,20536.342
weo-2026-04,UGA,working_age,Low,2018,21473.938000000002
weo-2026-04,UGA,working_age,Low,2019,22445.949
weo-2026-04,UGA,working_age,Low,2020,23435.304
weo-2026-04,UGA,working_age,Low,2021,24416.2
weo-2026-04,UGA,working_age,Low,2022,25349.069000000003
weo-2026-04,UGA,working_age,Low,2023,26231.434
weo-2026-04,UGA,working_age,Low,2024,27142.399999999998
weo-2026-04,UGA,working_age,Low,2025,28087.156
weo-2026-04,UGA,working_age,Low,2026,29050.588
weo-2026-04,UGA,working_age,Low,2027,30027.854000000003
weo-2026-04,UGA,working_age,Low,2028,31015.286
weo-2026-04,UGA,working_age,Low,2029,32010.715
weo-2026-04,UGA,working_age,Low,2030,33015.829
weo-2026-04,UGA,working_age,Low,2031,34034.07
weo-2026-04,UGA,working_age,Low,2032,35071.43
weo-2026-04,UGA,working_age,Low,2033,36131.487
weo-2026-04,UGA,working_age,Low,2034,37214.263
weo-2026-04,UGA,working_age,Low,2035,38321.987
weo-2026-04,UGA,working_age,Low,2036,39448.884
weo-2026-04,UGA,working_age,Low,2037,40592.023
weo-2026-04,UGA,working_age,Low,2038,41746.255000000005
weo-2026-04,UGA,working_age,Low,2039,42847.655
weo-2026-04,UGA,working_age,Low,2040,43894.979
weo-2026-04,UGA,working_age,Low,2041,44943.776
weo-2026-04,UGA,working_age,Low,2042,45993.741
weo-2026-04,UGA,working_age,Low,2043,47040.838
weo-2026-04,UGA,working_age,Low,2044,48043.414
weo-2026-04,UGA,working_age,Low,2045,48993.977
weo-2026-04,UGA,working_age,Low,2046,49926.765999999996
weo-2026-04,UGA,working_age,Low,2047,50840.842000000004
weo-2026-04,UGA,working_age,Low,2048,51732.796
weo-2026-04,UGA,working_age,Low,2049,52570.426
weo-2026-04,UGA,working_age,Low,2050,53350.801
weo-2026-04,UGA,working_age,Low,2051,54100.451
weo-2026-04,UGA,working_age,Low,2052,54821.62
weo-2026-04,UGA,working_age,Low,2053,55516.615
weo-2026-04,UGA,working_age,Low,2054,56180.888999999996
weo-2026-04,UGA,working_age,Low,2055,56809.021
weo-2026-04,UGA,working_age,Low,2056,57403.375
weo-2026-04,UGA,working_age,Low,2057,57967.876
weo-2026-04,UGA,working_age,Low,2058,58498.618
weo-2026-04,UGA,working_age,Low,2059,58989.596
weo-2026-04,UGA,working_age,Low,2060,59437.788
weo-2026-04,UGA,working_age,Low,2061,59857.106
weo-2026-04,UGA,working_age,Low,2062,60246.443
weo-2026-04,UGA,working_age,Low,2063,60594.557
weo-2026-04,UGA,working_age,Low,2064,60906.424
weo-2026-04,UGA,working_age,Low,2065,61177.587999999996
weo-2026-04,UGA,working_age,Low,2066,61410.441
weo-2026-04,UGA,working_age,Low,2067,61610.212
weo-2026-04,UGA,working_age,Low,2068,61776.387
weo-2026-04,UGA,working_age,Low,2069,61906.268
weo-2026-04,UGA,working_age,Low,2070,62003.858
weo-2026-04,UGA,working_age,Low,2071,62065.494999999995
weo-2026-04,UGA,working_age,Low,2072,62085.77
weo-2026-04,UGA,working_age,Low,2073,62065.795
weo-2026-04,UGA,working_age,Low,2074,62003.142
weo-2026-04,UGA,working_age,Low,2075,61899.793
weo-2026-04,UGA,working_age,Low,2076,61757.547
weo-2026-04,UGA,working_age,Low,2077,61575.166
weo-2026-04,UGA,working_age,Low,2078,61358.412000000004
weo-2026-04,UGA,working_age,Low,2079,61105.692
weo-2026-04,UGA,working_age,Low,2080,60817.16
weo-2026-04,UGA,working_age,Low,2081,60491.934
weo-2026-04,UGA,working_age,Low,2082,60120.684
weo-2026-04,UGA,working_age,Low,2083,59704.815
weo-2026-04,UGA,working_age,Low,2084,59241.022
weo-2026-04,UGA,working_age,Low,2085,58729.834
weo-2026-04,UGA,working_age,Low,2086,58176.572
weo-2026-04,UGA,working_age,Low,2087,57593.447
weo-2026-04,UGA,working_age,Low,2088,56983.797
weo-2026-04,UGA,working_age,Low,2089,56388.506
weo-2026-04,UGA,working_age,Low,2090,55809.01
weo-2026-04,UGA,working_age,Low,2091,55200.65
weo-2026-04,UGA,working_age,Low,2092,54571.075
weo-2026-04,UGA,working_age,Low,2093,53922.467
weo-2026-04,UGA,working_age,Low,2094,53278.63
weo-2026-04,UGA,working_age,Low,2095,52651.215
weo-2026-04,UGA,working_age,Low,2096,52007.031
weo-2026-04,UGA,working_age,Low,2097,51343.078
weo-2026-04,UGA,working_age,Low,2098,50667.819
weo-2026-04,UGA,working_age,Low,2099,50004.916
weo-2026-04,UGA,working_age,Medium,2009,15197.025
weo-2026-04,UGA,working_age,Medium,2010,15726.956
weo-2026-04,UGA,working_age,Medium,2011,16271.149
weo-2026-04,UGA,working_age,Medium,2012,16830.825
weo-2026-04,UGA,working_age,Medium,2013,17410.759
weo-2026-04,UGA,working_age,Medium,2014,18048.05
weo-2026-04,UGA,working_age,Medium,2015,18762.724000000002
weo-2026-04,UGA,working_age,Medium,2016,19600.737999999998
weo-2026-04,UGA,working_age,Medium,2017,20536.342
weo-2026-04,UGA,working_age,Medium,2018,21473.938000000002
weo-2026-04,UGA,working_age,Medium,2019,22445.949
weo-2026-04,UGA,working_age,Medium,2020,23435.304
weo-2026-04,UGA,working_age,Medium,2021,24416.2
weo-2026-04,UGA,working_age,Medium,2022,25349.069000000003
weo-2026-04,UGA,working_age,Medium,2023,26231.434
weo-2026-04,UGA,working_age,Medium,2024,27142.399999999998
weo-2026-04,UGA,working_age,Medium,2025,28087.156
weo-2026-04,UGA,working_age,Medium,2026,29050.588
weo-2026-04,UGA,working_age,Medium,2027,30027.854000000003
weo-2026-04,UGA,working_age,Medium,2028,31015.286
weo-2026-04,UGA,working_age,Medium,2029,32010.715
weo-2026-04,UGA,working_age,Medium,2030,33015.829
weo-2026-04,UGA,working_age,Medium,2031,34034.07
weo-2026-04,UGA,working_age,Medium,2032,35071.43
weo-2026-04,UGA,working_age,Medium,2033,36131.487
weo-2026-04,UGA,working_age,Medium,2034,37214.263
weo-2026-04,UGA,working_age,Medium,2035,38321.987
weo-2026-04,UGA,working_age,Medium,2036,39448.884
weo-2026-04,UGA,working_age,Medium,2037,40592.023
weo-2026-04,UGA,working_age,Medium,2038,41746.255000000005
weo-2026-04,UGA,working_age,Medium,2039,42897.147
weo-2026-04,UGA,working_age,Medium,2040,44045.106
weo-2026-04,UGA,working_age,Medium,2041,45197.822
weo-2026-04,UGA,working_age,Medium,2042,46354.952
weo-2026-04,UGA,working_age,Medium,2043,47512.423
weo-2026-04,UGA,working_age,Medium,2044,48663.125
weo-2026-04,UGA,working_age,Medium,2045,49800.416
weo-2026-04,UGA,working_age,Medium,2046,50924.76
weo-2026-04,UGA,working_age,Medium,2047,52035.1
weo-2026-04,UGA,working_age,Medium,2048,53127.939
weo-2026-04,UGA,working_age,Medium,2049,54197.046
weo-2026-04,UGA,working_age,Medium,2050,55240.025
weo-2026-04,UGA,working_age,Medium,2051,56257.981
weo-2026-04,UGA,working_age,Medium,2052,57253.209
weo-2026-04,UGA,working_age,Medium,2053,58228.087999999996
weo-2026-04,UGA,working_age,Medium,2054,59178.313
weo-2026-04,UGA,working_age,Medium,2055,60099.029
weo-2026-04,UGA,working_age,Medium,2056,60993.532
weo-2026-04,UGA,working_age,Medium,2057,61866.852999999996
weo-2026-04,UGA,working_age,Medium,2058,62716.138
weo-2026-04,UGA,working_age,Medium,2059,63536.159
weo-2026-04,UGA,working_age,Medium,2060,64324.491
weo-2026-04,UGA,working_age,Medium,2061,65095.614
weo-2026-04,UGA,working_age,Medium,2062,65848.956
weo-2026-04,UGA,working_age,Medium,2063,66573.771
weo-2026-04,UGA,working_age,Medium,2064,67275.427
weo-2026-04,UGA,working_age,Medium,2065,67949.606
weo-2026-04,UGA,working_age,Medium,2066,68598.858
weo-2026-04,UGA,working_age,Medium,2067,69228.725
weo-2026-04,UGA,working_age,Medium,2068,69838.967
weo-2026-04,UGA,working_age,Medium,2069,70426.87
weo-2026-04,UGA,working_age,Medium,2070,70996.119
weo-2026-04,UGA,working_age,Medium,2071,71542.54699999999
weo-2026-04,UGA,working_age,Medium,2072,72060.208
weo-2026-04,UGA,working_age,Medium,2073,72549.91
weo-2026-04,UGA,working_age,Medium,2074,73008.74
weo-2026-04,UGA,working_age,Medium,2075,73438.006
weo-2026-04,UGA,working_age,Medium,2076,73839.121
weo-2026-04,UGA,working_age,Medium,2077,74210.495
weo-2026-04,UGA,working_age,Medium,2078,74557.302
weo-2026-04,UGA,working_age,Medium,2079,74877.387
weo-2026-04,UGA,working_age,Medium,2080,75170.344
weo-2026-04,UGA,working_age,Medium,2081,75434.631
weo-2026-04,UGA,working_age,Medium,2082,75660.281
weo-2026-04,UGA,working_age,Medium,2083,75848.269
weo-2026-04,UGA,working_age,Medium,2084,75995.035
weo-2026-04,UGA,working_age,Medium,2085,76100.874
weo-2026-04,UGA,working_age,Medium,2086,76170.793
weo-2026-04,UGA,working_age,Medium,2087,76216.669
weo-2026-04,UGA,working_age,Medium,2088,76241.623
weo-2026-04,UGA,working_age,Medium,2089,76245.45
weo-2026-04,UGA,working_age,Medium,2090,76228.10800000001
weo-2026-04,UGA,working_age,Medium,2091,76184.423
weo-2026-04,UGA,working_age,Medium,2092,76121.734
weo-2026-04,UGA,working_age,Medium,2093,76041.799
weo-2026-04,UGA,working_age,Medium,2094,75939.857
weo-2026-04,UGA,working_age,Medium,2095,75827.15
weo-2026-04,UGA,working_age,Medium,2096,75698.54
weo-2026-04,UGA,working_age,Medium,2097,75550.929
weo-2026-04,UGA,working_age,Medium,2098,75392.159
weo-2026-04,UGA,working_age,Medium,2099,75223.795
weo-2026-04,UGA,working_age,High,2009,15197.025
weo-2026-04,UGA,working_age,High,2010,15726.956
weo-2026-04,UGA,working_age,High,2011,16271.149
weo-2026-04,UGA,working_age,High,2012,16830.825
weo-2026-04,UGA,working_age,High,2013,17410.759
weo-2026-04,UGA,working_age,High,2014,18048.05
weo-2026-04,UGA,working_age,High,2015,18762.724000000002
weo-2026-04,UGA,working_age,High,2016,19600.737999999998
weo-2026-04,UGA,working_age,High,2017,20536.342
weo-2026-04,UGA,working_age,High,2018,21473.938000000002
weo-2026-04,UGA,working_age,High,2019,22445.949
weo-2026-04,UGA,working_age,High,2020,23435.304
weo-2026-04,UGA,working_age,High,2021,24416.2
weo-2026-04,UGA,working_age,High,2022,25349.069000000003
weo-2026-04,UGA,working_age,High,2023,26231.434
weo-2026-04,UGA,working_age,High,2024,27142.399999999998
weo-2026-04,UGA,working_age,High,2025,28087.156
weo-2026-04,UGA,working_age,High,2026,29050.588
weo-2026-04,UGA,working_age,High,2027,30027.854000000003
weo-2026-04,UGA,working_age,High,2028,31015.286
weo-2026-04,UGA,working_age,High,2029,32010.715
weo-2026-04,UGA,working_age,High,2030,33015.829
weo-2026-04,UGA,working_age,High,2031,34034.07
weo-2026-04,UGA,working_age,High,2032,35071.43
weo-2026-04,UGA,working_age,High,2033,36131.487
weo-2026-04,UGA,working_age,High,2034,37214.263
weo-2026-04,UGA,working_age,High,2035,38321.987
weo-2026-04,UGA,working_age,High,2036,39448.884
weo-2026-04,UGA,working_age,High,2037,40592.023
weo-2026-04,UGA,working_age,High,2038,41746.255000000005
weo-2026-04,UGA,working_age,High,2039,42946.642
weo-2026-04,UGA,working_age,High,2040,44195.253000000004
weo-2026-04,UGA,working_age,High,2041,45451.932
weo-2026-04,UGA,working_age,High,2042,46716.307
weo-2026-04,UGA,working_age,High,2043,47984.277
weo-2026-04,UGA,working_age,High,2044,49282.411
weo-2026-04,UGA,working_age,High,2045,50605.558
weo-2026-04,UGA,working_age,High,2046,51921.55
weo-2026-04,UGA,working_age,High,2047,53228.598
weo-2026-04,UGA,working_age,High,2048,54522.865
weo-2026-04,UGA,working_age,High,2049,55823.569
weo-2026-04,UGA,working_age,High,2050,57129.345
weo-2026-04,UGA,working_age,High,2051,58416.492
weo-2026-04,UGA,working_age,High,2052,59686.908
weo-2026-04,UGA,working_age,High,2053,60942.996
weo-2026-04,UGA,working_age,High,2054,62180.802
weo-2026-04,UGA,working_age,High,2055,63396.36
weo-2026-04,UGA,working_age,High,2056,64594.395000000004
weo-2026-04,UGA,working_age,High,2057,65781.663
weo-2026-04,UGA,working_age,High,2058,66956.958
weo-2026-04,UGA,working_age,High,2059,68116.325
weo-2026-04,UGA,working_age,High,2060,69258.394
weo-2026-04,UGA,working_age,High,2061,70398.669
weo-2026-04,UGA,working_age,High,2062,71537.598
weo-2026-04,UGA,working_age,High,2063,72665.432
weo-2026-04,UGA,working_age,High,2064,73788.32
weo-2026-04,UGA,working_age,High,2065,74902.467
weo-2026-04,UGA,working_age,High,2066,76010.969
weo-2026-04,UGA,working_age,High,2067,77120.082
weo-2026-04,UGA,working_age,High,2068,78230.195
weo-2026-04,UGA,working_age,High,2069,79338.82400000001
weo-2026-04,UGA,working_age,High,2070,80449.427
weo-2026-04,UGA,working_age,High,2071,81557.291
weo-2026-04,UGA,working_age,High,2072,82655.92
weo-2026-04,UGA,working_age,High,2073,83745.82800000001
weo-2026-04,UGA,working_age,High,2074,84823.629
weo-2026-04,UGA,working_age,High,2075,85889.987
weo-2026-04,UGA,working_age,High,2076,86946.07
weo-2026-04,UGA,working_age,High,2077,87990.068
weo-2026-04,UGA,working_age,High,2078,89026.729
weo-2026-04,UGA,working_age,High,2079,90053.486
weo-2026-04,UGA,working_age,High,2080,91069.559
weo-2026-04,UGA,working_age,High,2081,92072.957
weo-2026-04,UGA,working_age,High,2082,93053.283
weo-2026-04,UGA,working_age,High,2083,94011.365
weo-2026-04,UGA,working_age,High,2084,94943.70300000001
weo-2026-04,UGA,working_age,High,2085,95850.713
weo-2026-04,UGA,working_age,High,2086,96737.495
weo-2026-04,UGA,working_age,High,2087,97615.987
weo-2026-04,UGA,working_age,High,2088,98489.479
weo-2026-04,UGA,working_age,High,2089,99317.024
weo-2026-04,UGA,working_age,High,2090,100097.415
weo-2026-04,UGA,working_age,High,2091,100865.29000000001
weo-2026-04,UGA,working_age,High,2092,101627.948
weo-2026-04,UGA,working_age,High,2093,102386.948
weo-2026-04,UGA,working_age,High,2094,103109.941
weo-2026-04,UGA,working_age,High,2095,103807.508
weo-2026-04,UGA,working_age,High,2096,104501.808
weo-2026-04,UGA,working_age,High,2097,105190.318
weo-2026-04,UGA,working_age,High,2098,105880.508
weo-2026-04,UGA,working_age,High,2099,106552.337
weo-2026-04,UGA,total,Low,2009,31451.148
weo-2026-04,UGA,total,Low,2010,32390.803
weo-2026-04,UGA,total,Low,2011,33354.544
weo-2026-04,UGA,total,Low,2012,34337.437
weo-2026-04,UGA,total,Low,2013,35337.041
weo-2026-04,UGA,total,Low,2014,36395.54
weo-2026-04,UGA,total,Low,2015,37531.445
weo-2026-04,UGA,total,Low,2016,38799.154
weo-2026-04,UGA,total,Low,2017,40177.388
weo-2026-04,UGA,total,Low,2018,41565.831
weo-2026-04,UGA,total,Low,2019,42999.639
weo-2026-04,UGA,total,Low,2020,44457.154
weo-2026-04,UGA,total,Low,2021,45910.932
weo-2026-04,UGA,total,Low,2022,47312.721
weo-2026-04,UGA,total,Low,2023,48656.603
weo-2026-04,UGA,total,Low,2024,49964.639
weo-2026-04,UGA,total,Low,2025,51232.141
weo-2026-04,UGA,total,Low,2026,52503.511
weo-2026-04,UGA,total,Low,2027,53778.049
weo-2026-04,UGA,total,Low,2028,55054.941
weo-2026-04,UGA,total,Low,2029,56295.482
weo-2026-04,UGA,total,Low,2030,57496.891
weo-2026-04,UGA,total,Low,2031,58694.088
weo-2026-04,UGA,total,Low,2032,59881.556
weo-2026-04,UGA,total,Low,2033,61053.914
weo-2026-04,UGA,total,Low,2034,62189.945
weo-2026-04,UGA,total,Low,2035,63296.392
weo-2026-04,UGA,total,Low,2036,64393.579
weo-2026-04,UGA,total,Low,2037,65485.664
weo-2026-04,UGA,total,Low,2038,66572.457
weo-2026-04,UGA,total,Low,2039,67641.097
weo-2026-04,UGA,total,Low,2040,68695.763
weo-2026-04,UGA,total,Low,2041,69744.305
weo-2026-04,UGA,total,Low,2042,70789.027
weo-2026-04,UGA,total,Low,2043,71827.389
weo-2026-04,UGA,total,Low,2044,72852.513
weo-2026-04,UGA,total,Low,2045,73856.193
weo-2026-04,UGA,total,Low,2046,74840.618
weo-2026-04,UGA,total,Low,2047,75810.66
weo-2026-04,UGA,total,Low,2048,76761.912
weo-2026-04,UGA,total,Low,2049,77684.093
weo-2026-04,UGA,total,Low,2050,78575.88
weo-2026-04,UGA,total,Low,2051,79440.391
weo-2026-04,UGA,total,Low,2052,80279.055
weo-2026-04,UGA,total,Low,2053,81092.2
weo-2026-04,UGA,total,Low,2054,81872.619
weo-2026-04,UGA,total,Low,2055,82615.785
weo-2026-04,UGA,total,Low,2056,83323.814
weo-2026-04,UGA,total,Low,2057,84001.246
weo-2026-04,UGA,total,Low,2058,84648.34
weo-2026-04,UGA,total,Low,2059,85260.651
weo-2026-04,UGA,total,Low,2060,85833.094
weo-2026-04,UGA,total,Low,2061,86376.294
weo-2026-04,UGA,total,Low,2062,86892.976
weo-2026-04,UGA,total,Low,2063,87371.502
weo-2026-04,UGA,total,Low,2064,87816.227
weo-2026-04,UGA,total,Low,2065,88224.988
weo-2026-04,UGA,total,Low,2066,88598.997
weo-2026-04,UGA,total,Low,2067,88941.898
weo-2026-04,UGA,total,Low,2068,89250.489
weo-2026-04,UGA,total,Low,2069,89523.431
weo-2026-04,UGA,total,Low,2070,89767.774
weo-2026-04,UGA,total,Low,2071,89980.256
weo-2026-04,UGA,total,Low,2072,90157.457
weo-2026-04,UGA,total,Low,2073,90300.55
weo-2026-04,UGA,total,Low,2074,90410.203
weo-2026-04,UGA,total,Low,2075,90494.287
weo-2026-04,UGA,total,Low,2076,90549.942
weo-2026-04,UGA,total,Low,2077,90567.804
weo-2026-04,UGA,total,Low,2078,90551.245
weo-2026-04,UGA,total,Low,2079,90497.739
weo-2026-04,UGA,total,Low,2080,90410.796
weo-2026-04,UGA,total,Low,2081,90292.117
weo-2026-04,UGA,total,Low,2082,90137.029
weo-2026-04,UGA,total,Low,2083,89953.15
weo-2026-04,UGA,total,Low,2084,89730.975
weo-2026-04,UGA,total,Low,2085,89467.364
weo-2026-04,UGA,total,Low,2086,89168.17
weo-2026-04,UGA,total,Low,2087,88843.768
weo-2026-04,UGA,total,Low,2088,88492.801
weo-2026-04,UGA,total,Low,2089,88111.691
weo-2026-04,UGA,total,Low,2090,87698.97899999999
weo-2026-04,UGA,total,Low,2091,87248.627
weo-2026-04,UGA,total,Low,2092,86770.19
weo-2026-04,UGA,total,Low,2093,86266.007
weo-2026-04,UGA,total,Low,2094,85726.718
weo-2026-04,UGA,total,Low,2095,85165.866
weo-2026-04,UGA,total,Low,2096,84577.265
weo-2026-04,UGA,total,Low,2097,83953.673
weo-2026-04,UGA,total,Low,2098,83307.874
weo-2026-04,UGA,total,Low,2099,82646.092
weo-2026-04,UGA,total,Medium,2009,31451.148
weo-2026-04,UGA,total,Medium,2010,32390.803
weo-2026-04,UGA,total,Medium,2011,33354.544
weo-2026-04,UGA,total,Medium,2012,34337.437
weo-2026-04,UGA,total,Medium,2013,35337.041
weo-2026-04,UGA,total,Medium,2014,36395.54
weo-2026-04,UGA,total,Medium,2015,37531.445
weo-2026-04,UGA,total,Medium,2016,38799.154
weo-2026-04,UGA,total,Medium,2017,40177.388
weo-2026-04,UGA,total,Medium,2018,41565.831
weo-2026-04,UGA,total,Medium,2019,42999.639
weo-2026-04,UGA,total,Medium,2020,44457.154
weo-2026-04,UGA,total,Medium,2021,45910.932
weo-2026-04,UGA,total,Medium,2022,47312.721
weo-2026-04,UGA,total,Medium,2023,48656.603
weo-2026-04,UGA,total,Medium,2024,50015.093
weo-2026-04,UGA,total,Medium,2025,51384.894
weo-2026-04,UGA,total,Medium,2026,52761.468
weo-2026-04,UGA,total,Medium,2027,54144.272000000004
weo-2026-04,UGA,total,Medium,2028,55532.56
weo-2026-04,UGA,total,Medium,2029,56922.792
weo-2026-04,UGA,total,Medium,2030,58312.941
weo-2026-04,UGA,total,Medium,2031,59703.534
weo-2026-04,UGA,total,Medium,2032,61089.054
weo-2026-04,UGA,total,Medium,2033,62464.109
weo-2026-04,UGA,total,Medium,2034,63833.868
weo-2026-04,UGA,total,Medium,2035,65205.574
weo-2026-04,UGA,total,Medium,2036,66573.73300000001
weo-2026-04,UGA,total,Medium,2037,67942.63
weo-2026-04,UGA,total,Medium,2038,69312.208
weo-2026-04,UGA,total,Medium,2039,70669.876
weo-2026-04,UGA,total,Medium,2040,72020.421
weo-2026-04,UGA,total,Medium,2041,73372.654
weo-2026-04,UGA,total,Medium,2042,74730.007
weo-2026-04,UGA,total,Medium,2043,76090.991
weo-2026-04,UGA,total,Medium,2044,77449.519
weo-2026-04,UGA,total,Medium,2045,78797.992
weo-2026-04,UGA,total,Medium,2046,80139.17599999999
weo-2026-04,UGA,total,Medium,2047,81478.502
weo-2026-04,UGA,total,Medium,2048,82812.093
weo-2026-04,UGA,total,Medium,2049,84130.054
weo-2026-04,UGA,total,Medium,2050,85431.203
weo-2026-04,UGA,total,Medium,2051,86718.841
weo-2026-04,UGA,total,Medium,2052,87994.731
weo-2026-04,UGA,total,Medium,2053,89259.477
weo-2026-04,UGA,total,Medium,2054,90505.89
weo-2026-04,UGA,total,Medium,2055,91729.147
weo-2026-04,UGA,total,Medium,2056,92930.869
weo-2026-04,UGA,total,Medium,2057,94115.087
weo-2026-04,UGA,total,Medium,2058,95281.802
weo-2026-04,UGA,total,Medium,2059,96426.132
weo-2026-04,UGA,total,Medium,2060,97542.31199999999
weo-2026-04,UGA,total,Medium,2061,98640.641
weo-2026-04,UGA,total,Medium,2062,99723.531
weo-2026-04,UGA,total,Medium,2063,100778.772
weo-2026-04,UGA,total,Medium,2064,101810.174
weo-2026-04,UGA,total,Medium,2065,102815.036
weo-2026-04,UGA,total,Medium,2066,103793.948
weo-2026-04,UGA,total,Medium,2067,104749.952
weo-2026-04,UGA,total,Medium,2068,105679.492
weo-2026-04,UGA,total,Medium,2069,106581.041
weo-2026-04,UGA,total,Medium,2070,107461.468
weo-2026-04,UGA,total,Medium,2071,108317.272
weo-2026-04,UGA,total,Medium,2072,109144.75600000001
weo-2026-04,UGA,total,Medium,2073,109944.912
weo-2026-04,UGA,total,Medium,2074,110717.753
weo-2026-04,UGA,total,Medium,2075,111470.72
weo-2026-04,UGA,total,Medium,2076,112201.024
weo-2026-04,UGA,total,Medium,2077,112898.957
weo-2026-04,UGA,total,Medium,2078,113567.43
weo-2026-04,UGA,total,Medium,2079,114203.97899999999
weo-2026-04,UGA,total,Medium,2080,114812.18
weo-2026-04,UGA,total,Medium,2081,115393.56
weo-2026-04,UGA,total,Medium,2082,115943.226
weo-2026-04,UGA,total,Medium,2083,116468.07
weo-2026-04,UGA,total,Medium,2084,116958.195
weo-2026-04,UGA,total,Medium,2085,117410.682
weo-2026-04,UGA,total,Medium,2086,117831.254
weo-2026-04,UGA,total,Medium,2087,118229.69
weo-2026-04,UGA,total,Medium,2088,118604.117
weo-2026-04,UGA,total,Medium,2089,118950.728
weo-2026-04,UGA,total,Medium,2090,119267.675
weo-2026-04,UGA,total,Medium,2091,119548.481
weo-2026-04,UGA,total,Medium,2092,119802.175
weo-2026-04,UGA,total,Medium,2093,120030.491
weo-2026-04,UGA,total,Medium,2094,120223.596
weo-2026-04,UGA,total,Medium,2095,120394.756
weo-2026-04,UGA,total,Medium,2096,120537.696
weo-2026-04,UGA,total,Medium,2097,120644.958
weo-2026-04,UGA,total,Medium,2098,120728.726
weo-2026-04,UGA,total,Medium,2099,120794.428
weo-2026-04,UGA,total,High,2009,31451.148
weo-2026-04,UGA,total,High,2010,32390.803
weo-2026-04,UGA,total,High,2011,33354.544
weo-2026-04,UGA,total,High,2012,34337.437
weo-2026-04,UGA,total,High,2013,35337.041
weo-2026-04,UGA,total,High,2014,36395.54
weo-2026-04,UGA,total,High,2015,37531.445
weo-2026-04,UGA,total,High,2016,38799.154
weo-2026-04,UGA,total,High,2017,40177.388
weo-2026-04,UGA,total,High,2018,41565.831
weo-2026-04,UGA,total,High,2019,42999.639
weo-2026-04,UGA,total,High,2020,44457.154
weo-2026-04,UGA,total,High,2021,45910.932
weo-2026-04,UGA,total,High,2022,47312.721
weo-2026-04,UGA,total,High,2023,48656.603
weo-2026-04,UGA,total,High,2024,50065.549999999996
weo-2026-04,UGA,total,High,2025,51537.669
weo-2026-04,UGA,total,High,2026,53019.488
weo-2026-04,UGA,total,High,2027,54510.642
weo-2026-04,UGA,total,High,2028,56010.451
weo-2026-04,UGA,total,High,2029,57549.669
weo-2026-04,UGA,total,High,2030,59127.673
weo-2026-04,UGA,total,High,2031,60711.761
weo-2026-04,UGA,total,High,2032,62295.787
weo-2026-04,UGA,total,High,2033,63874.087999999996
weo-2026-04,UGA,total,High,2034,65477.695
weo-2026-04,UGA,total,High,2035,67114.851
weo-2026-04,UGA,total,High,2036,68754.878
weo-2026-04,UGA,total,High,2037,70401.72899999999
weo-2026-04,UGA,total,High,2038,72055.426
weo-2026-04,UGA,total,High,2039,73703.768
weo-2026-04,UGA,total,High,2040,75352.474
weo-2026-04,UGA,total,High,2041,77011.813
weo-2026-04,UGA,total,High,2042,78686.958
weo-2026-04,UGA,total,High,2043,80378.094
weo-2026-04,UGA,total,High,2044,82080.422
weo-2026-04,UGA,total,High,2045,83787.395
weo-2026-04,UGA,total,High,2046,85502.823
weo-2026-04,UGA,total,High,2047,87233.193
weo-2026-04,UGA,total,High,2048,88975.636
weo-2026-04,UGA,total,High,2049,90721.061
weo-2026-04,UGA,total,High,2050,92468.80500000001
weo-2026-04,UGA,total,High,2051,94222.734
weo-2026-04,UGA,total,High,2052,95985.357
weo-2026-04,UGA,total,High,2053,97757.932
weo-2026-04,UGA,total,High,2054,99533.508
weo-2026-04,UGA,total,High,2055,101307.056
weo-2026-04,UGA,total,High,2056,103079.698
weo-2026-04,UGA,total,High,2057,104854.93
weo-2026-04,UGA,total,High,2058,106632.492
weo-2026-04,UGA,total,High,2059,108407.075
weo-2026-04,UGA,total,High,2060,110172.303
weo-2026-04,UGA,total,High,2061,111938.272
weo-2026-04,UGA,total,High,2062,113707.20999999999
weo-2026-04,UGA,total,High,2063,115466.52
weo-2026-04,UGA,total,High,2064,117219.611
weo-2026-04,UGA,total,High,2065,118963.439
weo-2026-04,UGA,total,High,2066,120698.186
weo-2026-04,UGA,total,High,2067,122426.504
weo-2026-04,UGA,total,High,2068,124144.754
weo-2026-04,UGA,total,High,2069,125851.557
weo-2026-04,UGA,total,High,2070,127553.989
weo-2026-04,UGA,total,High,2071,129248.669
weo-2026-04,UGA,total,High,2072,130932.058
weo-2026-04,UGA,total,High,2073,132605.378
weo-2026-04,UGA,total,High,2074,134268.316
weo-2026-04,UGA,total,High,2075,135928.194
weo-2026-04,UGA,total,High,2076,137582.68
weo-2026-04,UGA,total,High,2077,139221.988
weo-2026-04,UGA,total,High,2078,140848.82
weo-2026-04,UGA,total,High,2079,142461.03
weo-2026-04,UGA,total,High,2080,144062.543
weo-2026-04,UGA,total,High,2081,145654.95799999998
weo-2026-04,UGA,total,High,2082,147233.299
weo-2026-04,UGA,total,High,2083,148803.794
weo-2026-04,UGA,total,High,2084,150356.23500000002
weo-2026-04,UGA,total,High,2085,151888.072
weo-2026-04,UGA,total,High,2086,153405.04
weo-2026-04,UGA,total,High,2087,154916.328
weo-2026-04,UGA,total,High,2088,156419.534
weo-2026-04,UGA,total,High,2089,157910.702
weo-2026-04,UGA,total,High,2090,159387.645
weo-2026-04,UGA,total,High,2091,160843.478
weo-2026-04,UGA,total,High,2092,162286.726
weo-2026-04,UGA,total,High,2093,163718.464
weo-2026-04,UGA,total,High,2094,165128.407
weo-2026-04,UGA,total,High,2095,166529.67
weo-2026-04,UGA,total,High,2096,167916.02
weo-2026-04,UGA,total,High,2097,169279.919
weo-2026-04,UGA,total,High,2098,170633.019
weo-2026-04,UGA,total,High,2099,171979.951
weo-2026-04,KEN,working_age,Low,2009,21881.525
weo-2026-04,KEN,working_age,Low,2010,22580.905000000002
weo-2026-04,KEN,working_age,Low,2011,23276.814000000002
weo-2026-04,KEN,working_age,Low,2012,23981.296
weo-2026-04,KEN,working_age,Low,2013,24700.814000000002
weo-2026-04,KEN,working_age,Low,2014,25425.715
weo-2026-04,KEN,working_age,Low,2015,26161.395
weo-2026-04,KEN,working_age,Low,2016,26948.413999999997
weo-2026-04,KEN,working_age,Low,2017,27770.184
weo-2026-04,KEN,working_age,Low,2018,28569.552
weo-2026-04,KEN,working_age,Low,2019,29382.342
weo-2026-04,KEN,working_age,Low,2020,30247.734
weo-2026-04,KEN,working_age,Low,2021,31129.981
weo-2026-04,KEN,working_age,Low,2022,32044.127
weo-2026-04,KEN,working_age,Low,2023,33003.94
weo-2026-04,KEN,working_age,Low,2024,33971.375
weo-2026-04,KEN,working_age,Low,2025,34934.452
weo-2026-04,KEN,working_age,Low,2026,35879.221
weo-2026-04,KEN,working_age,Low,2027,36794.797
weo-2026-04,KEN,working_age,Low,2028,37678.202
weo-2026-04,KEN,working_age,Low,2029,38535.601
weo-2026-04,KEN,working_age,Low,2030,39379.456
weo-2026-04,KEN,working_age,Low,2031,40213.423
weo-2026-04,KEN,working_age,Low,2032,41035.1
weo-2026-04,KEN,working_age,Low,2033,41846.585
weo-2026-04,KEN,working_age,Low,2034,42644.167
weo-2026-04,KEN,working_age,Low,2035,43429.174
weo-2026-04,KEN,working_age,Low,2036,44214.376
weo-2026-04,KEN,working_age,Low,2037,45003.314
weo-2026-04,KEN,working_age,Low,2038,45797.353
weo-2026-04,KEN,working_age,Low,2039,46540.027
weo-2026-04,KEN,working_age,Low,2040,47228.505
weo-2026-04,KEN,working_age,Low,2041,47915.532
weo-2026-04,KEN,working_age,Low,2042,48599.682
weo-2026-04,KEN,working_age,Low,2043,49279.732
weo-2026-04,KEN,working_age,Low,2044,49914.734000000004
weo-2026-04,KEN,working_age,Low,2045,50503.081
weo-2026-04,KEN,working_age,Low,2046,51081.459
weo-2026-04,KEN,working_age,Low,2047,51648.028
weo-2026-04,KEN,working_age,Low,2048,52198.752
weo-2026-04,KEN,working_age,Low,2049,52702.878
weo-2026-04,KEN,working_age,Low,2050,53159.668
weo-2026-04,KEN,working_age,Low,2051,53595.011
weo-2026-04,KEN,working_age,Low,2052,54004.111
weo-2026-04,KEN,working_age,Low,2053,54387.548
weo-2026-04,KEN,working_age,Low,2054,54747.894
weo-2026-04,KEN,working_age,Low,2055,55088.374
weo-2026-04,KEN,working_age,Low,2056,55411.084
weo-2026-04,KEN,working_age,Low,2057,55718.641
weo-2026-04,KEN,working_age,Low,2058,56009.472
weo-2026-04,KEN,working_age,Low,2059,56273.191
weo-2026-04,KEN,working_age,Low,2060,56502.417
weo-2026-04,KEN,working_age,Low,2061,56697.053
weo-2026-04,KEN,working_age,Low,2062,56857.689
weo-2026-04,KEN,working_age,Low,2063,56978.687
weo-2026-04,KEN,working_age,Low,2064,57060.234000000004
weo-2026-04,KEN,working_age,Low,2065,57102.104
weo-2026-04,KEN,working_age,Low,2066,57103.349
weo-2026-04,KEN,working_age,Low,2067,57065.526
weo-2026-04,KEN,working_age,Low,2068,56991.951
weo-2026-04,KEN,working_age,Low,2069,56883.791
weo-2026-04,KEN,working_age,Low,2070,56737.509
weo-2026-04,KEN,working_age,Low,2071,56553.307
weo-2026-04,KEN,working_age,Low,2072,56330.294
weo-2026-04,KEN,working_age,Low,2073,56067.074
weo-2026-04,KEN,working_age,Low,2074,55770.896
weo-2026-04,KEN,working_age,Low,2075,55452.088
weo-2026-04,KEN,working_age,Low,2076,55121.929000000004
weo-2026-04,KEN,working_age,Low,2077,54787.883
weo-2026-04,KEN,working_age,Low,2078,54449.494
weo-2026-04,KEN,working_age,Low,2079,54105.694
weo-2026-04,KEN,working_age,Low,2080,53752.674999999996
weo-2026-04,KEN,working_age,Low,2081,53385.086
weo-2026-04,KEN,working_age,Low,2082,53000.842000000004
weo-2026-04,KEN,working_age,Low,2083,52601.674
weo-2026-04,KEN,working_age,Low,2084,52189.378
weo-2026-04,KEN,working_age,Low,2085,51762.957
weo-2026-04,KEN,working_age,Low,2086,51316.665
weo-2026-04,KEN,working_age,Low,2087,50848.157
weo-2026-04,KEN,working_age,Low,2088,50358.721
weo-2026-04,KEN,working_age,Low,2089,49887.618
weo-2026-04,KEN,working_age,Low,2090,49434.805
weo-2026-04,KEN,working_age,Low,2091,48958.26
weo-2026-04,KEN,working_age,Low,2092,48456.795
weo-2026-04,KEN,working_age,Low,2093,47930.913
weo-2026-04,KEN,working_age,Low,2094,47411.634000000005
weo-2026-04,KEN,working_age,Low,2095,46903.437
weo-2026-04,KEN,working_age,Low,2096,46377.856
weo-2026-04,KEN,working_age,Low,2097,45832.015
weo-2026-04,KEN,working_age,Low,2098,45271.799
weo-2026-04,KEN,working_age,Low,2099,44723.21
weo-2026-04,KEN,working_age,Medium,2009,21881.525
weo-2026-04,KEN,working_age,Medium,2010,22580.905000000002
weo-2026-04,KEN,working_age,Medium,2011,23276.814000000002
weo-2026-04,KEN,working_age,Medium,2012,23981.296
weo-2026-04,KEN,working_age,Medium,2013,24700.814000000002
weo-2026-04,KEN,working_age,Medium,2014,25425.715
weo-2026-04,KEN,working_age,Medium,2015,26161.395
weo-2026-04,KEN,working_age,Medium,2016,26948.413999999997
weo-2026-04,KEN,working_age,Medium,2017,27770.184
weo-2026-04,KEN,working_age,Medium,2018,28569.552
weo-2026-04,KEN,working_age,Medium,2019,29382.342
weo-2026-04,KEN,working_age,Medium,2020,30247.734
weo-2026-04,KEN,working_age,Medium,2021,31129.981
weo-2026-04,KEN,working_age,Medium,2022,32044.127
weo-2026-04,KEN,working_age,Medium,2023,33003.94
weo-2026-04,KEN,working_age,Medium,2024,33971.375
weo-2026-04,KEN,working_age,Medium,2025,34934.452
weo-2026-04,KEN,working_age,Medium,2026,35879.221
weo-2026-04,KEN,working_age,Medium,2027,36794.797
weo-2026-04,KEN,working_age,Medium,2028,37678.202
weo-2026-04,KEN,working_age,Medium,2029,38535.601
weo-2026-04,KEN,working_age,Medium,2030,39379.456
weo-2026-04,KEN,working_age,Medium,2031,40213.423
weo-2026-04,KEN,working_age,Medium,2032,41035.1
weo-2026-04,KEN,working_age,Medium,2033,41846.585
weo-2026-04,KEN,working_age,Medium,2034,42644.167
weo-2026-04,KEN,working_age,Medium,2035,43429.174
weo-2026-04,KEN,working_age,Medium,2036,44214.376
weo-2026-04,KEN,working_age,Medium,2037,45003.314
weo-2026-04,KEN,working_age,Medium,2038,45797.353
weo-2026-04,KEN,working_age,Medium,2039,46597.26
weo-2026-04,KEN,working_age,Medium,2040,47401.756
weo-2026-04,KEN,working_age,Medium,2041,48207.898
weo-2026-04,KEN,working_age,Medium,2042,49014.241
weo-2026-04,KEN,working_age,Medium,2043,49819.524
weo-2026-04,KEN,working_age,Medium,2044,50621.806000000004
weo-2026-04,KEN,working_age,Medium,2045,51420.195
weo-2026-04,KEN,working_age,Medium,2046,52212.913
weo-2026-04,KEN,working_age,Medium,2047,52997.797999999995
weo-2026-04,KEN,working_age,Medium,2048,53770.45
weo-2026-04,KEN,working_age,Medium,2049,54528.344
weo-2026-04,KEN,working_age,Medium,2050,55270.758
weo-2026-04,KEN,working_age,Medium,2051,55994.963
weo-2026-04,KEN,working_age,Medium,2052,56695.796
weo-2026-04,KEN,working_age,Medium,2053,57373.503
weo-2026-04,KEN,working_age,Medium,2054,58030.403
weo-2026-04,KEN,working_age,Medium,2055,58669.603
weo-2026-04,KEN,working_age,Medium,2056,59293.304000000004
weo-2026-04,KEN,working_age,Medium,2057,59904.568
weo-2026-04,KEN,working_age,Medium,2058,60502.696
weo-2026-04,KEN,working_age,Medium,2059,61078.465
weo-2026-04,KEN,working_age,Medium,2060,61625.767
weo-2026-04,KEN,working_age,Medium,2061,62145.74
weo-2026-04,KEN,working_age,Medium,2062,62640.089
weo-2026-04,KEN,working_age,Medium,2063,63104.258
weo-2026-04,KEN,working_age,Medium,2064,63539.401
weo-2026-04,KEN,working_age,Medium,2065,63946.14
weo-2026-04,KEN,working_age,Medium,2066,64324.312
weo-2026-04,KEN,working_age,Medium,2067,64676.087
weo-2026-04,KEN,working_age,Medium,2068,65005.287
weo-2026-04,KEN,working_age,Medium,2069,65313.436
weo-2026-04,KEN,working_age,Medium,2070,65597.164
weo-2026-04,KEN,working_age,Medium,2071,65856.625
weo-2026-04,KEN,working_age,Medium,2072,66090.641
weo-2026-04,KEN,working_age,Medium,2073,66297.248
weo-2026-04,KEN,working_age,Medium,2074,66482.92199999999
weo-2026-04,KEN,working_age,Medium,2075,66657.014
weo-2026-04,KEN,working_age,Medium,2076,66829.51
weo-2026-04,KEN,working_age,Medium,2077,67006.71
weo-2026-04,KEN,working_age,Medium,2078,67186.946
weo-2026-04,KEN,working_age,Medium,2079,67368.011
weo-2026-04,KEN,working_age,Medium,2080,67545.247
weo-2026-04,KEN,working_age,Medium,2081,67712.214
weo-2026-04,KEN,working_age,Medium,2082,67865.824
weo-2026-04,KEN,working_age,Medium,2083,68007.114
weo-2026-04,KEN,working_age,Medium,2084,68137.101
weo-2026-04,KEN,working_age,Medium,2085,68254.462
weo-2026-04,KEN,working_age,Medium,2086,68353.361
weo-2026-04,KEN,working_age,Medium,2087,68431.303
weo-2026-04,KEN,working_age,Medium,2088,68489.264
weo-2026-04,KEN,working_age,Medium,2089,68524.59
weo-2026-04,KEN,working_age,Medium,2090,68537.147
weo-2026-04,KEN,working_age,Medium,2091,68526.16
weo-2026-04,KEN,working_age,Medium,2092,68490.484
weo-2026-04,KEN,working_age,Medium,2093,68430.983
weo-2026-04,KEN,working_age,Medium,2094,68349.83899999999
weo-2026-04,KEN,working_age,Medium,2095,68251.707
weo-2026-04,KEN,working_age,Medium,2096,68137.206
weo-2026-04,KEN,working_age,Medium,2097,68003.802
weo-2026-04,KEN,working_age,Medium,2098,67857.883
weo-2026-04,KEN,working_age,Medium,2099,67704.194
weo-2026-04,KEN,working_age,High,2009,21881.525
weo-2026-04,KEN,working_age,High,2010,22580.905000000002
weo-2026-04,KEN,working_age,High,2011,23276.814000000002
weo-2026-04,KEN,working_age,High,2012,23981.296
weo-2026-04,KEN,working_age,High,2013,24700.814000000002
weo-2026-04,KEN,working_age,High,2014,25425.715
weo-2026-04,KEN,working_age,High,2015,26161.395
weo-2026-04,KEN,working_age,High,2016,26948.413999999997
weo-2026-04,KEN,working_age,High,2017,27770.184
weo-2026-04,KEN,working_age,High,2018,28569.552
weo-2026-04,KEN,working_age,High,2019,29382.342
weo-2026-04,KEN,working_age,High,2020,30247.734
weo-2026-04,KEN,working_age,High,2021,31129.981
weo-2026-04,KEN,working_age,High,2022,32044.127
weo-2026-04,KEN,working_age,High,2023,33003.94
weo-2026-04,KEN,working_age,High,2024,33971.375
weo-2026-04,KEN,working_age,High,2025,34934.452
weo-2026-04,KEN,working_age,High,2026,35879.221
weo-2026-04,KEN,working_age,High,2027,36794.797
weo-2026-04,KEN,working_age,High,2028,37678.202
weo-2026-04,KEN,working_age,High,2029,38535.601
weo-2026-04,KEN,working_age,High,2030,39379.456
weo-2026-04,KEN,working_age,High,2031,40213.423
weo-2026-04,KEN,working_age,High,2032,41035.1
weo-2026-04,KEN,working_age,High,2033,41846.585
weo-2026-04,KEN,working_age,High,2034,42644.167
weo-2026-04,KEN,working_age,High,2035,43429.174
weo-2026-04,KEN,working_age,High,2036,44214.376
weo-2026-04,KEN,working_age,High,2037,45003.314
weo-2026-04,KEN,working_age,High,2038,45797.353
weo-2026-04,KEN,working_age,High,2039,46654.497
weo-2026-04,KEN,working_age,High,2040,47575.027
weo-2026-04,KEN,working_age,High,2041,48500.328
weo-2026-04,KEN,working_age,High,2042,49428.955
weo-2026-04,KEN,working_age,High,2043,50359.618
weo-2026-04,KEN,working_age,High,2044,51329.12
weo-2026-04,KEN,working_age,High,2045,52337.563
weo-2026-04,KEN,working_age,High,2046,53345.019
weo-2026-04,KEN,working_age,High,2047,54348.75
weo-2026-04,KEN,working_age,High,2048,55343.952
weo-2026-04,KEN,working_age,High,2049,56356.29
weo-2026-04,KEN,working_age,High,2050,57385.08
weo-2026-04,KEN,working_age,High,2051,58398.990000000005
weo-2026-04,KEN,working_age,High,2052,59392.422
weo-2026-04,KEN,working_age,High,2053,60365.277
weo-2026-04,KEN,working_age,High,2054,61319.629
weo-2026-04,KEN,working_age,High,2055,62258.519
weo-2026-04,KEN,working_age,High,2056,63184.396
weo-2026-04,KEN,working_age,High,2057,64101.1
weo-2026-04,KEN,working_age,High,2058,65009.311
weo-2026-04,KEN,working_age,High,2059,65901.705
weo-2026-04,KEN,working_age,High,2060,66774.302
weo-2026-04,KEN,working_age,High,2061,67630.268
weo-2026-04,KEN,working_age,High,2062,68473.15
weo-2026-04,KEN,working_age,High,2063,69300.14
weo-2026-04,KEN,working_age,High,2064,70114.018
weo-2026-04,KEN,working_age,High,2065,70916.867
weo-2026-04,KEN,working_age,High,2066,71709.792
weo-2026-04,KEN,working_age,High,2067,72496.011
weo-2026-04,KEN,working_age,High,2068,73280.2
weo-2026-04,KEN,working_age,High,2069,74064.572
weo-2026-04,KEN,working_age,High,2070,74846.17599999999
weo-2026-04,KEN,working_age,High,2071,75625.19
weo-2026-04,KEN,working_age,High,2072,76400.05
weo-2026-04,KEN,working_age,High,2073,77168.022
weo-2026-04,KEN,working_age,High,2074,77934.491
weo-2026-04,KEN,working_age,High,2075,78707.374
weo-2026-04,KEN,working_age,High,2076,79494.813
weo-2026-04,KEN,working_age,High,2077,80301.397
weo-2026-04,KEN,working_age,High,2078,81123.813
weo-2026-04,KEN,working_age,High,2079,81958.356
weo-2026-04,KEN,working_age,High,2080,82799.304
weo-2026-04,KEN,working_age,High,2081,83638.996
weo-2026-04,KEN,working_age,High,2082,84473.367
weo-2026-04,KEN,working_age,High,2083,85302.95
weo-2026-04,KEN,working_age,High,2084,86128.332
weo-2026-04,KEN,working_age,High,2085,86948.311
weo-2026-04,KEN,working_age,High,2086,87757.518
weo-2026-04,KEN,working_age,High,2087,88553.974
weo-2026-04,KEN,working_age,High,2088,89339.081
weo-2026-04,KEN,working_age,High,2089,90068.997
weo-2026-04,KEN,working_age,High,2090,90744.303
weo-2026-04,KEN,working_age,High,2091,91406.264
weo-2026-04,KEN,working_age,High,2092,92054.534
weo-2026-04,KEN,working_age,High,2093,92691.04
weo-2026-04,KEN,working_age,High,2094,93289.913
weo-2026-04,KEN,working_age,High,2095,93856.265
weo-2026-04,KEN,working_age,High,2096,94419.906
weo-2026-04,KEN,working_age,High,2097,94979.022
weo-2026-04,KEN,working_age,High,2098,95540.572
weo-2026-04,KEN,working_age,High,2099,96088.009
weo-2026-04,KEN,total,Low,2009,40408.89
weo-2026-04,KEN,total,Low,2010,41598.566
weo-2026-04,KEN,total,Low,2011,42758.462
weo-2026-04,KEN,total,Low,2012,43888.303
weo-2026-04,KEN,total,Low,2013,44986.788
weo-2026-04,KEN,total,Low,2014,46051.437
weo-2026-04,KEN,total,Low,2015,47088.526
weo-2026-04,KEN,total,Low,2016,48139.687
weo-2026-04,KEN,total,Low,2017,49197.766
weo-2026-04,KEN,total,Low,2018,50207.109
weo-2026-04,KEN,total,Low,2019,51202.827
weo-2026-04,KEN,total,Low,2020,52217.337
weo-2026-04,KEN,total,Low,2021,53219.166
weo-2026-04,KEN,total,Low,2022,54252.460999999996
weo-2026-04,KEN,total,Low,2023,55339.005
weo-2026-04,KEN,total,Low,2024,56374.364
weo-2026-04,KEN,total,Low,2025,57355.51
weo-2026-04,KEN,total,Low,2026,58338.387
weo-2026-04,KEN,total,Low,2027,59323.808
weo-2026-04,KEN,total,Low,2028,60311.619
weo-2026-04,KEN,total,Low,2029,61260.566
weo-2026-04,KEN,total,Low,2030,62170.35
weo-2026-04,KEN,total,Low,2031,63080.835
weo-2026-04,KEN,total,Low,2032,63988.408
weo-2026-04,KEN,total,Low,2033,64889.152
weo-2026-04,KEN,total,Low,2034,65751.358
weo-2026-04,KEN,total,Low,2035,66572.517
weo-2026-04,KEN,total,Low,2036,67382.098
weo-2026-04,KEN,total,Low,2037,68177.19099999999
weo-2026-04,KEN,total,Low,2038,68958.516
weo-2026-04,KEN,total,Low,2039,69723.55500000001
weo-2026-04,KEN,total,Low,2040,70470.352
weo-2026-04,KEN,total,Low,2041,71198.915
weo-2026-04,KEN,total,Low,2042,71906.251
weo-2026-04,KEN,total,Low,2043,72589.63
weo-2026-04,KEN,total,Low,2044,73246.263
weo-2026-04,KEN,total,Low,2045,73874.391
weo-2026-04,KEN,total,Low,2046,74474.461
weo-2026-04,KEN,total,Low,2047,75048.371
weo-2026-04,KEN,total,Low,2048,75595.053
weo-2026-04,KEN,total,Low,2049,76115.862
weo-2026-04,KEN,total,Low,2050,76612.184
weo-2026-04,KEN,total,Low,2051,77082.839
weo-2026-04,KEN,total,Low,2052,77524.391
weo-2026-04,KEN,total,Low,2053,77936.243
weo-2026-04,KEN,total,Low,2054,78319.239
weo-2026-04,KEN,total,Low,2055,78675.092
weo-2026-04,KEN,total,Low,2056,79005.082
weo-2026-04,KEN,total,Low,2057,79313.438
weo-2026-04,KEN,total,Low,2058,79600.682
weo-2026-04,KEN,total,Low,2059,79859.392
weo-2026-04,KEN,total,Low,2060,80088.994
weo-2026-04,KEN,total,Low,2061,80292.404
weo-2026-04,KEN,total,Low,2062,80469.225
weo-2026-04,KEN,total,Low,2063,80614.369
weo-2026-04,KEN,total,Low,2064,80728.15
weo-2026-04,KEN,total,Low,2065,80812.972
weo-2026-04,KEN,total,Low,2066,80870.703
weo-2026-04,KEN,total,Low,2067,80901.147
weo-2026-04,KEN,total,Low,2068,80903.797
weo-2026-04,KEN,total,Low,2069,80879.186
weo-2026-04,KEN,total,Low,2070,80826.293
weo-2026-04,KEN,total,Low,2071,80747.624
weo-2026-04,KEN,total,Low,2072,80643.67
weo-2026-04,KEN,total,Low,2073,80509.414
weo-2026-04,KEN,total,Low,2074,80345.254
weo-2026-04,KEN,total,Low,2075,80155.851
weo-2026-04,KEN,total,Low,2076,79943.802
weo-2026-04,KEN,total,Low,2077,79707.654
weo-2026-04,KEN,total,Low,2078,79444.404
weo-2026-04,KEN,total,Low,2079,79157.682
weo-2026-04,KEN,total,Low,2080,78851.526
weo-2026-04,KEN,total,Low,2081,78522.155
weo-2026-04,KEN,total,Low,2082,78166.015
weo-2026-04,KEN,total,Low,2083,77787.675
weo-2026-04,KEN,total,Low,2084,77388.311
weo-2026-04,KEN,total,Low,2085,76969.08
weo-2026-04,KEN,total,Low,2086,76532.652
weo-2026-04,KEN,total,Low,2087,76078.14
weo-2026-04,KEN,total,Low,2088,75607.17
weo-2026-04,KEN,total,Low,2089,75121.342
weo-2026-04,KEN,total,Low,2090,74619.324
weo-2026-04,KEN,total,Low,2091,74098.617
weo-2026-04,KEN,total,Low,2092,73559.682
weo-2026-04,KEN,total,Low,2093,73003.334
weo-2026-04,KEN,total,Low,2094,72431.561
weo-2026-04,KEN,total,Low,2095,71849.053
weo-2026-04,KEN,total,Low,2096,71256.678
weo-2026-04,KEN,total,Low,2097,70649.222
weo-2026-04,KEN,total,Low,2098,70030.577
weo-2026-04,KEN,total,Low,2099,69404.057
weo-2026-04,KEN,total,Medium,2009,40408.89
weo-2026-04,KEN,total,Medium,2010,41598.566
weo-2026-04,KEN,total,Medium,2011,42758.462
weo-2026-04,KEN,total,Medium,2012,43888.303
weo-2026-04,KEN,total,Medium,2013,44986.788
weo-2026-04,KEN,total,Medium,2014,46051.437
weo-2026-04,KEN,total,Medium,2015,47088.526
weo-2026-04,KEN,total,Medium,2016,48139.687
weo-2026-04,KEN,total,Medium,2017,49197.766
weo-2026-04,KEN,total,Medium,2018,50207.109
weo-2026-04,KEN,total,Medium,2019,51202.827
weo-2026-04,KEN,total,Medium,2020,52217.337
weo-2026-04,KEN,total,Medium,2021,53219.166
weo-2026-04,KEN,total,Medium,2022,54252.460999999996
weo-2026-04,KEN,total,Medium,2023,55339.005
weo-2026-04,KEN,total,Medium,2024,56432.943
weo-2026-04,KEN,total,Medium,2025,57532.49
weo-2026-04,KEN,total,Medium,2026,58636.414
weo-2026-04,KEN,total,Medium,2027,59745.751
weo-2026-04,KEN,total,Medium,2028,60860.445999999996
weo-2026-04,KEN,total,Medium,2029,61979.187
weo-2026-04,KEN,total,Medium,2030,63102.246
weo-2026-04,KEN,total,Medium,2031,64230.117
weo-2026-04,KEN,total,Medium,2032,65359.033
weo-2026-04,KEN,total,Medium,2033,66484.811
weo-2026-04,KEN,total,Medium,2034,67604.631
weo-2026-04,KEN,total,Medium,2035,68715.911
weo-2026-04,KEN,total,Medium,2036,69818.887
weo-2026-04,KEN,total,Medium,2037,70910.401
weo-2026-04,KEN,total,Medium,2038,71990.933
weo-2026-04,KEN,total,Medium,2039,73057.766
weo-2026-04,KEN,total,Medium,2040,74108.863
weo-2026-04,KEN,total,Medium,2041,75144.353
weo-2026-04,KEN,total,Medium,2042,76161.723
weo-2026-04,KEN,total,Medium,2043,77159.126
weo-2026-04,KEN,total,Medium,2044,78134.98300000001
weo-2026-04,KEN,total,Medium,2045,79088.837
weo-2026-04,KEN,total,Medium,2046,80022.378
weo-2026-04,KEN,total,Medium,2047,80938.644
weo-2026-04,KEN,total,Medium,2048,81837.666
weo-2026-04,KEN,total,Medium,2049,82721.77
weo-2026-04,KEN,total,Medium,2050,83593.237
weo-2026-04,KEN,total,Medium,2051,84451.673
weo-2026-04,KEN,total,Medium,2052,85294.266
weo-2026-04,KEN,total,Medium,2053,86120.946
weo-2026-04,KEN,total,Medium,2054,86932.931
weo-2026-04,KEN,total,Medium,2055,87732.149
weo-2026-04,KEN,total,Medium,2056,88519.875
weo-2026-04,KEN,total,Medium,2057,89300.069
weo-2026-04,KEN,total,Medium,2058,90072.743
weo-2026-04,KEN,total,Medium,2059,90829.759
weo-2026-04,KEN,total,Medium,2060,91569.579
weo-2026-04,KEN,total,Medium,2061,92293.872
weo-2026-04,KEN,total,Medium,2062,93001.112
weo-2026-04,KEN,total,Medium,2063,93685.073
weo-2026-04,KEN,total,Medium,2064,94345.003
weo-2026-04,KEN,total,Medium,2065,94982.483
weo-2026-04,KEN,total,Medium,2066,95598.34
weo-2026-04,KEN,total,Medium,2067,96191.418
weo-2026-04,KEN,total,Medium,2068,96760.579
weo-2026-04,KEN,total,Medium,2069,97305.743
weo-2026-04,KEN,total,Medium,2070,97825.657
weo-2026-04,KEN,total,Medium,2071,98322.81
weo-2026-04,KEN,total,Medium,2072,98797.657
weo-2026-04,KEN,total,Medium,2073,99244.96800000001
weo-2026-04,KEN,total,Medium,2074,99664.917
weo-2026-04,KEN,total,Medium,2075,100062.621
weo-2026-04,KEN,total,Medium,2076,100440.789
weo-2026-04,KEN,total,Medium,2077,100797.997
weo-2026-04,KEN,total,Medium,2078,101131.617
weo-2026-04,KEN,total,Medium,2079,101445.387
weo-2026-04,KEN,total,Medium,2080,101743.622
weo-2026-04,KEN,total,Medium,2081,102022.686
weo-2026-04,KEN,total,Medium,2082,102279.086
weo-2026-04,KEN,total,Medium,2083,102517.57800000001
weo-2026-04,KEN,total,Medium,2084,102739.284
weo-2026-04,KEN,total,Medium,2085,102945.215
weo-2026-04,KEN,total,Medium,2086,103137.634
weo-2026-04,KEN,total,Medium,2087,103314.922
weo-2026-04,KEN,total,Medium,2088,103478.201
weo-2026-04,KEN,total,Medium,2089,103628.69
weo-2026-04,KEN,total,Medium,2090,103764.128
weo-2026-04,KEN,total,Medium,2091,103881.425
weo-2026-04,KEN,total,Medium,2092,103980.501
weo-2026-04,KEN,total,Medium,2093,104061.382
weo-2026-04,KEN,total,Medium,2094,104125.113
weo-2026-04,KEN,total,Medium,2095,104175.476
weo-2026-04,KEN,total,Medium,2096,104212.776
weo-2026-04,KEN,total,Medium,2097,104231.293
weo-2026-04,KEN,total,Medium,2098,104234.505
weo-2026-04,KEN,total,Medium,2099,104224.937
weo-2026-04,KEN,total,High,2009,40408.89
weo-2026-04,KEN,total,High,2010,41598.566
weo-2026-04,KEN,total,High,2011,42758.462
weo-2026-04,KEN,total,High,2012,43888.303
weo-2026-04,KEN,total,High,2013,44986.788
weo-2026-04,KEN,total,High,2014,46051.437
weo-2026-04,KEN,total,High,2015,47088.526
weo-2026-04,KEN,total,High,2016,48139.687
weo-2026-04,KEN,total,High,2017,49197.766
weo-2026-04,KEN,total,High,2018,50207.109
weo-2026-04,KEN,total,High,2019,51202.827
weo-2026-04,KEN,total,High,2020,52217.337
weo-2026-04,KEN,total,High,2021,53219.166
weo-2026-04,KEN,total,High,2022,54252.460999999996
weo-2026-04,KEN,total,High,2023,55339.005
weo-2026-04,KEN,total,High,2024,56491.526
weo-2026-04,KEN,total,High,2025,57709.493
weo-2026-04,KEN,total,High,2026,58934.509
weo-2026-04,KEN,total,High,2027,60167.852999999996
weo-2026-04,KEN,total,High,2028,61409.579
weo-2026-04,KEN,total,High,2029,62698.05
weo-2026-04,KEN,total,High,2030,64034.402
weo-2026-04,KEN,total,High,2031,65380.064
weo-2026-04,KEN,total,High,2032,66730.86
weo-2026-04,KEN,total,High,2033,68082.302
weo-2026-04,KEN,total,High,2034,69460.419
weo-2026-04,KEN,total,High,2035,70862.585
weo-2026-04,KEN,total,High,2036,72259.809
weo-2026-04,KEN,total,High,2037,73648.62299999999
weo-2026-04,KEN,total,High,2038,75029.253
weo-2026-04,KEN,total,High,2039,76398.793
weo-2026-04,KEN,total,High,2040,77755.165
weo-2026-04,KEN,total,High,2041,79098.789
weo-2026-04,KEN,total,High,2042,80427.947
weo-2026-04,KEN,total,High,2043,81742.21
weo-2026-04,KEN,total,High,2044,83041.944
weo-2026-04,KEN,total,High,2045,84328.85
weo-2026-04,KEN,total,High,2046,85606.668
weo-2026-04,KEN,total,High,2047,86880.316
weo-2026-04,KEN,total,High,2048,88151.599
weo-2026-04,KEN,total,High,2049,89424.471
weo-2026-04,KEN,total,High,2050,90702.708
weo-2026-04,KEN,total,High,2051,91987.21800000001
weo-2026-04,KEN,total,High,2052,93276.236
weo-2026-04,KEN,total,High,2053,94570.584
weo-2026-04,KEN,total,High,2054,95872.192
weo-2026-04,KEN,total,High,2055,97183.44
weo-2026-04,KEN,total,High,2056,98505.674
weo-2026-04,KEN,total,High,2057,99842.53199999999
weo-2026-04,KEN,total,High,2058,101193.27
weo-2026-04,KEN,total,High,2059,102548.71800000001
weo-2026-04,KEN,total,High,2060,103905.945
weo-2026-04,KEN,total,High,2061,105264.799
weo-2026-04,KEN,total,High,2062,106622.102
weo-2026-04,KEN,total,High,2063,107970.049
weo-2026-04,KEN,total,High,2064,109306.473
weo-2026-04,KEN,total,High,2065,110631.914
weo-2026-04,KEN,total,High,2066,111946.029
weo-2026-04,KEN,total,High,2067,113246.753
weo-2026-04,KEN,total,High,2068,114532.50200000001
weo-2026-04,KEN,total,High,2069,115802.924
weo-2026-04,KEN,total,High,2070,117057.029
weo-2026-04,KEN,total,High,2071,118297.855
weo-2026-04,KEN,total,High,2072,119526.478
weo-2026-04,KEN,total,High,2073,120738.194
weo-2026-04,KEN,total,High,2074,121933.71
weo-2026-04,KEN,total,High,2075,123119.446
weo-2026-04,KEN,total,High,2076,124299.038
weo-2026-04,KEN,total,High,2077,125471.844
weo-2026-04,KEN,total,High,2078,126636.366
weo-2026-04,KEN,total,High,2079,127797.03199999999
weo-2026-04,KEN,total,High,2080,128958.985
weo-2026-04,KEN,total,High,2081,130119.063
weo-2026-04,KEN,total,High,2082,131274.031
weo-2026-04,KEN,total,High,2083,132428.907
weo-2026-04,KEN,total,High,2084,133584.693
weo-2026-04,KEN,total,High,2085,134742.03
weo-2026-04,KEN,total,High,2086,135902.414
weo-2026-04,KEN,total,High,2087,137063.022
weo-2026-04,KEN,total,High,2088,138224.003
weo-2026-04,KEN,total,High,2089,139385.699
weo-2026-04,KEN,total,High,2090,140544.339
weo-2026-04,KEN,total,High,2091,141695.785
weo-2026-04,KEN,total,High,2092,142839.04
weo-2026-04,KEN,total,High,2093,143972.97
weo-2026-04,KEN,total,High,2094,145097.373
weo-2026-04,KEN,total,High,2095,146214.932
weo-2026-04,KEN,total,High,2096,147325.367
weo-2026-04,KEN,total,High,2097,148422.57
weo-2026-04,KEN,total,High,2098,149509.818
weo-2026-04,KEN,total,High,2099,150589.081
weo-2026-04,BGD,working_age,Low,2009,92729.409
weo-2026-04,BGD,working_age,Low,2010,93970.006
weo-2026-04,BGD,working_age,Low,2011,95340.18
weo-2026-04,BGD,working_age,Low,2012,96894.691
weo-2026-04,BGD,working_age,Low,2013,98536.133
weo-2026-04,BGD,working_age,Low,2014,100208.409
weo-2026-04,BGD,working_age,Low,2015,101869.853
weo-2026-04,BGD,working_age,Low,2016,103501.312
weo-2026-04,BGD,working_age,Low,2017,104877.348
weo-2026-04,BGD,working_age,Low,2018,105958.584
weo-2026-04,BGD,working_age,Low,2019,106964.71800000001
weo-2026-04,BGD,working_age,Low,2020,107938.075
weo-2026-04,BGD,working_age,Low,2021,108897.255
weo-2026-04,BGD,working_age,Low,2022,110260.68
weo-2026-04,BGD,working_age,Low,2023,111999.787
weo-2026-04,BGD,working_age,Low,2024,113705.227
weo-2026-04,BGD,working_age,Low,2025,115401.408
weo-2026-04,BGD,working_age,Low,2026,117061.312
weo-2026-04,BGD,working_age,Low,2027,118663.718
weo-2026-04,BGD,working_age,Low,2028,120207.388
weo-2026-04,BGD,working_age,Low,2029,121697.394
weo-2026-04,BGD,working_age,Low,2030,123142.656
weo-2026-04,BGD,working_age,Low,2031,124547.356
weo-2026-04,BGD,working_age,Low,2032,125907.793
weo-2026-04,BGD,working_age,Low,2033,127246.435
weo-2026-04,BGD,working_age,Low,2034,128577.755
weo-2026-04,BGD,working_age,Low,2035,129907.62299999999
weo-2026-04,BGD,working_age,Low,2036,131263.257
weo-2026-04,BGD,working_age,Low,2037,132635.153
weo-2026-04,BGD,working_age,Low,2038,133994.674
weo-2026-04,BGD,working_age,Low,2039,135121.449
weo-2026-04,BGD,working_age,Low,2040,135997.613
weo-2026-04,BGD,working_age,Low,2041,136817.869
weo-2026-04,BGD,working_age,Low,2042,137575.013
weo-2026-04,BGD,working_age,Low,2043,138251.415
weo-2026-04,BGD,working_age,Low,2044,138711.202
weo-2026-04,BGD,working_age,Low,2045,138932.104
weo-2026-04,BGD,working_age,Low,2046,139007.61800000002
weo-2026-04,BGD,working_age,Low,2047,138918.11800000002
weo-2026-04,BGD,working_age,Low,2048,138663.18
weo-2026-04,BGD,working_age,Low,2049,138197.018
weo-2026-04,BGD,working_age,Low,2050,137573.925
weo-2026-04,BGD,working_age,Low,2051,136924.143
weo-2026-04,BGD,working_age,Low,2052,136286.687
weo-2026-04,BGD,working_age,Low,2053,135683.226
weo-2026-04,BGD,working_age,Low,2054,135091.911
weo-2026-04,BGD,working_age,Low,2055,134478.439
weo-2026-04,BGD,working_age,Low,2056,133797.244
weo-2026-04,BGD,working_age,Low,2057,133002.845
weo-2026-04,BGD,working_age,Low,2058,132077.111
weo-2026-04,BGD,working_age,Low,2059,131016.61
weo-2026-04,BGD,working_age,Low,2060,129858.818
weo-2026-04,BGD,working_age,Low,2061,128650.004
weo-2026-04,BGD,working_age,Low,2062,127410.135
weo-2026-04,BGD,working_age,Low,2063,126151.522
weo-2026-04,BGD,working_age,Low,2064,124868.744
weo-2026-04,BGD,working_age,Low,2065,123544.09700000001
weo-2026-04,BGD,working_age,Low,2066,122160.742
weo-2026-04,BGD,working_age,Low,2067,120695.24
weo-2026-04,BGD,working_age,Low,2068,119137.081
weo-2026-04,BGD,working_age,Low,2069,117495.72200000001
weo-2026-04,BGD,working_age,Low,2070,115793.859
weo-2026-04,BGD,working_age,Low,2071,114053.13
weo-2026-04,BGD,working_age,Low,2072,112288.605
weo-2026-04,BGD,working_age,Low,2073,110509.34
weo-2026-04,BGD,working_age,Low,2074,108729.76
weo-2026-04,BGD,working_age,Low,2075,106958.863
weo-2026-04,BGD,working_age,Low,2076,105192.29000000001
weo-2026-04,BGD,working_age,Low,2077,103434.026
weo-2026-04,BGD,working_age,Low,2078,101695.905
weo-2026-04,BGD,working_age,Low,2079,99962.086
weo-2026-04,BGD,working_age,Low,2080,98215.708
weo-2026-04,BGD,working_age,Low,2081,96451.402
weo-2026-04,BGD,working_age,Low,2082,94663.758
weo-2026-04,BGD,working_age,Low,2083,92840.508
weo-2026-04,BGD,working_age,Low,2084,90964.952
weo-2026-04,BGD,working_age,Low,2085,89029.16
weo-2026-04,BGD,working_age,Low,2086,87012.229
weo-2026-04,BGD,working_age,Low,2087,84920.774
weo-2026-04,BGD,working_age,Low,2088,82787.084
weo-2026-04,BGD,working_age,Low,2089,80817.913
weo-2026-04,BGD,working_age,Low,2090,79026.289
weo-2026-04,BGD,working_age,Low,2091,77242.411
weo-2026-04,BGD,working_age,Low,2092,75467.64600000001
weo-2026-04,BGD,working_age,Low,2093,73701.906
weo-2026-04,BGD,working_age,Low,2094,72061.243
weo-2026-04,BGD,working_age,Low,2095,70548.759
weo-2026-04,BGD,working_age,Low,2096,69062.73999999999
weo-2026-04,BGD,working_age,Low,2097,67598.60399999999
weo-2026-04,BGD,working_age,Low,2098,66150.298
weo-2026-04,BGD,working_age,Low,2099,64794.488
weo-2026-04,BGD,working_age,Medium,2009,92729.409
weo-2026-04,BGD,working_age,Medium,2010,93970.006
weo-2026-04,BGD,working_age,Medium,2011,95340.18
weo-2026-04,BGD,working_age,Medium,2012,96894.691
weo-2026-04,BGD,working_age,Medium,2013,98536.133
weo-2026-04,BGD,working_age,Medium,2014,100208.409
weo-2026-04,BGD,working_age,Medium,2015,101869.853
weo-2026-04,BGD,working_age,Medium,2016,103501.312
weo-2026-04,BGD,working_age,Medium,2017,104877.348
weo-2026-04,BGD,working_age,Medium,2018,105958.584
weo-2026-04,BGD,working_age,Medium,2019,106964.71800000001
weo-2026-04,BGD,working_age,Medium,2020,107938.075
weo-2026-04,BGD,working_age,Medium,2021,108897.255
weo-2026-04,BGD,working_age,Medium,2022,110260.68
weo-2026-04,BGD,working_age,Medium,2023,111999.787
weo-2026-04,BGD,working_age,Medium,2024,113705.227
weo-2026-04,BGD,working_age,Medium,2025,115401.408
weo-2026-04,BGD,working_age,Medium,2026,117061.312
weo-2026-04,BGD,working_age,Medium,2027,118663.718
weo-2026-04,BGD,working_age,Medium,2028,120207.388
weo-2026-04,BGD,working_age,Medium,2029,121697.394
weo-2026-04,BGD,working_age,Medium,2030,123142.656
weo-2026-04,BGD,working_age,Medium,2031,124547.356
weo-2026-04,BGD,working_age,Medium,2032,125907.793
weo-2026-04,BGD,working_age,Medium,2033,127246.435
weo-2026-04,BGD,working_age,Medium,2034,128577.755
weo-2026-04,BGD,working_age,Medium,2035,129907.62299999999
weo-2026-04,BGD,working_age,Medium,2036,131263.257
weo-2026-04,BGD,working_age,Medium,2037,132635.153
weo-2026-04,BGD,working_age,Medium,2038,133994.674
weo-2026-04,BGD,working_age,Medium,2039,135319.213
weo-2026-04,BGD,working_age,Medium,2040,136591.664
weo-2026-04,BGD,working_age,Medium,2041,137809.421
weo-2026-04,BGD,working_age,Medium,2042,138964.625
weo-2026-04,BGD,working_age,Medium,2043,140038.939
weo-2026-04,BGD,working_age,Medium,2044,141015.138
weo-2026-04,BGD,working_age,Medium,2045,141869.896
weo-2026-04,BGD,working_age,Medium,2046,142576.303
weo-2026-04,BGD,working_age,Medium,2047,143114.105
weo-2026-04,BGD,working_age,Medium,2048,143482.367
weo-2026-04,BGD,working_age,Medium,2049,143712.389
weo-2026-04,BGD,working_age,Medium,2050,143857.784
weo-2026-04,BGD,working_age,Medium,2051,143970.896
weo-2026-04,BGD,working_age,Medium,2052,144091.119
weo-2026-04,BGD,working_age,Medium,2053,144240.709
weo-2026-04,BGD,working_age,Medium,2054,144398.816
weo-2026-04,BGD,working_age,Medium,2055,144532.859
weo-2026-04,BGD,working_age,Medium,2056,144599.635
weo-2026-04,BGD,working_age,Medium,2057,144556.687
weo-2026-04,BGD,working_age,Medium,2058,144389.239
weo-2026-04,BGD,working_age,Medium,2059,144097.032
weo-2026-04,BGD,working_age,Medium,2060,143720.392
weo-2026-04,BGD,working_age,Medium,2061,143307.948
weo-2026-04,BGD,working_age,Medium,2062,142881.451
weo-2026-04,BGD,working_age,Medium,2063,142454.743
weo-2026-04,BGD,working_age,Medium,2064,142023.718
weo-2026-04,BGD,working_age,Medium,2065,141571.669
weo-2026-04,BGD,working_age,Medium,2066,141082.494
weo-2026-04,BGD,working_age,Medium,2067,140532.963
weo-2026-04,BGD,working_age,Medium,2068,139912.725
weo-2026-04,BGD,working_age,Medium,2069,139231.195
weo-2026-04,BGD,working_age,Medium,2070,138510.069
weo-2026-04,BGD,working_age,Medium,2071,137769.797
weo-2026-04,BGD,working_age,Medium,2072,137023.623
weo-2026-04,BGD,working_age,Medium,2073,136278.176
weo-2026-04,BGD,working_age,Medium,2074,135545.848
weo-2026-04,BGD,working_age,Medium,2075,134833.179
weo-2026-04,BGD,working_age,Medium,2076,134133.245
weo-2026-04,BGD,working_age,Medium,2077,133448.603
weo-2026-04,BGD,working_age,Medium,2078,132789.746
weo-2026-04,BGD,working_age,Medium,2079,132139.298
weo-2026-04,BGD,working_age,Medium,2080,131479.29
weo-2026-04,BGD,working_age,Medium,2081,130803.532
weo-2026-04,BGD,working_age,Medium,2082,130105.783
weo-2026-04,BGD,working_age,Medium,2083,129373.162
weo-2026-04,BGD,working_age,Medium,2084,128588.694
weo-2026-04,BGD,working_age,Medium,2085,127744.587
weo-2026-04,BGD,working_age,Medium,2086,126820.181
weo-2026-04,BGD,working_age,Medium,2087,125822.271
weo-2026-04,BGD,working_age,Medium,2088,124783.76
weo-2026-04,BGD,working_age,Medium,2089,123727.151
weo-2026-04,BGD,working_age,Medium,2090,122665.538
weo-2026-04,BGD,working_age,Medium,2091,121614.226
weo-2026-04,BGD,working_age,Medium,2092,120575.24
weo-2026-04,BGD,working_age,Medium,2093,119549.671
weo-2026-04,BGD,working_age,Medium,2094,118542.155
weo-2026-04,BGD,working_age,Medium,2095,117556.937
weo-2026-04,BGD,working_age,Medium,2096,116605.971
weo-2026-04,BGD,working_age,Medium,2097,115685.237
weo-2026-04,BGD,working_age,Medium,2098,114789.676
weo-2026-04,BGD,working_age,Medium,2099,113922.913
weo-2026-04,BGD,working_age,High,2009,92729.409
weo-2026-04,BGD,working_age,High,2010,93970.006
weo-2026-04,BGD,working_age,High,2011,95340.18
weo-2026-04,BGD,working_age,High,2012,96894.691
weo-2026-04,BGD,working_age,High,2013,98536.133
weo-2026-04,BGD,working_age,High,2014,100208.409
weo-2026-04,BGD,working_age,High,2015,101869.853
weo-2026-04,BGD,working_age,High,2016,103501.312
weo-2026-04,BGD,working_age,High,2017,104877.348
weo-2026-04,BGD,working_age,High,2018,105958.584
weo-2026-04,BGD,working_age,High,2019,106964.71800000001
weo-2026-04,BGD,working_age,High,2020,107938.075
weo-2026-04,BGD,working_age,High,2021,108897.255
weo-2026-04,BGD,working_age,High,2022,110260.68
weo-2026-04,BGD,working_age,High,2023,111999.787
weo-2026-04,BGD,working_age,High,2024,113705.227
weo-2026-04,BGD,working_age,High,2025,115401.408
weo-2026-04,BGD,working_age,High,2026,117061.312
weo-2026-04,BGD,working_age,High,2027,118663.718
weo-2026-04,BGD,working_age,High,2028,120207.388
weo-2026-04,BGD,working_age,High,2029,121697.394
weo-2026-04,BGD,working_age,High,2030,123142.656
weo-2026-04,BGD,working_age,High,2031,124547.356
weo-2026-04,BGD,working_age,High,2032,125907.793
weo-2026-04,BGD,working_age,High,2033,127246.435
weo-2026-04,BGD,working_age,High,2034,128577.755
weo-2026-04,BGD,working_age,High,2035,129907.62299999999
weo-2026-04,BGD,working_age,High,2036,131263.257
weo-2026-04,BGD,working_age,High,2037,132635.153
weo-2026-04,BGD,working_age,High,2038,133994.674
weo-2026-04,BGD,working_age,High,2039,135516.982
weo-2026-04,BGD,working_age,High,2040,137185.741
weo-2026-04,BGD,working_age,High,2041,138801.052
weo-2026-04,BGD,working_age,High,2042,140354.402
weo-2026-04,BGD,working_age,High,2043,141826.739
weo-2026-04,BGD,working_age,High,2044,143319.905
weo-2026-04,BGD,working_age,High,2045,144809.2
weo-2026-04,BGD,working_age,High,2046,146146.69
weo-2026-04,BGD,working_age,High,2047,147311.752
weo-2026-04,BGD,working_age,High,2048,148303.051
weo-2026-04,BGD,working_age,High,2049,149229.134
weo-2026-04,BGD,working_age,High,2050,150142.733
weo-2026-04,BGD,working_age,High,2051,151018.117
weo-2026-04,BGD,working_age,High,2052,151895.288
weo-2026-04,BGD,working_age,High,2053,152797.147
weo-2026-04,BGD,working_age,High,2054,153704.15
weo-2026-04,BGD,working_age,High,2055,154586.172
weo-2026-04,BGD,working_age,High,2056,155403.61
weo-2026-04,BGD,working_age,High,2057,156118.777
weo-2026-04,BGD,working_age,High,2058,156722.415
weo-2026-04,BGD,working_age,High,2059,157219.683
weo-2026-04,BGD,working_age,High,2060,157655.873
weo-2026-04,BGD,working_age,High,2061,158083.745
weo-2026-04,BGD,working_age,High,2062,158528.275
weo-2026-04,BGD,working_age,High,2063,159006.176
weo-2026-04,BGD,working_age,High,2064,159515.897
weo-2026-04,BGD,working_age,High,2065,160042.793
weo-2026-04,BGD,working_age,High,2066,160572.316
weo-2026-04,BGD,working_age,High,2067,161081.973
weo-2026-04,BGD,working_age,High,2068,161561.991
weo-2026-04,BGD,working_age,High,2069,162022.018
weo-2026-04,BGD,working_age,High,2070,162482.714
weo-2026-04,BGD,working_age,High,2071,162962.861
weo-2026-04,BGD,working_age,High,2072,163472.923
weo-2026-04,BGD,working_age,High,2073,164015.874
weo-2026-04,BGD,working_age,High,2074,164600.701
weo-2026-04,BGD,working_age,High,2075,165230.147
weo-2026-04,BGD,working_age,High,2076,165893.554
weo-2026-04,BGD,working_age,High,2077,166591.124
weo-2026-04,BGD,working_age,High,2078,167331.34900000002
weo-2026-04,BGD,working_age,High,2079,168094.922
weo-2026-04,BGD,working_age,High,2080,168862.7
weo-2026-04,BGD,working_age,High,2081,169627.844
weo-2026-04,BGD,working_age,High,2082,170383.59
weo-2026-04,BGD,working_age,High,2083,171116.913
weo-2026-04,BGD,working_age,High,2084,171811.289
weo-2026-04,BGD,working_age,High,2085,172460.077
weo-2026-04,BGD,working_age,High,2086,173044.052
weo-2026-04,BGD,working_age,High,2087,173571.502
weo-2026-04,BGD,working_age,High,2088,174077.372
weo-2026-04,BGD,working_age,High,2089,174401.327
weo-2026-04,BGD,working_age,High,2090,174557.908
weo-2026-04,BGD,working_age,High,2091,174748.78
weo-2026-04,BGD,working_age,High,2092,174977.585
weo-2026-04,BGD,working_age,High,2093,175247.416
weo-2026-04,BGD,working_age,High,2094,175451.605
weo-2026-04,BGD,working_age,High,2095,175596.09
weo-2026-04,BGD,working_age,High,2096,175807.138
weo-2026-04,BGD,working_age,High,2097,176080.899
weo-2026-04,BGD,working_age,High,2098,176413.002
weo-2026-04,BGD,working_age,High,2099,176733.42
weo-2026-04,BGD,total,Low,2009,150873.711
weo-2026-04,BGD,total,Low,2010,152201.982
weo-2026-04,BGD,total,Low,2011,153591.078
weo-2026-04,BGD,total,Low,2012,155070.104
weo-2026-04,BGD,total,Low,2013,156532.141
weo-2026-04,BGD,total,Low,2014,157964.927
weo-2026-04,BGD,total,Low,2015,159383.181
weo-2026-04,BGD,total,Low,2016,160811.932
weo-2026-04,BGD,total,Low,2017,162186.146
weo-2026-04,BGD,total,Low,2018,163523.104
weo-2026-04,BGD,total,Low,2019,164913.053
weo-2026-04,BGD,total,Low,2020,166298.023
weo-2026-04,BGD,total,Low,2021,167658.858
weo-2026-04,BGD,total,Low,2022,169384.89800000002
weo-2026-04,BGD,total,Low,2023,171466.993
weo-2026-04,BGD,total,Low,2024,173362.601
weo-2026-04,BGD,total,Low,2025,175087.383
weo-2026-04,BGD,total,Low,2026,176818.232
weo-2026-04,BGD,total,Low,2027,178529.742
weo-2026-04,BGD,total,Low,2028,180213.968
weo-2026-04,BGD,total,Low,2029,181744.031
weo-2026-04,BGD,total,Low,2030,183113.954
weo-2026-04,BGD,total,Low,2031,184432.281
weo-2026-04,BGD,total,Low,2032,185680.956
weo-2026-04,BGD,total,Low,2033,186867.066
weo-2026-04,BGD,total,Low,2034,187911.067
weo-2026-04,BGD,total,Low,2035,188807.63999999998
weo-2026-04,BGD,total,Low,2036,189651.032
weo-2026-04,BGD,total,Low,2037,190437.134
weo-2026-04,BGD,total,Low,2038,191169.054
weo-2026-04,BGD,total,Low,2039,191847.738
weo-2026-04,BGD,total,Low,2040,192477.222
weo-2026-04,BGD,total,Low,2041,193075.319
weo-2026-04,BGD,total,Low,2042,193640.742
weo-2026-04,BGD,total,Low,2043,194164.957
weo-2026-04,BGD,total,Low,2044,194648.773
weo-2026-04,BGD,total,Low,2045,195092.701
weo-2026-04,BGD,total,Low,2046,195494.441
weo-2026-04,BGD,total,Low,2047,195848.511
weo-2026-04,BGD,total,Low,2048,196148.749
weo-2026-04,BGD,total,Low,2049,196393.91
weo-2026-04,BGD,total,Low,2050,196588.052
weo-2026-04,BGD,total,Low,2051,196731.35700000002
weo-2026-04,BGD,total,Low,2052,196811.85
weo-2026-04,BGD,total,Low,2053,196826.956
weo-2026-04,BGD,total,Low,2054,196775.893
weo-2026-04,BGD,total,Low,2055,196665.956
weo-2026-04,BGD,total,Low,2056,196494.106
weo-2026-04,BGD,total,Low,2057,196256.436
weo-2026-04,BGD,total,Low,2058,195955.444
weo-2026-04,BGD,total,Low,2059,195578.17
weo-2026-04,BGD,total,Low,2060,195130.019
weo-2026-04,BGD,total,Low,2061,194618.926
weo-2026-04,BGD,total,Low,2062,194039.735
weo-2026-04,BGD,total,Low,2063,193392.146
weo-2026-04,BGD,total,Low,2064,192676.813
weo-2026-04,BGD,total,Low,2065,191899.557
weo-2026-04,BGD,total,Low,2066,191066.846
weo-2026-04,BGD,total,Low,2067,190175.85
weo-2026-04,BGD,total,Low,2068,189225.126
weo-2026-04,BGD,total,Low,2069,188215.784
weo-2026-04,BGD,total,Low,2070,187156.752
weo-2026-04,BGD,total,Low,2071,186052.23
weo-2026-04,BGD,total,Low,2072,184898.839
weo-2026-04,BGD,total,Low,2073,183691.872
weo-2026-04,BGD,total,Low,2074,182437.238
weo-2026-04,BGD,total,Low,2075,181137.268
weo-2026-04,BGD,total,Low,2076,179782.603
weo-2026-04,BGD,total,Low,2077,178372.59
weo-2026-04,BGD,total,Low,2078,176922.284
weo-2026-04,BGD,total,Low,2079,175424.288
weo-2026-04,BGD,total,Low,2080,173873.326
weo-2026-04,BGD,total,Low,2081,172277.959
weo-2026-04,BGD,total,Low,2082,170646.71600000001
weo-2026-04,BGD,total,Low,2083,168982.291
weo-2026-04,BGD,total,Low,2084,167278.96
weo-2026-04,BGD,total,Low,2085,165538.741
weo-2026-04,BGD,total,Low,2086,163751.146
weo-2026-04,BGD,total,Low,2087,161921.559
weo-2026-04,BGD,total,Low,2088,160056.484
weo-2026-04,BGD,total,Low,2089,158154.148
weo-2026-04,BGD,total,Low,2090,156212.131
weo-2026-04,BGD,total,Low,2091,154235.207
weo-2026-04,BGD,total,Low,2092,152223.561
weo-2026-04,BGD,total,Low,2093,150177.617
weo-2026-04,BGD,total,Low,2094,148103.548
weo-2026-04,BGD,total,Low,2095,146006.962
weo-2026-04,BGD,total,Low,2096,143898.36
weo-2026-04,BGD,total,Low,2097,141775.027
weo-2026-04,BGD,total,Low,2098,139632.496
weo-2026-04,BGD,total,Low,2099,137473.922
weo-2026-04,BGD,total,Medium,2009,150873.711
weo-2026-04,BGD,total,Medium,2010,152201.982
weo-2026-04,BGD,total,Medium,2011,153591.078
weo-2026-04,BGD,total,Medium,2012,155070.104
weo-2026-04,BGD,total,Medium,2013,156532.141
weo-2026-04,BGD,total,Medium,2014,157964.927
weo-2026-04,BGD,total,Medium,2015,159383.181
weo-2026-04,BGD,total,Medium,2016,160811.932
weo-2026-04,BGD,total,Medium,2017,162186.146
weo-2026-04,BGD,total,Medium,2018,163523.104
weo-2026-04,BGD,total,Medium,2019,164913.053
weo-2026-04,BGD,total,Medium,2020,166298.023
weo-2026-04,BGD,total,Medium,2021,167658.858
weo-2026-04,BGD,total,Medium,2022,169384.89800000002
weo-2026-04,BGD,total,Medium,2023,171466.993
weo-2026-04,BGD,total,Medium,2024,173562.361
weo-2026-04,BGD,total,Medium,2025,175686.906
weo-2026-04,BGD,total,Medium,2026,177818.041
weo-2026-04,BGD,total,Medium,2027,179930.174
weo-2026-04,BGD,total,Medium,2028,182014.777
weo-2026-04,BGD,total,Medium,2029,184064.62
weo-2026-04,BGD,total,Medium,2030,186072.408
weo-2026-04,BGD,total,Medium,2031,188025.2
weo-2026-04,BGD,total,Medium,2032,189904.566
weo-2026-04,BGD,total,Medium,2033,191717.185
weo-2026-04,BGD,total,Medium,2034,193461.165
weo-2026-04,BGD,total,Medium,2035,195130.373
weo-2026-04,BGD,total,Medium,2036,196740.579
weo-2026-04,BGD,total,Medium,2037,198288.19700000001
weo-2026-04,BGD,total,Medium,2038,199776.949
weo-2026-04,BGD,total,Medium,2039,201208.774
weo-2026-04,BGD,total,Medium,2040,202589.42799999999
weo-2026-04,BGD,total,Medium,2041,203939.084
weo-2026-04,BGD,total,Medium,2042,205259.49
weo-2026-04,BGD,total,Medium,2043,206545.48500000002
weo-2026-04,BGD,total,Medium,2044,207801.055
weo-2026-04,BGD,total,Medium,2045,209029.593
weo-2026-04,BGD,total,Medium,2046,210231.188
weo-2026-04,BGD,total,Medium,2047,211402.16700000002
weo-2026-04,BGD,total,Medium,2048,212537.924
weo-2026-04,BGD,total,Medium,2049,213638.539
weo-2026-04,BGD,total,Medium,2050,214709.096
weo-2026-04,BGD,total,Medium,2051,215750.555
weo-2026-04,BGD,total,Medium,2052,216751.16
weo-2026-04,BGD,total,Medium,2053,217708.528
weo-2026-04,BGD,total,Medium,2054,218621.844
weo-2026-04,BGD,total,Medium,2055,219497.456
weo-2026-04,BGD,total,Medium,2056,220331.18
weo-2026-04,BGD,total,Medium,2057,221117.325
weo-2026-04,BGD,total,Medium,2058,221856.046
weo-2026-04,BGD,total,Medium,2059,222532.395
weo-2026-04,BGD,total,Medium,2060,223149.357
weo-2026-04,BGD,total,Medium,2061,223712.346
weo-2026-04,BGD,total,Medium,2062,224214.827
weo-2026-04,BGD,total,Medium,2063,224655.217
weo-2026-04,BGD,total,Medium,2064,225032.677
weo-2026-04,BGD,total,Medium,2065,225351.998
weo-2026-04,BGD,total,Medium,2066,225618.879
weo-2026-04,BGD,total,Medium,2067,225829.71600000001
weo-2026-04,BGD,total,Medium,2068,225982.51
weo-2026-04,BGD,total,Medium,2069,226078.172
weo-2026-04,BGD,total,Medium,2070,226125.804
weo-2026-04,BGD,total,Medium,2071,226129.885
weo-2026-04,BGD,total,Medium,2072,226087.245
weo-2026-04,BGD,total,Medium,2073,225993.85
weo-2026-04,BGD,total,Medium,2074,225856.195
weo-2026-04,BGD,total,Medium,2075,225676.967
weo-2026-04,BGD,total,Medium,2076,225447.128
weo-2026-04,BGD,total,Medium,2077,225166.043
weo-2026-04,BGD,total,Medium,2078,224849.218
weo-2026-04,BGD,total,Medium,2079,224489.42
weo-2026-04,BGD,total,Medium,2080,224081.202
weo-2026-04,BGD,total,Medium,2081,223633.234
weo-2026-04,BGD,total,Medium,2082,223153.95
weo-2026-04,BGD,total,Medium,2083,222646.484
weo-2026-04,BGD,total,Medium,2084,222104.943
weo-2026-04,BGD,total,Medium,2085,221529.993
weo-2026-04,BGD,total,Medium,2086,220909.878
weo-2026-04,BGD,total,Medium,2087,220249.676
weo-2026-04,BGD,total,Medium,2088,219555.05
weo-2026-04,BGD,total,Medium,2089,218822.218
weo-2026-04,BGD,total,Medium,2090,218048.09900000002
weo-2026-04,BGD,total,Medium,2091,217237.479
weo-2026-04,BGD,total,Medium,2092,216389.244
weo-2026-04,BGD,total,Medium,2093,215502.995
weo-2026-04,BGD,total,Medium,2094,214584.173
weo-2026-04,BGD,total,Medium,2095,213637.775
weo-2026-04,BGD,total,Medium,2096,212673.366
weo-2026-04,BGD,total,Medium,2097,211687.523
weo-2026-04,BGD,total,Medium,2098,210676.534
weo-2026-04,BGD,total,Medium,2099,209642.396
weo-2026-04,BGD,total,High,2009,150873.711
weo-2026-04,BGD,total,High,2010,152201.982
weo-2026-04,BGD,total,High,2011,153591.078
weo-2026-04,BGD,total,High,2012,155070.104
weo-2026-04,BGD,total,High,2013,156532.141
weo-2026-04,BGD,total,High,2014,157964.927
weo-2026-04,BGD,total,High,2015,159383.181
weo-2026-04,BGD,total,High,2016,160811.932
weo-2026-04,BGD,total,High,2017,162186.146
weo-2026-04,BGD,total,High,2018,163523.104
weo-2026-04,BGD,total,High,2019,164913.053
weo-2026-04,BGD,total,High,2020,166298.023
weo-2026-04,BGD,total,High,2021,167658.858
weo-2026-04,BGD,total,High,2022,169384.89800000002
weo-2026-04,BGD,total,High,2023,171466.993
weo-2026-04,BGD,total,High,2024,173762.127
weo-2026-04,BGD,total,High,2025,176286.454
weo-2026-04,BGD,total,High,2026,178817.93
weo-2026-04,BGD,total,High,2027,181330.772
weo-2026-04,BGD,total,High,2028,183815.867
weo-2026-04,BGD,total,High,2029,186386.049
weo-2026-04,BGD,total,High,2030,189032.384
weo-2026-04,BGD,total,High,2031,191619.83000000002
weo-2026-04,BGD,total,High,2032,194129.846
weo-2026-04,BGD,total,High,2033,196568.809
weo-2026-04,BGD,total,High,2034,199012.645
weo-2026-04,BGD,total,High,2035,201454.203
weo-2026-04,BGD,total,High,2036,203830.594
weo-2026-04,BGD,total,High,2037,206138.984
weo-2026-04,BGD,total,High,2038,208383.789
weo-2026-04,BGD,total,High,2039,210568.231
weo-2026-04,BGD,total,High,2040,212700.523
weo-2026-04,BGD,total,High,2041,214804.44
weo-2026-04,BGD,total,High,2042,216886.53
weo-2026-04,BGD,total,High,2043,218947.16
weo-2026-04,BGD,total,High,2044,220995.761
weo-2026-04,BGD,total,High,2045,223040.726
weo-2026-04,BGD,total,High,2046,225086.297
weo-2026-04,BGD,total,High,2047,227132.056
weo-2026-04,BGD,total,High,2048,229176.306
weo-2026-04,BGD,total,High,2049,231221.69
weo-2026-04,BGD,total,High,2050,233275.389
weo-2026-04,BGD,total,High,2051,235339.931
weo-2026-04,BGD,total,High,2052,237404.338
weo-2026-04,BGD,total,High,2053,239466.814
weo-2026-04,BGD,total,High,2054,241526.80299999999
weo-2026-04,BGD,total,High,2055,243589.66499999998
weo-2026-04,BGD,total,High,2056,245649.582
weo-2026-04,BGD,total,High,2057,247698.137
weo-2026-04,BGD,total,High,2058,249731.889
weo-2026-04,BGD,total,High,2059,251732.53399999999
weo-2026-04,BGD,total,High,2060,253699.295
weo-2026-04,BGD,total,High,2061,255633.897
weo-2026-04,BGD,total,High,2062,257527.497
weo-2026-04,BGD,total,High,2063,259376.55
weo-2026-04,BGD,total,High,2064,261178.353
weo-2026-04,BGD,total,High,2065,262936.589
weo-2026-04,BGD,total,High,2066,264656.359
weo-2026-04,BGD,total,High,2067,266333.588
weo-2026-04,BGD,total,High,2068,267966.212
weo-2026-04,BGD,total,High,2069,269555.664
weo-2026-04,BGD,total,High,2070,271112.23099999997
weo-2026-04,BGD,total,High,2071,272641.873
weo-2026-04,BGD,total,High,2072,274142.956
weo-2026-04,BGD,total,High,2073,275613.529
weo-2026-04,BGD,total,High,2074,277062.117
weo-2026-04,BGD,total,High,2075,278493.166
weo-2026-04,BGD,total,High,2076,279899.198
weo-2026-04,BGD,total,High,2077,281280.594
weo-2026-04,BGD,total,High,2078,282654.153
weo-2026-04,BGD,total,High,2079,284013.281
weo-2026-04,BGD,total,High,2080,285352.627
weo-2026-04,BGD,total,High,2081,286681.073
weo-2026-04,BGD,total,High,2082,288006.801
weo-2026-04,BGD,total,High,2083,289333.185
weo-2026-04,BGD,total,High,2084,290653.72
weo-2026-04,BGD,total,High,2085,291966.934
weo-2026-04,BGD,total,High,2086,293258.9
weo-2026-04,BGD,total,High,2087,294533.683
weo-2026-04,BGD,total,High,2088,295795.306
weo-2026-04,BGD,total,High,2089,297036.836
weo-2026-04,BGD,total,High,2090,298253.813
weo-2026-04,BGD,total,High,2091,299450.668
weo-2026-04,BGD,total,High,2092,300624.327
weo-2026-04,BGD,total,High,2093,301773.254
weo-2026-04,BGD,total,High,2094,302902.016
weo-2026-04,BGD,total,High,2095,304015.08
weo-2026-04,BGD,total,High,2096,305121.179
weo-2026-04,BGD,total,High,2097,306216.489
weo-2026-04,BGD,total,High,2098,307298.978
weo-2026-04,BGD,total,High,2099,308369.863
