vintage,iso3c,years,gdp_growth,expenditure_growth,weak_year
weo-2024-10,AFG,2006,13.41,32.44,0
weo-2024-10,AFG,2007,23.62,45.3,0
weo-2024-10,AFG,2008,21.06,18.03,0
weo-2024-10,AFG,2009,17.34,18.75,0
weo-2024-10,AFG,2010,17.21,15.24,0
weo-2024-10,AFG,2011,17.49,23.48,0
weo-2024-10,AFG,2012,23.6,41.23,0
weo-2024-10,AFG,2013,8.05,7.78,0
weo-2024-10,AFG,2014,5.93,7.97,1
weo-2024-10,AFG,2015,3.68,5.83,1
weo-2024-10,AFG,2016,-0.3,7.67,1
weo-2024-10,AFG,2017,5.11,3.98,1
weo-2024-10,AFG,2018,3.29,7.82,1
weo-2024-10,AFG,2019,10.69,7.17,0
weo-2024-10,AFG,2020,5.29,5.06,1
weo-2024-10,AFG,2021,-19.14,-48.09,1
weo-2024-10,AFG,2022,2.58,-7.75,1
weo-2024-10,AFG,2023,5.75,9.76,1
weo-2024-10,AGO,2002,175.99,163.89,0
weo-2024-10,AGO,2003,101.39,127.94,1
weo-2024-10,AGO,2004,48.61,25.21,0
weo-2024-10,AGO,2005,59.97,46.95,0
weo-2024-10,AGO,2006,30.65,53.19,0
weo-2024-10,AGO,2007,18.85,50.22,0
weo-2024-10,AGO,2008,32.31,81.98,0
weo-2024-10,AGO,2009,-12.56,-28.7,1
weo-2024-10,AGO,2010,35.48,22.33,0
weo-2024-10,AGO,2011,34.3,30.17,1
weo-2024-10,AGO,2012,16.22,15.93,0
weo-2024-10,AGO,2013,8.27,7.79,0
weo-2024-10,AGO,2014,8.93,5.91,0
weo-2024-10,AGO,2015,-2.22,-30.5,1
weo-2024-10,AGO,2016,18.82,-9.86,1
weo-2024-10,AGO,2017,23.53,30.48,1
weo-2024-10,AGO,2018,24.45,-2.08,1
weo-2024-10,AGO,2019,19.62,12.57,1
weo-2024-10,AGO,2020,11.37,17.96,1
weo-2024-10,AGO,2021,38.51,25.43,1
weo-2024-10,AGO,2022,23.14,55.61,0
weo-2024-10,AGO,2023,14.57,-1.32,1
weo-2024-10,ALB,2002,8.35,4.49,0
weo-2024-10,ALB,2003,11.01,2.13,0
weo-2024-10,ALB,2004,8.84,13.24,0
weo-2024-10,ALB,2005,9.02,6.34,0
weo-2024-10,ALB,2006,8.53,11.36,0
weo-2024-10,ALB,2007,10.63,12.06,0
weo-2024-10,ALB,2008,11.93,21.01,0
weo-2024-10,ALB,2009,5.85,8.34,1
weo-2024-10,ALB,2010,8.37,-4.4,1
weo-2024-10,ALB,2011,4.92,3.83,1
weo-2024-10,ALB,2012,2.47,-0.09,1
weo-2024-10,ALB,2013,1.29,4.79,1
weo-2024-10,ALB,2014,3.35,14.78,1
weo-2024-10,ALB,2015,2.8,-0.03,1
weo-2024-10,ALB,2016,2.66,-2.41,1
weo-2024-10,ALB,2017,5.31,6.99,0
weo-2024-10,ALB,2018,5.55,4.55,0
weo-2024-10,ALB,2019,3.37,3.96,1
weo-2024-10,ALB,2020,-2.63,9.87,1
weo-2024-10,ALB,2021,12.67,11.67,0
weo-2024-10,ALB,2022,15.2,9.09,0
weo-2024-10,ALB,2023,8.15,2.57,1
weo-2024-10,ARE,2002,6.3,-9.9,1
weo-2024-10,ARE,2003,13.23,6.54,0
weo-2024-10,ARE,2004,18.87,4.68,0
weo-2024-10,ARE,2005,22.19,8.72,0
weo-2024-10,ARE,2006,22.98,22.34,0
weo-2024-10,ARE,2007,16.1,31.14,1
weo-2024-10,ARE,2008,22.33,51.91,1
weo-2024-10,ARE,2009,-19.63,27.69,1
weo-2024-10,ARE,2010,18.4,4.72,0
weo-2024-10,ARE,2011,20.2,17.53,0
weo-2024-10,ARE,2012,6.59,-0.62,1
weo-2024-10,ARE,2013,4.06,8.07,0
weo-2024-10,ARE,2014,3.47,13.49,1
weo-2024-10,ARE,2015,-10.58,-24.42,0
weo-2024-10,ARE,2016,-0.28,20.36,0
weo-2024-10,ARE,2017,5.76,-9.24,1
weo-2024-10,ARE,2018,9.35,3.33,1
weo-2024-10,ARE,2019,-2.12,4.15,1
weo-2024-10,ARE,2020,-16.39,-8.44,1
weo-2024-10,ARE,2021,18.8,0.52,0
weo-2024-10,ARE,2022,21.09,4.98,0
weo-2024-10,ARE,2023,2.27,2.32,1
weo-2024-10,ARG,2002,16.33,2.72,1
weo-2024-10,ARG,2003,20.26,23.87,0
weo-2024-10,ARG,2004,15.42,23.82,0
weo-2024-10,ARG,2005,20.08,24.7,0
weo-2024-10,ARG,2006,22.89,35.75,0
weo-2024-10,ARG,2007,25.29,39.22,0
weo-2024-10,ARG,2008,28.17,35.06,0
weo-2024-10,ARG,2009,8.55,23.14,1
weo-2024-10,ARG,2010,33.16,30.43,0
weo-2024-10,ARG,2011,31.13,36.14,0
weo-2024-10,ARG,2012,21.06,27.36,1
weo-2024-10,ARG,2013,26.93,32.26,1
weo-2024-10,ARG,2014,36.76,40.87,1
weo-2024-10,ARG,2015,30.04,35.78,1
weo-2024-10,ARG,2016,38.18,37.65,1
weo-2024-10,ARG,2017,29.56,26.38,0
weo-2024-10,ARG,2018,38.32,27.9,1
weo-2024-10,ARG,2019,46.21,39.44,1
weo-2024-10,ARG,2020,26.21,48.26,1
weo-2024-10,ARG,2021,69.86,53.03,0
weo-2024-10,ARG,2022,78.83,76.48,0
weo-2024-10,ARG,2023,131.58,129.53,1
weo-2024-10,ARM,2006,18.43,19.95,0
weo-2024-10,ARM,2007,18.56,33.3,0
weo-2024-10,ARM,2008,13.3,12.49,0
weo-2024-10,ARM,2009,-11.95,12.49,1
weo-2024-10,ARM,2010,10.14,-0.51,1
weo-2024-10,ARM,2011,9.18,3.6,1
weo-2024-10,ARM,2012,12.93,0.9,0
weo-2024-10,ARM,2013,6.78,13.23,1
weo-2024-10,ARM,2014,5.99,5.73,1
weo-2024-10,ARM,2015,4.45,14.33,1
weo-2024-10,ARM,2016,0.47,1.47,1
weo-2024-10,ARM,2017,9.81,4.42,0
weo-2024-10,ARM,2018,8.13,-1.54,1
weo-2024-10,ARM,2019,8.75,12.52,0
weo-2024-10,ARM,2020,-5.52,17.54,1
weo-2024-10,ARM,2021,13.1,5.4,0
weo-2024-10,ARM,2022,21.59,12.11,0
weo-2024-10,ARM,2023,11.19,12.39,0
weo-2024-10,AUS,2002,7.1,5.12,0
weo-2024-10,AUS,2003,6.13,7.23,0
weo-2024-10,AUS,2004,7.72,8.44,0
weo-2024-10,AUS,2005,7.8,7.42,0
weo-2024-10,AUS,2006,7.87,8.24,1
weo-2024-10,AUS,2007,8.95,7.87,0
weo-2024-10,AUS,2008,9.04,10.97,1
weo-2024-10,AUS,2009,2.38,9.98,1
weo-2024-10,AUS,2010,7.89,5.02,1
weo-2024-10,AUS,2011,7.6,5.12,0
weo-2024-10,AUS,2012,3.25,3.25,0
weo-2024-10,AUS,2013,3.54,2.84,1
weo-2024-10,AUS,2014,2.85,3.65,1
weo-2024-10,AUS,2015,1.6,2.82,1
weo-2024-10,AUS,2016,3.57,3.65,0
weo-2024-10,AUS,2017,6.15,4.71,1
weo-2024-10,AUS,2018,5.2,5.52,0
weo-2024-10,AUS,2019,5.22,11.26,1
weo-2024-10,AUS,2020,-0.96,13.18,1
weo-2024-10,AUS,2021,11.6,4.86,0
weo-2024-10,AUS,2022,12.46,1.34,0
weo-2024-10,AUS,2023,5.54,4.15,1
weo-2024-10,AUT,2002,2.82,2.38,1
weo-2024-10,AUT,2003,2.26,3.13,1
weo-2024-10,AUT,2004,4.52,10.03,0
weo-2024-10,AUT,2005,4.84,-0.57,0
weo-2024-10,AUT,2006,5.41,3.81,0
weo-2024-10,AUT,2007,6.03,3.82,0
weo-2024-10,AUT,2008,3.45,4.78,1
weo-2024-10,AUT,2009,-1.95,6.87,1
weo-2024-10,AUT,2010,2.73,0.2,0
weo-2024-10,AUT,2011,4.81,0.87,0
weo-2024-10,AUT,2012,2.75,3.33,1
weo-2024-10,AUT,2013,1.65,2.66,1
weo-2024-10,AUT,2014,2.85,4.71,1
weo-2024-10,AUT,2015,3.34,1.0,1
weo-2024-10,AUT,2016,3.87,2.0,0
weo-2024-10,AUT,2017,3.29,2.05,0
weo-2024-10,AUT,2018,4.31,3.52,0
weo-2024-10,AUT,2019,3.08,3.21,1
weo-2024-10,AUT,2020,-4.09,12.41,1
weo-2024-10,AUT,2021,6.39,5.61,0
weo-2024-10,AUT,2022,10.37,4.27,0
weo-2024-10,AUT,2023,7.01,4.85,1
weo-2024-10,AZE,2002,14.05,57.78,0
weo-2024-10,AZE,2003,17.88,10.53,0
weo-2024-10,AZE,2004,19.36,33.69,0
weo-2024-10,AZE,2005,46.8,36.55,0
weo-2024-10,AZE,2006,49.7,68.35,0
weo-2024-10,AZE,2007,51.29,55.79,0
weo-2024-10,AZE,2008,41.53,71.25,0
weo-2024-10,AZE,2009,-11.3,-2.69,0
weo-2024-10,AZE,2010,19.28,11.03,0
weo-2024-10,AZE,2011,22.65,29.2,1
weo-2024-10,AZE,2012,5.11,14.07,1
weo-2024-10,AZE,2013,6.28,9.61,0
weo-2024-10,AZE,2014,1.43,-2.47,1
weo-2024-10,AZE,2015,-7.85,-2.5,1
weo-2024-10,AZE,2016,11.12,1.46,1
weo-2024-10,AZE,2017,16.4,16.87,1
weo-2024-10,AZE,2018,13.87,5.34,1
weo-2024-10,AZE,2019,2.25,0.12,1
weo-2024-10,AZE,2020,-11.38,9.5,1
weo-2024-10,AZE,2021,28.42,2.85,0
weo-2024-10,AZE,2022,43.74,17.33,1
weo-2024-10,AZE,2023,-8.19,14.49,1
weo-2024-10,BDI,2002,5.52,-0.18,1
weo-2024-10,BDI,2003,10.58,71.45,1
weo-2024-10,BDI,2004,18.61,35.7,0
weo-2024-10,BDI,2005,19.93,-4.69,0
weo-2024-10,BDI,2006,8.41,23.07,0
weo-2024-10,BDI,2007,12.01,19.49,0
weo-2024-10,BDI,2008,30.25,39.83,0
weo-2024-10,BDI,2009,14.29,6.04,0
weo-2024-10,BDI,2010,14.51,25.29,0
weo-2024-10,BDI,2011,12.73,15.62,0
weo-2024-10,BDI,2012,19.37,6.24,0
weo-2024-10,BDI,2013,13.27,4.81,0
weo-2024-10,BDI,2014,9.77,-9.73,0
weo-2024-10,BDI,2015,16.6,-5.5,1
weo-2024-10,BDI,2016,0.35,-2.89,1
weo-2024-10,BDI,2017,12.01,19.69,1
weo-2024-10,BDI,2018,-1.29,2.89,1
weo-2024-10,BDI,2019,2.68,11.17,1
weo-2024-10,BDI,2020,6.31,6.54,1
weo-2024-10,BDI,2021,11.88,15.72,1
weo-2024-10,BDI,2022,20.51,36.22,1
weo-2024-10,BDI,2023,36.65,15.85,1
weo-2024-10,BEL,2002,3.37,6.15,0
weo-2024-10,BEL,2003,2.91,6.51,1
weo-2024-10,BEL,2004,5.55,2.69,0
weo-2024-10,BEL,2005,4.45,11.39,0
weo-2024-10,BEL,2006,4.87,-1.24,0
weo-2024-10,BEL,2007,5.68,5.52,0
weo-2024-10,BEL,2008,2.36,7.57,1
weo-2024-10,BEL,2009,-1.5,6.83,1
weo-2024-10,BEL,2010,4.81,3.67,0
weo-2024-10,BEL,2011,3.53,6.56,1
weo-2024-10,BEL,2012,2.71,4.99,1
weo-2024-10,BEL,2013,1.74,1.47,1
weo-2024-10,BEL,2014,2.58,1.71,1
weo-2024-10,BEL,2015,3.4,0.3,0
weo-2024-10,BEL,2016,3.21,2.41,1
weo-2024-10,BEL,2017,3.48,1.88,1
weo-2024-10,BEL,2018,3.37,4.32,0
weo-2024-10,BEL,2019,4.05,3.56,0
weo-2024-10,BEL,2020,-3.79,9.68,1
weo-2024-10,BEL,2021,10.32,3.05,0
weo-2024-10,BEL,2022,9.08,6.08,0
weo-2024-10,BEL,2023,5.5,7.75,1
weo-2024-10,BEN,2002,8.36,7.42,1
weo-2024-10,BEN,2003,6.61,-3.95,1
weo-2024-10,BEN,2004,5.23,1.94,1
weo-2024-10,BEN,2005,6.08,14.86,1
weo-2024-10,BEN,2006,6.12,-2.1,1
weo-2024-10,BEN,2007,6.4,21.89,0
weo-2024-10,BEN,2008,11.65,8.47,0
weo-2024-10,BEN,2009,4.92,22.1,1
weo-2024-10,BEN,2010,3.01,-15.27,1
weo-2024-10,BEN,2011,6.81,12.51,1
weo-2024-10,BEN,2012,12.88,8.16,0
weo-2024-10,BEN,2013,8.69,14.54,0
weo-2024-10,BEN,2014,6.09,1.52,0
weo-2024-10,BEN,2015,2.64,29.65,1
weo-2024-10,BEN,2016,4.05,-14.21,1
weo-2024-10,BEN,2017,5.28,18.47,0
weo-2024-10,BEN,2018,7.33,-1.64,0
weo-2024-10,BEN,2019,6.53,-7.5,0
weo-2024-10,BEN,2020,6.84,40.6,1
weo-2024-10,BEN,2021,8.89,12.07,0
weo-2024-10,BEN,2022,10.65,14.45,0
weo-2024-10,BEN,2023,9.95,6.08,0
weo-2024-10,BFA,2002,7.54,6.9,1
weo-2024-10,BFA,2003,9.4,-1.14,0
weo-2024-10,BFA,2004,4.57,20.6,1
weo-2024-10,BFA,2005,12.73,13.1,0
weo-2024-10,BFA,2006,5.55,14.75,0
weo-2024-10,BFA,2007,6.71,12.25,1
weo-2024-10,BFA,2008,15.49,-6.04,0
weo-2024-10,BFA,2009,5.44,21.87,1
weo-2024-10,BFA,2010,12.55,13.02,0
weo-2024-10,BFA,2011,13.81,6.9,0
weo-2024-10,BFA,2012,12.65,24.39,0
weo-2024-10,BFA,2013,3.54,16.34,1
weo-2024-10,BFA,2014,3.68,-14.97,1
weo-2024-10,BFA,2015,1.61,-1.17,1
weo-2024-10,BFA,2016,8.71,14.44,0
weo-2024-10,BFA,2017,7.65,31.7,0
weo-2024-10,BFA,2018,7.94,-1.92,0
weo-2024-10,BFA,2019,6.29,2.14,1
weo-2024-10,BFA,2020,8.65,13.41,1
weo-2024-10,BFA,2021,6.75,20.36,0
weo-2024-10,BFA,2022,8.03,26.09,1
weo-2024-10,BFA,2023,4.53,-8.02,1
weo-2024-10,BGD,2002,7.88,2.22,1
weo-2024-10,BGD,2003,10.83,7.78,1
weo-2024-10,BGD,2004,10.04,8.8,1
weo-2024-10,BGD,2005,11.42,16.0,0
weo-2024-10,BGD,2006,12.94,10.11,0
weo-2024-10,BGD,2007,13.99,6.63,0
weo-2024-10,BGD,2008,14.35,35.02,1
weo-2024-10,BGD,2009,12.15,0.72,1
weo-2024-10,BGD,2010,13.11,16.92,1
weo-2024-10,BGD,2011,14.83,28.89,1
weo-2024-10,BGD,2012,15.22,14.91,0
weo-2024-10,BGD,2013,13.62,17.19,1
weo-2024-10,BGD,2014,12.07,7.34,1
weo-2024-10,BGD,2015,12.81,10.43,0
weo-2024-10,BGD,2016,14.32,16.75,0
weo-2024-10,BGD,2017,11.97,19.74,0
weo-2024-10,BGD,2018,13.55,20.44,0
weo-2024-10,BGD,2019,11.83,16.85,0
weo-2024-10,BGD,2020,7.42,3.9,1
weo-2024-10,BGD,2021,11.35,5.99,0
weo-2024-10,BGD,2022,12.51,14.14,0
weo-2024-10,BGD,2023,13.07,9.58,1
weo-2024-10,BGR,2002,9.95,11.24,0
weo-2024-10,BGR,2003,7.54,10.05,0
weo-2024-10,BGR,2004,12.46,9.59,0
weo-2024-10,BGR,2005,14.12,12.85,0
weo-2024-10,BGR,2006,14.02,9.71,0
weo-2024-10,BGR,2007,18.44,21.96,0
weo-2024-10,BGR,2008,14.73,18.25,0
weo-2024-10,BGR,2009,0.46,0.37,1
weo-2024-10,BGR,2010,2.33,4.8,1
weo-2024-10,BGR,2011,8.33,-0.09,1
weo-2024-10,BGR,2012,1.87,3.77,1
weo-2024-10,BGR,2013,-0.47,8.16,1
weo-2024-10,BGR,2014,2.3,7.66,1
weo-2024-10,BGR,2015,6.45,6.72,0
weo-2024-10,BGR,2016,6.45,-6.57,1
weo-2024-10,BGR,2017,7.69,5.22,1
weo-2024-10,BGR,2018,7.04,15.22,1
weo-2024-10,BGR,2019,9.49,14.66,0
weo-2024-10,BGR,2020,0.12,5.63,1
weo-2024-10,BGR,2021,15.34,17.98,0
weo-2024-10,BGR,2022,20.74,18.08,0
weo-2024-10,BGR,2023,9.5,9.39,1
weo-2024-10,BHR,2002,4.41,23.2,1
weo-2024-10,BHR,2003,15.44,5.04,0
weo-2024-10,BHR,2004,18.74,6.18,0
weo-2024-10,BHR,2005,21.43,15.46,0
weo-2024-10,BHR,2006,15.88,11.83,0
weo-2024-10,BHR,2007,17.43,14.82,0
weo-2024-10,BHR,2008,18.32,21.19,0
weo-2024-10,BHR,2009,-10.78,-3.19,1
weo-2024-10,BHR,2010,12.1,40.74,0
weo-2024-10,BHR,2011,11.6,7.8,1
weo-2024-10,BHR,2012,6.85,9.47,1
weo-2024-10,BHR,2013,5.82,7.89,0
weo-2024-10,BHR,2014,2.81,-13.72,1
weo-2024-10,BHR,2015,-6.47,19.52,1
weo-2024-10,BHR,2016,4.19,-2.83,1
weo-2024-10,BHR,2017,9.8,-1.66,0
weo-2024-10,BHR,2018,6.35,8.9,1
weo-2024-10,BHR,2019,2.22,-1.14,1
weo-2024-10,BHR,2020,-11.4,-2.68,1
weo-2024-10,BHR,2021,13.96,0.17,0
weo-2024-10,BHR,2022,14.3,1.69,0
weo-2024-10,BHR,2023,-1.29,6.41,1
weo-2024-10,BHS,2002,6.77,6.82,0
weo-2024-10,BHS,2003,-0.12,5.32,1
weo-2024-10,BHS,2004,2.09,6.27,1
weo-2024-10,BHS,2005,8.62,8.71,0
weo-2024-10,BHS,2006,3.37,10.54,0
weo-2024-10,BHS,2007,4.44,6.75,1
weo-2024-10,BHS,2008,-0.87,6.47,1
weo-2024-10,BHS,2009,-5.17,2.5,1
weo-2024-10,BHS,2010,1.14,-2.58,0
weo-2024-10,BHS,2011,-0.25,10.2,1
weo-2024-10,BHS,2012,6.46,4.47,0
weo-2024-10,BHS,2013,-3.03,8.89,1
weo-2024-10,BHS,2014,5.56,1.49,0
weo-2024-10,BHS,2015,6.36,7.43,1
weo-2024-10,BHS,2016,0.63,8.04,1
weo-2024-10,BHS,2017,4.19,25.41,0
weo-2024-10,BHS,2018,3.1,-15.57,0
weo-2024-10,BHS,2019,3.17,8.1,1
weo-2024-10,BHS,2020,-23.49,11.14,1
weo-2024-10,BHS,2021,14.17,9.55,0
weo-2024-10,BHS,2022,15.55,-1.64,0
weo-2024-10,BHS,2023,9.15,1.48,0
weo-2024-10,BIH,2002,10.32,4.03,0
weo-2024-10,BIH,2003,5.33,5.73,0
weo-2024-10,BIH,2004,8.91,4.98,0
weo-2024-10,BIH,2005,7.5,7.77,0
weo-2024-10,BIH,2006,12.96,12.6,0
weo-2024-10,BIH,2007,12.72,15.08,0
weo-2024-10,BIH,2008,14.1,21.53,0
weo-2024-10,BIH,2009,-0.82,-1.67,1
weo-2024-10,BIH,2010,2.29,1.5,1
weo-2024-10,BIH,2011,3.41,-1.61,1
weo-2024-10,BIH,2012,-0.06,0.8,1
weo-2024-10,BIH,2013,2.1,-3.2,1
weo-2024-10,BIH,2014,2.1,6.08,1
weo-2024-10,BIH,2015,5.95,-2.46,0
weo-2024-10,BIH,2016,4.62,1.42,1
weo-2024-10,BIH,2017,5.08,1.35,1
weo-2024-10,BIH,2018,6.73,8.15,0
weo-2024-10,BIH,2019,5.43,4.04,1
weo-2024-10,BIH,2020,-2.95,10.66,1
weo-2024-10,BIH,2021,12.72,-1.05,0
weo-2024-10,BIH,2022,16.53,13.01,0
weo-2024-10,BIH,2023,7.3,17.39,1
weo-2024-10,BLR,2002,52.19,57.93,0
weo-2024-10,BLR,2003,39.89,39.21,0
weo-2024-10,BLR,2004,36.71,38.27,0
weo-2024-10,BLR,2005,30.15,33.48,0
weo-2024-10,BLR,2006,21.82,27.84,0
weo-2024-10,BLR,2007,22.58,27.64,0
weo-2024-10,BLR,2008,33.54,62.76,0
weo-2024-10,BLR,2009,5.9,-9.25,1
weo-2024-10,BLR,2010,19.97,2.82,0
weo-2024-10,BLR,2011,80.24,61.89,0
weo-2024-10,BLR,2012,78.23,70.49,1
weo-2024-10,BLR,2013,22.47,30.01,1
weo-2024-10,BLR,2014,20.14,14.03,1
weo-2024-10,BLR,2015,11.58,18.35,1
weo-2024-10,BLR,2016,5.6,1.97,1
weo-2024-10,BLR,2017,11.37,6.64,1
weo-2024-10,BLR,2018,15.67,11.95,0
weo-2024-10,BLR,2019,10.15,9.34,1
weo-2024-10,BLR,2020,11.12,13.53,1
weo-2024-10,BLR,2021,15.65,11.91,1
weo-2024-10,BLR,2022,10.52,16.1,1
weo-2024-10,BLR,2023,12.92,18.23,0
weo-2024-10,BLZ,2002,6.15,-1.8,0
weo-2024-10,BLZ,2003,5.72,2.13,0
weo-2024-10,BLZ,2004,7.03,-12.63,0
weo-2024-10,BLZ,2005,5.18,-1.36,1
weo-2024-10,BLZ,2006,11.04,5.34,0
weo-2024-10,BLZ,2007,7.26,27.51,0
weo-2024-10,BLZ,2008,1.92,2.06,1
weo-2024-10,BLZ,2009,-2.91,3.91,1
weo-2024-10,BLZ,2010,3.43,4.64,1
weo-2024-10,BLZ,2011,4.59,6.42,1
weo-2024-10,BLZ,2012,4.44,3.85,0
weo-2024-10,BLZ,2013,6.44,12.49,0
weo-2024-10,BLZ,2014,5.11,9.95,0
weo-2024-10,BLZ,2015,3.27,16.4,1
weo-2024-10,BLZ,2016,2.09,0.17,1
weo-2024-10,BLZ,2017,1.16,0.61,1
weo-2024-10,BLZ,2018,1.15,-2.63,1
weo-2024-10,BLZ,2019,4.1,6.71,0
weo-2024-10,BLZ,2020,-14.21,8.37,1
weo-2024-10,BLZ,2021,18.4,-8.2,0
weo-2024-10,BLZ,2022,16.74,1.85,0
weo-2024-10,BLZ,2023,8.42,12.45,1
weo-2024-10,BOL,2002,5.38,10.2,1
weo-2024-10,BOL,2003,9.21,3.79,1
weo-2024-10,BOL,2004,12.47,13.41,1
weo-2024-10,BOL,2005,10.62,13.5,0
weo-2024-10,BOL,2006,19.12,7.77,0
weo-2024-10,BOL,2007,12.27,23.81,0
weo-2024-10,BOL,2008,17.17,29.78,0
weo-2024-10,BOL,2009,0.86,-4.58,1
weo-2024-10,BOL,2010,13.27,8.06,1
weo-2024-10,BOL,2011,20.57,36.67,0
weo-2024-10,BOL,2012,12.59,15.51,0
weo-2024-10,BOL,2013,13.2,21.17,0
weo-2024-10,BOL,2014,7.62,21.45,0
weo-2024-10,BOL,2015,0.01,3.06,0
weo-2024-10,BOL,2016,2.85,-8.11,0
weo-2024-10,BOL,2017,10.51,6.39,1
weo-2024-10,BOL,2018,7.41,2.87,1
weo-2024-10,BOL,2019,1.51,-1.91,1
weo-2024-10,BOL,2020,-10.43,-5.81,1
weo-2024-10,BOL,2021,10.31,-0.07,0
weo-2024-10,BOL,2022,8.91,8.88,1
weo-2024-10,BOL,2023,2.57,11.24,1
weo-2024-10,BRA,2002,13.15,26.05,0
weo-2024-10,BRA,2003,15.39,0.87,1
weo-2024-10,BRA,2004,13.96,15.16,0
weo-2024-10,BRA,2005,10.87,17.55,0
weo-2024-10,BRA,2006,11.0,15.96,0
weo-2024-10,BRA,2007,12.9,8.6,0
weo-2024-10,BRA,2008,14.32,12.67,0
weo-2024-10,BRA,2009,7.18,10.57,1
weo-2024-10,BRA,2010,16.59,13.25,0
weo-2024-10,BRA,2011,12.62,11.01,0
weo-2024-10,BRA,2012,10.02,12.77,1
weo-2024-10,BRA,2013,10.73,11.06,0
weo-2024-10,BRA,2014,8.39,12.16,1
weo-2024-10,BRA,2015,3.75,8.68,1
weo-2024-10,BRA,2016,4.56,9.43,1
weo-2024-10,BRA,2017,5.04,0.88,1
weo-2024-10,BRA,2018,6.36,6.65,1
weo-2024-10,BRA,2019,5.5,6.08,1
weo-2024-10,BRA,2020,2.98,13.24,1
weo-2024-10,BRA,2021,18.43,0.66,0
weo-2024-10,BRA,2022,11.85,19.39,0
weo-2024-10,BRA,2023,7.7,12.41,1
weo-2024-10,BRB,2002,1.73,32.77,0
weo-2024-10,BRB,2003,3.43,-1.0,0
weo-2024-10,BRB,2004,7.89,4.28,0
weo-2024-10,BRB,2005,12.23,12.77,0
weo-2024-10,BRB,2006,11.63,5.17,0
weo-2024-10,BRB,2007,12.14,16.11,0
weo-2024-10,BRB,2008,2.43,2.25,0
weo-2024-10,BRB,2009,-6.26,-3.48,1
weo-2024-10,BRB,2010,1.46,-0.19,1
weo-2024-10,BRB,2011,3.19,-5.49,1
weo-2024-10,BRB,2012,-1.3,9.19,1
weo-2024-10,BRB,2013,2.0,2.12,1
weo-2024-10,BRB,2014,0.53,-8.42,1
weo-2024-10,BRB,2015,-1.45,7.76,1
weo-2024-10,BRB,2016,0.81,-4.26,0
weo-2024-10,BRB,2017,3.5,-0.22,1
weo-2024-10,BRB,2018,2.04,4.29,1
weo-2024-10,BRB,2019,2.81,-4.45,0
weo-2024-10,BRB,2020,-10.71,10.6,1
weo-2024-10,BRB,2021,2.07,8.72,1
weo-2024-10,BRB,2022,18.62,6.81,0
weo-2024-10,BRB,2023,7.41,-2.23,0
weo-2024-10,BRN,2002,4.26,21.75,0
weo-2024-10,BRN,2003,9.19,-18.59,0
weo-2024-10,BRN,2004,16.47,25.02,0
weo-2024-10,BRN,2005,19.23,4.48,1
weo-2024-10,BRN,2006,14.89,10.68,0
weo-2024-10,BRN,2007,1.28,6.12,1
weo-2024-10,BRN,2008,10.51,2.39,1
weo-2024-10,BRN,2009,-23.47,-1.88,1
weo-2024-10,BRN,2010,8.04,12.21,0
weo-2024-10,BRN,2011,24.68,2.39,0
weo-2024-10,BRN,2012,2.14,6.55,0
weo-2024-10,BRN,2013,-4.89,3.06,1
weo-2024-10,BRN,2014,-4.31,-2.87,1
weo-2024-10,BRN,2015,-17.94,-6.89,1
weo-2024-10,BRN,2016,-11.42,-9.87,1
weo-2024-10,BRN,2017,6.35,-1.15,0
weo-2024-10,BRN,2018,9.27,-3.95,1
weo-2024-10,BRN,2019,0.41,1.29,0
weo-2024-10,BRN,2020,-9.85,-7.63,0
weo-2024-10,BRN,2021,13.63,0.12,1
weo-2024-10,BRN,2022,22.21,10.08,1
weo-2024-10,BRN,2023,-11.68,-1.88,0
weo-2024-10,BTN,2002,15.09,-10.48,0
weo-2024-10,BTN,2003,13.75,-0.04,0
weo-2024-10,BTN,2004,10.66,-1.76,0
weo-2024-10,BTN,2005,11.89,30.31,1
weo-2024-10,BTN,2006,13.18,4.16,0
weo-2024-10,BTN,2007,17.33,16.53,0
weo-2024-10,BTN,2008,15.43,17.92,0
weo-2024-10,BTN,2009,11.46,23.32,1
weo-2024-10,BTN,2010,15.77,25.59,0
weo-2024-10,BTN,2011,18.46,3.87,0
weo-2024-10,BTN,2012,16.25,13.41,0
weo-2024-10,BTN,2013,11.15,0.49,1
weo-2024-10,BTN,2014,10.15,-1.45,1
weo-2024-10,BTN,2015,11.0,5.94,0
weo-2024-10,BTN,2016,11.57,23.59,0
weo-2024-10,BTN,2017,10.37,12.78,1
weo-2024-10,BTN,2018,6.34,9.5,1
weo-2024-10,BTN,2019,6.92,-17.91,1
weo-2024-10,BTN,2020,1.47,32.41,1
weo-2024-10,BTN,2021,3.21,20.67,1
weo-2024-10,BTN,2022,11.82,-4.1,1
weo-2024-10,BTN,2023,9.75,-2.06,1
weo-2024-10,BWA,2002,7.04,15.18,0
weo-2024-10,BWA,2003,8.29,2.75,0
weo-2024-10,BWA,2004,11.97,4.17,1
weo-2024-10,BWA,2005,21.54,2.6,1
weo-2024-10,BWA,2006,14.95,12.35,0
weo-2024-10,BWA,2007,12.17,25.97,0
weo-2024-10,BWA,2008,12.93,41.72,1
weo-2024-10,BWA,2009,-1.17,12.12,1
weo-2024-10,BWA,2010,18.58,-3.12,0
weo-2024-10,BWA,2011,20.36,0.48,0
weo-2024-10,BWA,2012,2.84,5.22,1
weo-2024-10,BWA,2013,12.81,5.5,0
weo-2024-10,BWA,2014,15.85,18.52,0
weo-2024-10,BWA,2015,-1.3,6.91,1
weo-2024-10,BWA,2016,19.97,4.33,0
weo-2024-10,BWA,2017,1.36,2.72,1
weo-2024-10,BWA,2018,4.25,6.84,1
weo-2024-10,BWA,2019,3.37,4.68,1
weo-2024-10,BWA,2020,-4.75,0.65,1
weo-2024-10,BWA,2021,21.55,4.49,0
weo-2024-10,BWA,2022,20.91,7.29,0
weo-2024-10,BWA,2023,4.92,18.22,1
weo-2024-10,CAF,2002,3.9,23.28,1
weo-2024-10,CAF,2003,0.83,-24.93,1
weo-2024-10,CAF,2004,0.19,9.44,1
weo-2024-10,CAF,2005,7.69,34.03,0
weo-2024-10,CAF,2006,7.88,-11.93,0
weo-2024-10,CAF,2007,4.62,-4.32,0
weo-2024-10,CAF,2008,8.25,32.43,1
weo-2024-10,CAF,2009,6.79,10.9,1
weo-2024-10,CAF,2010,9.04,22.68,0
weo-2024-10,CAF,2011,8.37,-9.89,0
weo-2024-10,CAF,2012,11.55,14.18,0
weo-2024-10,CAF,2013,-34.81,-39.82,1
weo-2024-10,CAF,2014,11.98,52.38,1
weo-2024-10,CAF,2015,7.16,-17.43,0
weo-2024-10,CAF,2016,7.87,-7.07,0
weo-2024-10,CAF,2017,11.26,30.32,0
weo-2024-10,CAF,2018,5.18,33.59,0
weo-2024-10,CAF,2019,5.47,1.54,0
weo-2024-10,CAF,2020,2.84,53.97,1
weo-2024-10,CAF,2021,4.36,-18.33,1
weo-2024-10,CAF,2022,6.87,-5.12,1
weo-2024-10,CAF,2023,4.2,4.7,1
weo-2024-10,CAN,2002,4.29,3.35,0
weo-2024-10,CAN,2003,5.11,6.78,1
weo-2024-10,CAN,2004,6.45,4.08,0
weo-2024-10,CAN,2005,6.43,6.14,0
weo-2024-10,CAN,2006,5.28,6.78,0
weo-2024-10,CAN,2007,5.42,5.12,1
weo-2024-10,CAN,2008,5.03,6.48,1
weo-2024-10,CAN,2009,-5.17,4.24,1
weo-2024-10,CAN,2010,6.03,5.8,0
weo-2024-10,CAN,2011,6.48,3.31,0
weo-2024-10,CAN,2012,3.0,1.12,1
weo-2024-10,CAN,2013,4.11,2.13,1
weo-2024-10,CAN,2014,4.87,1.24,0
weo-2024-10,CAN,2015,-0.22,3.11,1
weo-2024-10,CAN,2016,1.76,3.83,1
weo-2024-10,CAN,2017,5.68,5.9,0
weo-2024-10,CAN,2018,4.44,5.23,0
weo-2024-10,CAN,2019,3.48,3.25,1
weo-2024-10,CAN,2020,-4.02,23.01,1
weo-2024-10,CAN,2021,13.36,0.69,0
weo-2024-10,CAN,2022,11.77,0.42,0
weo-2024-10,CAN,2023,2.8,4.6,1
weo-2024-10,CHE,2002,-0.29,7.59,1
weo-2024-10,CHE,2003,1.07,-1.31,1
weo-2024-10,CHE,2004,2.86,2.37,0
weo-2024-10,CHE,2005,3.8,1.65,0
weo-2024-10,CHE,2006,6.39,0.34,0
weo-2024-10,CHE,2007,6.4,3.41,0
weo-2024-10,CHE,2008,4.18,6.21,0
weo-2024-10,CHE,2009,-1.85,4.17,1
weo-2024-10,CHE,2010,3.53,2.57,0
weo-2024-10,CHE,2011,1.87,2.14,1
weo-2024-10,CHE,2012,1.27,2.03,1
weo-2024-10,CHE,2013,1.76,4.99,1
weo-2024-10,CHE,2014,1.63,0.56,0
weo-2024-10,CHE,2015,0.3,1.27,1
weo-2024-10,CHE,2016,1.49,1.55,0
weo-2024-10,CHE,2017,1.06,1.16,1
weo-2024-10,CHE,2018,3.65,1.58,0
weo-2024-10,CHE,2019,1.06,1.89,1
weo-2024-10,CHE,2020,-2.97,12.29,1
weo-2024-10,CHE,2021,6.96,-0.69,0
weo-2024-10,CHE,2022,6.25,-2.52,0
weo-2024-10,CHE,2023,1.64,3.03,1
weo-2024-10,CHL,2002,6.65,6.58,1
weo-2024-10,CHL,2003,9.23,4.33,0
weo-2024-10,CHL,2004,14.17,6.94,0
weo-2024-10,CHL,2005,13.37,10.54,0
weo-2024-10,CHL,2006,19.15,11.61,0
weo-2024-10,CHL,2007,10.52,16.08,0
weo-2024-10,CHL,2008,4.11,18.3,0
weo-2024-10,CHL,2009,2.42,16.42,1
weo-2024-10,CHL,2010,15.23,7.18,0
weo-2024-10,CHL,2011,9.69,6.75,0
weo-2024-10,CHL,2012,6.97,7.86,0
weo-2024-10,CHL,2013,5.64,5.88,1
weo-2024-10,CHL,2014,7.75,10.91,1
weo-2024-10,CHL,2015,7.21,12.2,1
weo-2024-10,CHL,2016,6.39,7.56,1
weo-2024-10,CHL,2017,6.25,6.46,1
weo-2024-10,CHL,2018,5.64,6.12,0
weo-2024-10,CHL,2019,3.22,6.9,1
weo-2024-10,CHL,2020,2.93,12.46,1
weo-2024-10,CHL,2021,19.03,37.39,0
weo-2024-10,CHL,2022,10.14,-12.59,1
weo-2024-10,CHL,2023,6.83,10.37,1
weo-2024-10,CHN,2002,9.91,17.73,0
weo-2024-10,CHN,2003,13.04,10.64,0
weo-2024-10,CHN,2004,17.65,16.82,0
weo-2024-10,CHN,2005,16.3,19.19,0
weo-2024-10,CHN,2006,17.02,17.43,0
weo-2024-10,CHN,2007,23.18,22.26,0
weo-2024-10,CHN,2008,17.59,46.4,0
weo-2024-10,CHN,2009,9.3,24.67,0
weo-2024-10,CHN,2010,17.5,14.79,0
weo-2024-10,CHN,2011,18.51,28.05,0
weo-2024-10,CHN,2012,11.35,15.71,1
weo-2024-10,CHN,2013,10.63,12.16,1
weo-2024-10,CHN,2014,8.42,9.51,1
weo-2024-10,CHN,2015,7.04,17.26,1
weo-2024-10,CHN,2016,7.79,9.86,1
weo-2024-10,CHN,2017,11.13,11.98,1
weo-2024-10,CHN,2018,10.47,12.51,1
weo-2024-10,CHN,2019,8.18,10.95,1
weo-2024-10,CHN,2020,3.52,7.09,1
weo-2024-10,CHN,2021,11.67,3.0,0
weo-2024-10,CHN,2022,4.99,7.52,1
weo-2024-10,CHN,2023,4.62,3.63,1
weo-2024-10,CIV,2002,4.89,26.55,1
weo-2024-10,CIV,2003,3.38,5.44,1
weo-2024-10,CIV,2004,-1.69,4.84,1
weo-2024-10,CIV,2005,3.04,4.45,1
weo-2024-10,CIV,2006,3.29,12.03,1
weo-2024-10,CIV,2007,4.75,7.98,1
weo-2024-10,CIV,2008,11.26,9.02,1
weo-2024-10,CIV,2009,5.67,5.57,1
weo-2024-10,CIV,2010,7.51,7.53,1
weo-2024-10,CIV,2011,-1.72,-12.32,1
weo-2024-10,CIV,2012,12.92,41.63,0
weo-2024-10,CIV,2013,12.93,12.49,0
weo-2024-10,CIV,2014,13.05,9.07,0
weo-2024-10,CIV,2015,12.22,20.65,0
weo-2024-10,CIV,2016,5.91,12.24,0
weo-2024-10,CIV,2017,6.29,9.8,0
weo-2024-10,CIV,2018,6.61,2.56,0
weo-2024-10,CIV,2019,8.84,5.48,0
weo-2024-10,CIV,2020,2.54,20.89,1
weo-2024-10,CIV,2021,11.27,11.1,0
weo-2024-10,CIV,2022,8.43,16.38,0
weo-2024-10,CIV,2023,9.3,3.96,0
weo-2024-10,CMR,2002,7.38,3.06,0
weo-2024-10,CMR,2003,7.51,4.51,0
weo-2024-10,CMR,2004,7.2,12.4,0
weo-2024-10,CMR,2005,3.62,-1.55,1
weo-2024-10,CMR,2006,6.2,11.28,1
weo-2024-10,CMR,2007,4.84,16.63,0
weo-2024-10,CMR,2008,7.93,29.38,1
weo-2024-10,CMR,2009,6.28,-1.61,1
weo-2024-10,CMR,2010,3.61,7.15,1
weo-2024-10,CMR,2011,6.06,24.44,1
weo-2024-10,CMR,2012,6.66,2.29,0
weo-2024-10,CMR,2013,8.2,21.33,0
weo-2024-10,CMR,2014,7.85,12.52,0
weo-2024-10,CMR,2015,5.99,6.13,0
weo-2024-10,CMR,2016,5.23,3.95,0
weo-2024-10,CMR,2017,4.6,-1.12,1
weo-2024-10,CMR,2018,5.93,-1.78,0
weo-2024-10,CMR,2019,4.69,8.43,1
weo-2024-10,CMR,2020,1.04,-9.99,1
weo-2024-10,CMR,2021,6.28,8.75,1
weo-2024-10,CMR,2022,10.82,12.29,0
weo-2024-10,CMR,2023,8.06,6.16,1
weo-2024-10,COD,2002,35.6,46.97,1
weo-2024-10,COD,2003,19.74,100.72,1
weo-2024-10,COD,2004,13.53,46.98,0
weo-2024-10,COD,2005,45.27,43.47,0
weo-2024-10,COD,2006,21.34,24.21,1
weo-2024-10,COD,2007,32.22,38.01,0
weo-2024-10,COD,2008,33.85,55.12,0
weo-2024-10,COD,2009,18.52,46.92,1
weo-2024-10,COD,2010,33.23,66.48,0
weo-2024-10,COD,2011,19.77,3.25,0
weo-2024-10,COD,2012,13.81,12.4,0
weo-2024-10,COD,2013,16.17,3.72,0
weo-2024-10,COD,2014,10.6,21.66,0
weo-2024-10,COD,2015,4.79,24.1,1
weo-2024-10,COD,2016,4.88,-3.97,1
weo-2024-10,COD,2017,48.33,9.73,1
weo-2024-10,COD,2018,34.74,51.02,1
weo-2024-10,COD,2019,7.59,25.7,1
weo-2024-10,COD,2020,9.54,2.02,1
weo-2024-10,COD,2021,24.78,37.07,1
weo-2024-10,COD,2022,15.16,45.91,0
weo-2024-10,COD,2023,23.92,16.98,0
weo-2024-10,COG,2002,4.22,15.02,1
weo-2024-10,COG,2003,-3.45,-14.19,1
weo-2024-10,COG,2004,20.09,8.39,1
weo-2024-10,COG,2005,30.3,16.91,0
weo-2024-10,COG,2006,20.28,52.83,0
weo-2024-10,COG,2007,-0.32,16.57,1
weo-2024-10,COG,2008,23.6,2.28,0
weo-2024-10,COG,2009,-11.99,-6.12,0
weo-2024-10,COG,2010,42.27,36.55,0
weo-2024-10,COG,2011,13.4,42.09,0
weo-2024-10,COG,2012,22.44,35.01,0
weo-2024-10,COG,2013,-1.81,35.19,1
weo-2024-10,COG,2014,-0.28,14.34,0
weo-2024-10,COG,2015,-20.52,-33.23,1
weo-2024-10,COG,2016,-7.85,-16.19,1
weo-2024-10,COG,2017,6.08,-28.15,1
weo-2024-10,COG,2018,19.42,-23.45,1
weo-2024-10,COG,2019,-0.21,7.16,0
weo-2024-10,COG,2020,-19.39,-6.92,1
weo-2024-10,COG,2021,12.4,6.63,1
weo-2024-10,COG,2022,17.17,26.01,0
weo-2024-10,COG,2023,-1.16,-14.42,0
weo-2024-10,COL,2002,8.62,13.44,1
weo-2024-10,COL,2003,11.01,9.63,0
weo-2024-10,COL,2004,13.0,12.58,0
weo-2024-10,COL,2005,10.48,9.94,0
weo-2024-10,COL,2006,12.91,22.16,0
weo-2024-10,COL,2007,12.29,11.16,0
weo-2024-10,COL,2008,11.21,14.59,1
weo-2024-10,COL,2009,5.25,17.35,1
weo-2024-10,COL,2010,8.47,4.79,0
weo-2024-10,COL,2011,13.78,13.18,0
weo-2024-10,COL,2012,7.67,4.9,1
weo-2024-10,COL,2013,7.14,9.5,0
weo-2024-10,COL,2014,6.84,13.11,0
weo-2024-10,COL,2015,5.48,4.75,1
weo-2024-10,COL,2016,7.34,2.24,1
weo-2024-10,COL,2017,6.56,3.72,1
weo-2024-10,COL,2018,7.31,27.58,1
weo-2024-10,COL,2019,7.32,0.46,1
weo-2024-10,COL,2020,-5.81,-4.05,1
weo-2024-10,COL,2021,19.45,21.72,0
weo-2024-10,COL,2022,23.24,17.59,0
weo-2024-10,COL,2023,6.99,10.9,1
weo-2024-10,COM,2002,8.6,20.27,0
weo-2024-10,COM,2003,6.96,-4.77,1
weo-2024-10,COM,2004,3.55,-4.67,1
weo-2024-10,COM,2005,5.31,6.09,0
weo-2024-10,COM,2006,4.01,10.98,1
weo-2024-10,COM,2007,5.88,12.45,1
weo-2024-10,COM,2008,7.23,23.49,0
weo-2024-10,COM,2009,4.26,-5.56,0
weo-2024-10,COM,2010,5.52,2.61,0
weo-2024-10,COM,2011,7.32,7.27,0
weo-2024-10,COM,2012,7.57,21.32,0
weo-2024-10,COM,2013,6.3,7.08,0
weo-2024-10,COM,2014,2.96,1.22,1
weo-2024-10,COM,2015,0.62,31.96,1
weo-2024-10,COM,2016,5.09,4.23,0
weo-2024-10,COM,2017,4.23,4.03,0
weo-2024-10,COM,2018,4.63,6.25,0
weo-2024-10,COM,2019,6.33,11.37,1
weo-2024-10,COM,2020,0.56,-6.79,1
weo-2024-10,COM,2021,0.81,6.97,1
weo-2024-10,COM,2022,8.03,-0.59,1
weo-2024-10,COM,2023,5.99,2.19,1
weo-2024-10,CPV,2002,4.22,20.8,0
weo-2024-10,CPV,2003,6.31,-13.5,0
weo-2024-10,CPV,2004,3.75,14.62,0
weo-2024-10,CPV,2005,10.35,11.58,0
weo-2024-10,CPV,2006,3.2,13.17,0
weo-2024-10,CPV,2007,4.18,-0.62,0
weo-2024-10,CPV,2008,11.01,13.04,0
weo-2024-10,CPV,2009,0.42,12.8,1
weo-2024-10,CPV,2010,2.5,18.14,1
weo-2024-10,CPV,2011,6.78,-9.8,1
weo-2024-10,CPV,2012,1.77,5.14,1
weo-2024-10,CPV,2013,2.07,-0.55,1
weo-2024-10,CPV,2014,0.6,-10.47,1
weo-2024-10,CPV,2015,2.57,3.79,1
weo-2024-10,CPV,2016,6.03,-1.87,1
weo-2024-10,CPV,2017,5.91,11.58,1
weo-2024-10,CPV,2018,5.48,3.93,1
weo-2024-10,CPV,2019,7.64,7.64,0
weo-2024-10,CPV,2020,-20.23,0.54,1
weo-2024-10,CPV,2021,8.14,-3.03,0
weo-2024-10,CPV,2022,26.3,4.92,0
weo-2024-10,CPV,2023,9.21,4.35,0
weo-2024-10,CRI,2002,13.54,20.99,1
weo-2024-10,CRI,2003,15.43,8.3,0
weo-2024-10,CRI,2004,18.37,13.82,0
weo-2024-10,CRI,2005,17.51,13.14,1
weo-2024-10,CRI,2006,21.26,17.28,0
weo-2024-10,CRI,2007,19.6,21.53,0
weo-2024-10,CRI,2008,16.7,31.9,0
weo-2024-10,CRI,2009,8.74,21.5,1
weo-2024-10,CRI,2010,12.34,23.09,0
weo-2024-10,CRI,2011,9.2,2.97,0
weo-2024-10,CRI,2012,9.85,11.7,0
weo-2024-10,CRI,2013,7.2,11.97,1
weo-2024-10,CRI,2014,9.97,9.11,1
weo-2024-10,CRI,2015,7.75,9.06,1
weo-2024-10,CRI,2016,6.25,5.72,1
weo-2024-10,CRI,2017,7.14,8.15,1
weo-2024-10,CRI,2018,4.87,0.35,1
weo-2024-10,CRI,2019,5.05,19.61,1
weo-2024-10,CRI,2020,-3.53,-3.36,1
weo-2024-10,CRI,2021,10.5,-0.12,0
weo-2024-10,CRI,2022,11.12,-0.38,0
weo-2024-10,CRI,2023,5.02,0.6,0
weo-2024-10,CYP,2002,4.03,7.58,0
weo-2024-10,CYP,2003,8.15,15.87,1
weo-2024-10,CYP,2004,7.87,3.75,0
weo-2024-10,CYP,2005,6.97,9.1,0
weo-2024-10,CYP,2006,7.95,7.18,0
weo-2024-10,CYP,2007,9.45,5.45,0
weo-2024-10,CYP,2008,8.55,10.28,1
weo-2024-10,CYP,2009,-1.76,8.89,1
weo-2024-10,CYP,2010,4.21,5.09,1
weo-2024-10,CYP,2011,2.04,2.73,1
weo-2024-10,CYP,2012,-1.83,-4.82,1
weo-2024-10,CYP,2013,-7.46,-8.5,1
weo-2024-10,CYP,2014,-3.09,-6.92,1
weo-2024-10,CYP,2015,2.64,0.66,1
weo-2024-10,CYP,2016,5.96,0.93,0
weo-2024-10,CYP,2017,6.83,4.52,0
weo-2024-10,CYP,2018,6.71,26.46,0
weo-2024-10,CYP,2019,6.93,-4.58,0
weo-2024-10,CYP,2020,-4.71,11.58,1
weo-2024-10,CYP,2021,12.86,7.67,0
weo-2024-10,CYP,2022,11.43,3.61,0
weo-2024-10,CYP,2023,7.31,11.48,1
weo-2024-10,CZE,2002,4.36,7.62,1
weo-2024-10,CZE,2003,4.76,15.27,0
weo-2024-10,CZE,2004,8.99,-6.56,0
weo-2024-10,CZE,2005,6.5,6.68,0
weo-2024-10,CZE,2006,7.35,5.2,0
weo-2024-10,CZE,2007,9.25,6.57,0
weo-2024-10,CZE,2008,4.69,5.84,1
weo-2024-10,CZE,2009,-2.28,5.59,1
weo-2024-10,CZE,2010,2.22,-0.94,1
weo-2024-10,CZE,2011,1.55,0.58,1
weo-2024-10,CZE,2012,0.56,3.98,1
weo-2024-10,CZE,2013,1.23,-3.24,1
weo-2024-10,CZE,2014,5.01,4.82,1
weo-2024-10,CZE,2015,6.25,5.14,0
weo-2024-10,CZE,2016,4.11,-1.48,1
weo-2024-10,CZE,2017,6.94,4.82,0
weo-2024-10,CZE,2018,5.72,10.48,0
weo-2024-10,CZE,2019,7.54,8.5,0
weo-2024-10,CZE,2020,-1.03,13.33,1
weo-2024-10,CZE,2021,8.23,5.35,0
weo-2024-10,CZE,2022,11.77,6.58,0
weo-2024-10,CZE,2023,8.07,10.09,1
weo-2024-10,DEU,2002,1.27,2.54,1
weo-2024-10,DEU,2003,0.78,1.42,1
weo-2024-10,DEU,2004,2.33,-0.89,0
weo-2024-10,DEU,2005,1.42,1.37,1
weo-2024-10,DEU,2006,4.32,0.81,0
weo-2024-10,DEU,2007,4.78,0.43,0
weo-2024-10,DEU,2008,1.87,4.17,1
weo-2024-10,DEU,2009,-3.66,5.18,1
weo-2024-10,DEU,2010,4.86,4.98,0
weo-2024-10,DEU,2011,5.04,-1.15,0
weo-2024-10,DEU,2012,1.91,1.83,1
weo-2024-10,DEU,2013,2.39,3.51,1
weo-2024-10,DEU,2014,4.11,3.05,0
weo-2024-10,DEU,2015,3.37,3.72,0
weo-2024-10,DEU,2016,3.58,4.44,0
weo-2024-10,DEU,2017,4.22,4.09,0
weo-2024-10,DEU,2018,3.0,3.56,1
weo-2024-10,DEU,2019,3.02,5.39,1
weo-2024-10,DEU,2020,-2.41,9.94,1
weo-2024-10,DEU,2021,6.58,5.69,0
weo-2024-10,DEU,2022,7.55,3.68,0
weo-2024-10,DEU,2023,5.86,4.32,1
weo-2024-10,DJI,2002,3.23,15.06,1
weo-2024-10,DJI,2003,5.26,16.51,1
weo-2024-10,DJI,2004,6.16,9.71,1
weo-2024-10,DJI,2005,6.39,4.19,1
weo-2024-10,DJI,2006,8.49,-1.46,1
weo-2024-10,DJI,2007,10.24,23.12,0
weo-2024-10,DJI,2008,16.03,26.17,0
weo-2024-10,DJI,2009,3.2,10.81,1
weo-2024-10,DJI,2010,8.26,-7.08,1
weo-2024-10,DJI,2011,12.74,7.18,0
weo-2024-10,DJI,2012,9.26,14.22,0
weo-2024-10,DJI,2013,7.52,9.19,0
weo-2024-10,DJI,2014,8.62,17.52,0
weo-2024-10,DJI,2015,9.18,57.76,0
weo-2024-10,DJI,2016,7.45,-35.23,0
weo-2024-10,DJI,2017,6.05,-3.45,0
weo-2024-10,DJI,2018,5.46,14.08,1
weo-2024-10,DJI,2019,6.02,1.49,0
weo-2024-10,DJI,2020,3.12,8.45,1
weo-2024-10,DJI,2021,6.3,-1.49,1
weo-2024-10,DJI,2022,10.04,-7.57,1
weo-2024-10,DJI,2023,7.65,16.07,0
weo-2024-10,DNK,2002,2.86,3.06,1
weo-2024-10,DNK,2003,1.94,3.26,1
weo-2024-10,DNK,2004,4.92,4.13,0
weo-2024-10,DNK,2005,5.33,2.46,0
weo-2024-10,DNK,2006,5.98,3.73,0
weo-2024-10,DNK,2007,3.44,3.47,1
weo-2024-10,DNK,2008,3.82,6.3,1
weo-2024-10,DNK,2009,-4.43,6.58,1
weo-2024-10,DNK,2010,4.82,4.86,0
weo-2024-10,DNK,2011,1.97,1.59,1
weo-2024-10,DNK,2012,2.4,5.53,1
weo-2024-10,DNK,2013,2.25,-1.73,1
weo-2024-10,DNK,2014,2.31,1.33,1
weo-2024-10,DNK,2015,2.52,0.98,0
weo-2024-10,DNK,2016,3.51,-0.07,0
weo-2024-10,DNK,2017,4.19,1.41,0
weo-2024-10,DNK,2018,2.46,3.27,0
weo-2024-10,DNK,2019,2.68,0.6,0
weo-2024-10,DNK,2020,1.0,8.08,1
weo-2024-10,DNK,2021,10.36,2.53,0
weo-2024-10,DNK,2022,10.78,0.52,1
weo-2024-10,DNK,2023,-1.39,3.94,0
weo-2024-10,DOM,2002,11.73,21.75,1
weo-2024-10,DOM,2003,31.67,33.58,1
weo-2024-10,DOM,2004,48.9,48.47,1
weo-2024-10,DOM,2005,15.75,6.17,0
weo-2024-10,DOM,2006,16.42,27.79,0
weo-2024-10,DOM,2007,15.62,12.19,0
weo-2024-10,DOM,2008,13.93,27.13,1
weo-2024-10,DOM,2009,4.48,-11.89,1
weo-2024-10,DOM,2010,14.24,13.52,0
weo-2024-10,DOM,2011,11.45,9.28,1
weo-2024-10,DOM,2012,7.95,38.77,1
weo-2024-10,DOM,2013,9.8,-0.4,0
weo-2024-10,DOM,2014,11.68,0.65,0
weo-2024-10,DOM,2015,9.57,7.49,0
weo-2024-10,DOM,2016,8.79,9.34,0
weo-2024-10,DOM,2017,9.04,9.62,1
weo-2024-10,DOM,2018,11.39,5.6,0
weo-2024-10,DOM,2019,7.71,18.29,0
weo-2024-10,DOM,2020,-2.31,21.83,1
weo-2024-10,DOM,2021,21.0,-1.01,0
weo-2024-10,DOM,2022,16.09,17.92,1
weo-2024-10,DOM,2023,8.94,10.13,1
weo-2024-10,DZA,2002,6.85,22.63,0
weo-2024-10,DZA,2003,16.02,-2.24,0
weo-2024-10,DZA,2004,16.46,20.06,0
weo-2024-10,DZA,2005,18.43,23.55,0
weo-2024-10,DZA,2006,13.99,14.68,1
weo-2024-10,DZA,2007,10.42,31.71,1
weo-2024-10,DZA,2008,18.0,34.39,1
weo-2024-10,DZA,2009,-6.26,1.36,1
weo-2024-10,DZA,2010,21.1,6.08,0
weo-2024-10,DZA,2011,20.42,29.56,1
weo-2024-10,DZA,2012,10.59,17.41,1
weo-2024-10,DZA,2013,3.52,-13.57,1
weo-2024-10,DZA,2014,5.61,16.82,0
weo-2024-10,DZA,2015,-1.95,8.57,0
weo-2024-10,DZA,2016,4.79,-4.87,0
weo-2024-10,DZA,2017,6.51,2.2,1
weo-2024-10,DZA,2018,7.65,8.73,1
weo-2024-10,DZA,2019,1.79,4.08,1
weo-2024-10,DZA,2020,-9.48,-9.28,1
weo-2024-10,DZA,2021,20.36,4.89,0
weo-2024-10,DZA,2022,27.31,25.68,0
weo-2024-10,DZA,2023,1.75,18.57,0
weo-2024-10,ECU,2002,16.98,34.64,0
weo-2024-10,ECU,2003,14.46,8.41,1
weo-2024-10,ECU,2004,13.66,16.12,0
weo-2024-10,ECU,2005,14.44,20.55,0
weo-2024-10,ECU,2006,13.44,11.88,0
weo-2024-10,ECU,2007,9.1,26.71,1
weo-2024-10,ECU,2008,22.65,84.0,0
weo-2024-10,ECU,2009,-1.71,-3.78,1
weo-2024-10,ECU,2010,13.41,17.02,1
weo-2024-10,ECU,2011,15.9,29.85,0
weo-2024-10,ECU,2012,11.08,21.53,0
weo-2024-10,ECU,2013,10.07,20.0,0
weo-2024-10,ECU,2014,6.37,4.54,1
weo-2024-10,ECU,2015,-5.36,-9.66,1
weo-2024-10,ECU,2016,0.48,0.22,1
weo-2024-10,ECU,2017,6.96,-3.16,0
weo-2024-10,ECU,2018,2.88,3.2,1
weo-2024-10,ECU,2019,0.11,-3.2,1
weo-2024-10,ECU,2020,-10.9,-10.03,1
weo-2024-10,ECU,2021,12.07,8.04,0
weo-2024-10,ECU,2022,8.52,11.65,0
weo-2024-10,ECU,2023,1.94,4.76,1
weo-2024-10,EGY,2002,5.63,17.89,1
weo-2024-10,EGY,2003,10.19,7.78,1
weo-2024-10,EGY,2004,16.24,13.93,1
weo-2024-10,EGY,2005,10.96,11.45,0
weo-2024-10,EGY,2006,14.71,31.74,0
weo-2024-10,EGY,2007,20.58,9.17,0
weo-2024-10,EGY,2008,20.23,29.44,0
weo-2024-10,EGY,2009,16.38,18.43,0
weo-2024-10,EGY,2010,15.77,6.14,0
weo-2024-10,EGY,2011,13.63,7.9,1
weo-2024-10,EGY,2012,22.71,16.48,1
weo-2024-10,EGY,2013,10.71,18.98,1
weo-2024-10,EGY,2014,14.48,18.74,1
weo-2024-10,EGY,2015,14.93,4.8,0
weo-2024-10,EGY,2016,11.15,4.21,0
weo-2024-10,EGY,2017,27.65,26.44,1
weo-2024-10,EGY,2018,27.63,11.13,0
weo-2024-10,EGY,2019,19.93,7.71,0
weo-2024-10,EGY,2020,9.95,3.99,1
weo-2024-10,EGY,2021,8.3,11.34,1
weo-2024-10,EGY,2022,17.7,24.26,0
weo-2024-10,EGY,2023,29.49,11.49,1
weo-2024-10,ESP,2002,6.96,8.27,0
weo-2024-10,ESP,2003,7.06,7.0,0
weo-2024-10,ESP,2004,7.15,9.2,0
weo-2024-10,ESP,2005,7.91,7.7,0
weo-2024-10,ESP,2006,8.28,8.79,0
weo-2024-10,ESP,2007,7.22,10.03,0
weo-2024-10,ESP,2008,3.24,9.17,1
weo-2024-10,ESP,2009,-3.55,7.13,1
weo-2024-10,ESP,2010,0.39,-0.59,1
weo-2024-10,ESP,2011,-0.78,-1.55,1
weo-2024-10,ESP,2012,-3.06,2.93,1
weo-2024-10,ESP,2013,-1.0,-8.43,1
weo-2024-10,ESP,2014,1.3,-1.34,1
weo-2024-10,ESP,2015,4.64,2.2,0
weo-2024-10,ESP,2016,3.3,-0.06,0
weo-2024-10,ESP,2017,4.19,1.72,0
weo-2024-10,ESP,2018,3.61,5.02,1
weo-2024-10,ESP,2019,3.42,5.05,1
weo-2024-10,ESP,2020,-9.93,11.34,1
weo-2024-10,ESP,2021,9.41,5.32,0
weo-2024-10,ESP,2022,11.18,3.65,0
weo-2024-10,ESP,2023,9.08,6.97,1
weo-2024-10,EST,2002,11.89,14.77,0
weo-2024-10,EST,2003,11.78,10.05,0
weo-2024-10,EST,2004,11.81,8.38,0
weo-2024-10,EST,2005,16.01,14.93,0
weo-2024-10,EST,2006,19.62,18.87,0
weo-2024-10,EST,2007,20.86,22.37,0
weo-2024-10,EST,2008,1.32,18.5,1
weo-2024-10,EST,2009,-14.96,-1.74,1
weo-2024-10,EST,2010,4.31,-8.49,1
weo-2024-10,EST,2011,13.57,5.14,0
weo-2024-10,EST,2012,8.03,12.44,1
weo-2024-10,EST,2013,5.95,3.3,1
weo-2024-10,EST,2014,6.27,4.15,1
weo-2024-10,EST,2015,3.17,7.74,1
weo-2024-10,EST,2016,5.61,5.11,1
weo-2024-10,EST,2017,9.59,9.04,0
weo-2024-10,EST,2018,8.73,8.89,0
weo-2024-10,EST,2019,7.69,7.39,0
weo-2024-10,EST,2020,-2.17,12.38,1
weo-2024-10,EST,2021,12.91,6.11,0
weo-2024-10,EST,2022,15.86,9.68,1
weo-2024-10,EST,2023,4.79,14.57,1
weo-2024-10,ETH,2002,-2.17,9.59,1
weo-2024-10,ETH,2003,10.33,19.88,1
weo-2024-10,ETH,2004,18.14,1.95,0
weo-2024-10,ETH,2005,22.8,22.99,0
weo-2024-10,ETH,2006,23.59,19.78,0
weo-2024-10,ETH,2007,30.62,21.74,0
weo-2024-10,ETH,2008,44.34,33.26,0
weo-2024-10,ETH,2009,34.97,23.39,0
weo-2024-10,ETH,2010,14.32,23.47,0
weo-2024-10,ETH,2011,33.46,31.87,0
weo-2024-10,ETH,2012,45.09,32.85,1
weo-2024-10,ETH,2013,16.0,23.58,1
weo-2024-10,ETH,2014,22.37,20.32,0
weo-2024-10,ETH,2015,22.35,20.84,0
weo-2024-10,ETH,2016,20.81,24.65,1
weo-2024-10,ETH,2017,16.88,17.45,0
weo-2024-10,ETH,2018,20.04,6.6,1
weo-2024-10,ETH,2019,22.3,16.62,1
weo-2024-10,ETH,2020,25.41,18.82,1
weo-2024-10,ETH,2021,28.66,21.11,1
weo-2024-10,ETH,2022,41.83,29.26,1
weo-2024-10,ETH,2023,41.65,19.65,1
weo-2024-10,FIN,2002,2.65,6.46,0
weo-2024-10,FIN,2003,2.21,4.13,0
weo-2024-10,FIN,2004,4.63,4.42,0
weo-2024-10,FIN,2005,3.73,5.82,0
weo-2024-10,FIN,2006,4.98,3.34,0
weo-2024-10,FIN,2007,8.21,4.98,0
weo-2024-10,FIN,2008,3.85,6.91,1
weo-2024-10,FIN,2009,-6.44,5.26,1
weo-2024-10,FIN,2010,3.53,2.35,0
weo-2024-10,FIN,2011,5.05,4.83,0
weo-2024-10,FIN,2012,1.38,4.55,1
weo-2024-10,FIN,2013,1.56,4.38,1
weo-2024-10,FIN,2014,1.16,1.99,1
weo-2024-10,FIN,2015,2.11,0.79,1
weo-2024-10,FIN,2016,2.63,1.1,0
weo-2024-10,FIN,2017,4.17,0.3,0
weo-2024-10,FIN,2018,3.2,2.86,1
weo-2024-10,FIN,2019,2.85,2.68,1
weo-2024-10,FIN,2020,-0.89,6.49,1
weo-2024-10,FIN,2021,5.24,3.11,0
weo-2024-10,FIN,2022,6.98,2.45,1
weo-2024-10,FIN,2023,2.7,8.15,1
weo-2024-10,FJI,2002,6.63,11.01,0
weo-2024-10,FJI,2003,8.95,2.55,1
weo-2024-10,FJI,2004,7.66,-0.78,0
weo-2024-10,FJI,2005,7.57,4.64,1
weo-2024-10,FJI,2006,5.65,12.47,1
weo-2024-10,FJI,2007,2.08,-7.71,1
weo-2024-10,FJI,2008,2.4,0.27,1
weo-2024-10,FJI,2009,-0.01,16.15,1
weo-2024-10,FJI,2010,7.31,0.35,0
weo-2024-10,FJI,2011,12.35,13.48,0
weo-2024-10,FJI,2012,5.04,6.9,1
weo-2024-10,FJI,2013,8.53,7.53,0
weo-2024-10,FJI,2014,9.68,30.91,0
weo-2024-10,FJI,2015,7.15,9.75,0
weo-2024-10,FJI,2016,5.14,12.22,1
weo-2024-10,FJI,2017,7.14,-7.04,0
weo-2024-10,FJI,2018,5.29,24.21,0
weo-2024-10,FJI,2019,0.96,-5.19,1
weo-2024-10,FJI,2020,-18.27,-8.06,1
weo-2024-10,FJI,2021,-7.27,-5.97,1
weo-2024-10,FJI,2022,22.73,7.69,0
weo-2024-10,FJI,2023,11.93,2.63,0
weo-2024-10,FRA,2002,3.15,5.36,1
weo-2024-10,FRA,2003,2.79,3.88,1
weo-2024-10,FRA,2004,4.55,3.87,0
weo-2024-10,FRA,2005,3.89,4.57,0
weo-2024-10,FRA,2006,4.77,3.84,0
weo-2024-10,FRA,2007,4.98,4.56,0
weo-2024-10,FRA,2008,2.69,3.65,1
weo-2024-10,FRA,2009,-2.72,5.02,1
weo-2024-10,FRA,2010,3.11,2.5,0
weo-2024-10,FRA,2011,3.31,1.64,0
weo-2024-10,FRA,2012,1.27,2.94,1
weo-2024-10,FRA,2013,1.54,3.29,1
weo-2024-10,FRA,2014,1.57,1.4,1
weo-2024-10,FRA,2015,2.21,1.08,1
weo-2024-10,FRA,2016,1.38,1.17,1
weo-2024-10,FRA,2017,2.68,3.4,0
weo-2024-10,FRA,2018,2.78,0.42,0
weo-2024-10,FRA,2019,3.26,1.78,0
weo-2024-10,FRA,2020,-4.68,6.93,1
weo-2024-10,FRA,2021,8.19,4.0,0
weo-2024-10,FRA,2022,5.87,3.01,0
weo-2024-10,FRA,2023,6.29,3.92,1
weo-2024-10,GAB,2002,0.6,11.18,1
weo-2024-10,GAB,2003,2.03,-17.46,1
weo-2024-10,GAB,2004,8.51,6.59,1
weo-2024-10,GAB,2005,21.76,28.74,1
weo-2024-10,GAB,2006,6.42,10.86,1
weo-2024-10,GAB,2007,12.28,3.14,0
weo-2024-10,GAB,2008,16.49,15.73,1
weo-2024-10,GAB,2009,-17.38,1.19,1
weo-2024-10,GAB,2010,23.93,27.23,0
weo-2024-10,GAB,2011,20.67,16.46,0
weo-2024-10,GAB,2012,2.15,11.45,0
weo-2024-10,GAB,2013,-0.87,43.49,0
weo-2024-10,GAB,2014,3.43,-30.86,0
weo-2024-10,GAB,2015,-5.39,-13.57,0
weo-2024-10,GAB,2016,-2.27,-5.67,0
weo-2024-10,GAB,2017,4.31,-16.72,1
weo-2024-10,GAB,2018,7.78,1.8,1
weo-2024-10,GAB,2019,5.81,8.76,0
weo-2024-10,GAB,2020,-10.68,-3.12,1
weo-2024-10,GAB,2021,22.1,7.07,1
weo-2024-10,GAB,2022,18.24,40.35,0
weo-2024-10,GAB,2023,-4.59,7.71,0
weo-2024-10,GBR,2002,3.95,8.31,1
weo-2024-10,GBR,2003,5.61,9.38,0
weo-2024-10,GBR,2004,5.11,7.36,0
weo-2024-10,GBR,2005,5.75,6.53,0
weo-2024-10,GBR,2006,5.24,5.01,0
weo-2024-10,GBR,2007,4.93,5.35,0
weo-2024-10,GBR,2008,3.17,9.93,1
weo-2024-10,GBR,2009,-2.81,6.62,1
weo-2024-10,GBR,2010,3.86,1.5,0
weo-2024-10,GBR,2011,3.36,-0.3,1
weo-2024-10,GBR,2012,3.08,4.3,1
weo-2024-10,GBR,2013,3.95,2.07,1
weo-2024-10,GBR,2014,4.56,1.71,0
weo-2024-10,GBR,2015,2.9,1.8,0
weo-2024-10,GBR,2016,3.92,1.51,1
weo-2024-10,GBR,2017,4.56,2.73,0
weo-2024-10,GBR,2018,3.35,2.91,1
weo-2024-10,GBR,2019,3.79,4.15,1
weo-2024-10,GBR,2020,-5.84,23.3,1
weo-2024-10,GBR,2021,8.65,-2.88,0
weo-2024-10,GBR,2022,10.55,2.24,0
weo-2024-10,GBR,2023,7.66,11.32,1
weo-2024-10,GEO,2002,11.72,4.04,1
weo-2024-10,GEO,2003,14.86,15.65,0
weo-2024-10,GEO,2004,14.72,41.35,1
weo-2024-10,GEO,2005,18.29,39.6,0
weo-2024-10,GEO,2006,18.66,26.28,0
weo-2024-10,GEO,2007,23.23,52.27,0
weo-2024-10,GEO,2008,12.25,29.1,1
weo-2024-10,GEO,2009,-5.71,2.61,1
weo-2024-10,GEO,2010,19.78,6.09,0
weo-2024-10,GEO,2011,17.84,2.13,0
weo-2024-10,GEO,2012,6.89,10.16,0
weo-2024-10,GEO,2013,4.45,0.39,1
weo-2024-10,GEO,2014,8.87,12.88,1
weo-2024-10,GEO,2015,8.91,6.08,1
weo-2024-10,GEO,2016,5.8,8.55,1
weo-2024-10,GEO,2017,13.09,10.26,1
weo-2024-10,GEO,2018,9.76,7.78,0
weo-2024-10,GEO,2019,9.59,17.59,1
weo-2024-10,GEO,2020,0.13,18.8,1
weo-2024-10,GEO,2021,21.96,11.89,0
weo-2024-10,GEO,2022,19.99,12.38,0
weo-2024-10,GEO,2023,10.14,11.92,0
weo-2024-10,GHA,2002,28.45,0.07,1
weo-2024-10,GHA,2003,34.97,47.06,1
weo-2024-10,GHA,2004,20.2,49.64,1
weo-2024-10,GHA,2005,22.08,16.4,0
weo-2024-10,GHA,2006,18.73,34.92,0
weo-2024-10,GHA,2007,20.29,43.72,1
weo-2024-10,GHA,2008,28.44,23.87,0
weo-2024-10,GHA,2009,21.01,16.33,0
weo-2024-10,GHA,2010,25.29,42.89,0
weo-2024-10,GHA,2011,31.31,31.22,0
weo-2024-10,GHA,2012,25.41,38.46,0
weo-2024-10,GHA,2013,21.92,13.49,0
weo-2024-10,GHA,2014,27.48,16.68,1
weo-2024-10,GHA,2015,15.65,-4.15,1
weo-2024-10,GHA,2016,19.65,28.07,1
weo-2024-10,GHA,2017,19.67,1.51,0
weo-2024-10,GHA,2018,17.42,46.14,0
weo-2024-10,GHA,2019,15.54,26.69,0
weo-2024-10,GHA,2020,9.93,63.7,1
weo-2024-10,GHA,2021,17.8,-6.87,1
weo-2024-10,GHA,2022,33.06,33.76,1
weo-2024-10,GHA,2023,37.0,11.6,1
weo-2024-10,GIN,2002,7.05,2.72,0
weo-2024-10,GIN,2003,18.86,18.11,1
weo-2024-10,GIN,2004,19.05,-0.28,1
weo-2024-10,GIN,2005,46.03,19.33,1
weo-2024-10,GIN,2006,32.31,57.9,1
weo-2024-10,GIN,2007,21.36,-19.74,0
weo-2024-10,GIN,2008,21.53,43.09,1
weo-2024-10,GIN,2009,0.63,78.24,1
weo-2024-10,GIN,2010,21.69,56.96,1
weo-2024-10,GIN,2011,15.12,-12.25,0
weo-2024-10,GIN,2012,14.23,46.87,0
weo-2024-10,GIN,2013,12.13,6.45,1
weo-2024-10,GIN,2014,6.41,15.1,1
weo-2024-10,GIN,2015,6.91,16.02,1
weo-2024-10,GIN,2016,17.1,-15.64,0
weo-2024-10,GIN,2017,21.72,33.01,0
weo-2024-10,GIN,2018,13.87,5.39,0
weo-2024-10,GIN,2019,15.55,10.23,0
weo-2024-10,GIN,2020,9.15,23.21,0
weo-2024-10,GIN,2021,18.24,5.46,0
weo-2024-10,GIN,2022,6.89,-0.47,1
weo-2024-10,GIN,2023,14.96,30.01,0
weo-2024-10,GMB,2002,12.33,-6.6,1
weo-2024-10,GMB,2003,36.13,41.97,0
weo-2024-10,GMB,2004,20.12,66.15,0
weo-2024-10,GMB,2005,1.67,-1.33,1
weo-2024-10,GMB,2006,0.74,20.79,1
weo-2024-10,GMB,2007,7.59,-14.83,1
weo-2024-10,GMB,2008,8.89,27.88,0
weo-2024-10,GMB,2009,11.48,36.7,0
weo-2024-10,GMB,2010,11.89,15.02,0
weo-2024-10,GMB,2011,-3.93,6.83,1
weo-2024-10,GMB,2012,9.29,26.46,0
weo-2024-10,GMB,2013,8.98,-3.68,1
weo-2024-10,GMB,2014,3.73,9.1,1
weo-2024-10,GMB,2015,14.17,10.53,1
weo-2024-10,GMB,2016,9.92,6.24,1
weo-2024-10,GMB,2017,8.93,46.97,1
weo-2024-10,GMB,2018,14.69,-5.36,0
weo-2024-10,GMB,2019,12.86,47.4,0
weo-2024-10,GMB,2020,2.79,9.54,1
weo-2024-10,GMB,2021,13.03,-5.77,0
weo-2024-10,GMB,2022,16.19,26.88,0
weo-2024-10,GMB,2023,20.52,28.96,0
weo-2024-10,GNB,2002,7.15,-14.88,1
weo-2024-10,GNB,2003,-0.85,23.73,1
weo-2024-10,GNB,2004,-4.37,30.46,1
weo-2024-10,GNB,2005,9.88,-1.29,0
weo-2024-10,GNB,2006,-1.69,1.68,1
weo-2024-10,GNB,2007,8.7,26.54,1
weo-2024-10,GNB,2008,17.86,7.39,0
weo-2024-10,GNB,2009,-1.47,-4.35,1
weo-2024-10,GNB,2010,11.11,5.14,0
weo-2024-10,GNB,2011,17.22,9.54,0
weo-2024-10,GNB,2012,-1.74,-26.01,1
weo-2024-10,GNB,2013,2.29,-2.46,1
weo-2024-10,GNB,2014,2.27,86.21,1
weo-2024-10,GNB,2015,21.54,12.62,0
weo-2024-10,GNB,2016,8.3,3.1,0
weo-2024-10,GNB,2017,15.68,2.87,0
weo-2024-10,GNB,2018,1.13,8.12,1
weo-2024-10,GNB,2019,0.89,-5.07,0
weo-2024-10,GNB,2020,0.48,33.26,1
weo-2024-10,GNB,2021,9.07,8.49,0
weo-2024-10,GNB,2022,12.24,-4.46,0
weo-2024-10,GNB,2023,13.51,9.79,0
weo-2024-10,GNQ,2002,17.19,-0.23,0
weo-2024-10,GNQ,2003,50.69,90.52,0
weo-2024-10,GNQ,2004,44.62,11.57,0
weo-2024-10,GNQ,2005,37.87,81.11,0
weo-2024-10,GNQ,2006,22.18,56.91,0
weo-2024-10,GNQ,2007,18.78,29.32,0
weo-2024-10,GNQ,2008,41.17,42.53,0
weo-2024-10,GNQ,2009,-19.77,60.75,0
weo-2024-10,GNQ,2010,13.76,-11.57,1
weo-2024-10,GNQ,2011,24.68,9.69,0
weo-2024-10,GNQ,2012,13.57,45.72,0
weo-2024-10,GNQ,2013,-5.16,-21.44,1
weo-2024-10,GNQ,2014,-0.86,6.7,1
weo-2024-10,GNQ,2015,-27.46,-4.05,1
weo-2024-10,GNQ,2016,-14.55,-43.13,1
weo-2024-10,GNQ,2017,6.35,-23.77,1
weo-2024-10,GNQ,2018,4.3,-2.27,1
weo-2024-10,GNQ,2019,-9.89,-21.99,1
weo-2024-10,GNQ,2020,-14.47,-20.43,1
weo-2024-10,GNQ,2021,18.95,-6.3,1
weo-2024-10,GNQ,2022,24.19,48.73,0
weo-2024-10,GNQ,2023,-13.67,15.46,1
weo-2024-10,GRC,2002,7.4,8.83,0
weo-2024-10,GRC,2003,9.45,13.44,0
weo-2024-10,GRC,2004,8.28,11.23,0
weo-2024-10,GRC,2005,2.85,-1.86,1
weo-2024-10,GRC,2006,9.35,8.9,0
weo-2024-10,GRC,2007,6.81,11.72,0
weo-2024-10,GRC,2008,3.99,12.45,1
weo-2024-10,GRC,2009,-1.84,4.59,1
weo-2024-10,GRC,2010,-5.65,-9.84,1
weo-2024-10,GRC,2011,-9.29,-8.16,1
weo-2024-10,GRC,2012,-7.34,-4.7,1
weo-2024-10,GRC,2013,-4.51,-5.42,1
weo-2024-10,GRC,2014,-1.47,-3.84,1
weo-2024-10,GRC,2015,-0.49,1.25,1
weo-2024-10,GRC,2016,-1.06,-2.99,1
weo-2024-10,GRC,2017,1.38,-1.94,0
weo-2024-10,GRC,2018,1.5,1.39,0
weo-2024-10,GRC,2019,2.11,1.22,0
weo-2024-10,GRC,2020,-10.0,14.21,1
weo-2024-10,GRC,2021,9.99,6.12,0
weo-2024-10,GRC,2022,13.84,4.41,0
weo-2024-10,GRC,2023,6.62,-0.81,0
weo-2024-10,GTM,2002,10.62,6.48,0
weo-2024-10,GTM,2003,6.91,18.72,1
weo-2024-10,GTM,2004,8.33,-4.68,1
weo-2024-10,GTM,2005,8.38,11.49,1
weo-2024-10,GTM,2006,10.61,19.4,0
weo-2024-10,GTM,2007,12.94,9.67,0
weo-2024-10,GTM,2008,13.21,8.48,1
weo-2024-10,GTM,2009,1.86,8.27,1
weo-2024-10,GTM,2010,7.89,10.45,1
weo-2024-10,GTM,2011,10.44,10.56,0
weo-2024-10,GTM,2012,5.84,2.63,1
weo-2024-10,GTM,2013,6.51,4.87,0
weo-2024-10,GTM,2014,7.43,4.9,0
weo-2024-10,GTM,2015,6.42,-3.62,0
weo-2024-10,GTM,2016,5.46,5.9,1
weo-2024-10,GTM,2017,4.88,7.07,1
weo-2024-10,GTM,2018,4.72,8.36,1
weo-2024-10,GTM,2019,7.73,9.22,0
weo-2024-10,GTM,2020,1.04,18.61,1
weo-2024-10,GTM,2021,11.45,-5.62,0
weo-2024-10,GTM,2022,10.78,19.02,0
weo-2024-10,GTM,2023,10.4,5.83,0
weo-2024-10,GUY,2002,5.27,3.01,1
weo-2024-10,GUY,2003,4.09,11.37,1
weo-2024-10,GUY,2004,6.43,8.97,1
weo-2024-10,GUY,2005,4.16,28.3,1
weo-2024-10,GUY,2006,11.08,14.84,0
weo-2024-10,GUY,2007,18.4,5.15,0
weo-2024-10,GUY,2008,12.71,6.85,1
weo-2024-10,GUY,2009,4.41,11.34,1
weo-2024-10,GUY,2010,11.11,4.17,0
weo-2024-10,GUY,2011,15.41,13.84,0
weo-2024-10,GUY,2012,22.27,15.14,0
weo-2024-10,GUY,2013,3.1,1.39,1
weo-2024-10,GUY,2014,-0.45,7.49,1
weo-2024-10,GUY,2015,3.71,-2.64,1
weo-2024-10,GUY,2016,4.74,21.76,1
weo-2024-10,GUY,2017,5.92,10.43,1
weo-2024-10,GUY,2018,1.43,6.64,0
weo-2024-10,GUY,2019,8.47,11.0,0
weo-2024-10,GUY,2020,5.75,15.14,0
weo-2024-10,GUY,2021,40.03,18.99,0
weo-2024-10,GUY,2022,89.64,50.54,0
weo-2024-10,GUY,2023,17.35,34.04,0
weo-2024-10,HKG,2006,6.46,5.12,0
weo-2024-10,HKG,2007,9.81,2.54,0
weo-2024-10,HKG,2008,3.44,36.76,1
weo-2024-10,HKG,2009,-2.83,-10.11,1
weo-2024-10,HKG,2010,7.06,3.95,0
weo-2024-10,HKG,2011,8.9,19.71,0
weo-2024-10,HKG,2012,5.31,3.5,1
weo-2024-10,HKG,2013,4.97,13.31,0
weo-2024-10,HKG,2014,5.69,-15.72,1
weo-2024-10,HKG,2015,6.12,10.02,1
weo-2024-10,HKG,2016,3.85,10.78,1
weo-2024-10,HKG,2017,6.79,1.97,0
weo-2024-10,HKG,2018,6.61,16.22,0
weo-2024-10,HKG,2019,0.34,14.68,1
weo-2024-10,HKG,2020,-5.95,32.35,1
weo-2024-10,HKG,2021,7.18,-10.94,0
weo-2024-10,HKG,2022,-2.06,16.73,1
weo-2024-10,HKG,2023,6.15,-12.21,0
weo-2024-10,HND,2002,9.08,24.24,1
weo-2024-10,HND,2003,10.57,8.57,0
weo-2024-10,HND,2004,13.09,10.61,0
weo-2024-10,HND,2005,13.77,5.85,0
weo-2024-10,HND,2006,12.27,16.93,0
weo-2024-10,HND,2007,13.22,14.36,0
weo-2024-10,HND,2008,12.35,22.73,0
weo-2024-10,HND,2009,5.04,11.88,1
weo-2024-10,HND,2010,8.58,0.8,1
weo-2024-10,HND,2011,11.94,7.86,1
weo-2024-10,HND,2012,7.86,9.11,0
weo-2024-10,HND,2013,4.2,15.79,1
weo-2024-10,HND,2014,10.12,2.48,1
weo-2024-10,HND,2015,11.04,2.31,1
weo-2024-10,HND,2016,7.71,14.31,0
weo-2024-10,HND,2017,9.57,7.44,0
weo-2024-10,HND,2018,5.87,3.06,1
weo-2024-10,HND,2019,6.0,4.49,1
weo-2024-10,HND,2020,-5.87,2.78,1
weo-2024-10,HND,2021,17.75,18.78,0
weo-2024-10,HND,2022,13.84,-5.46,0
weo-2024-10,HND,2023,9.98,15.27,1
weo-2024-10,HRV,2002,9.9,7.04,0
weo-2024-10,HRV,2003,10.15,11.28,0
weo-2024-10,HRV,2004,7.95,6.26,0
weo-2024-10,HRV,2005,7.56,1.82,0
weo-2024-10,HRV,2006,9.15,5.08,0
weo-2024-10,HRV,2007,9.57,14.02,0
weo-2024-10,HRV,2008,7.64,7.04,1
weo-2024-10,HRV,2009,-4.44,1.48,1
weo-2024-10,HRV,2010,-0.31,-3.05,1
weo-2024-10,HRV,2011,1.6,1.89,1
weo-2024-10,HRV,2012,-0.9,-4.48,1
weo-2024-10,HRV,2013,0.41,2.04,1
weo-2024-10,HRV,2014,-0.2,1.02,1
weo-2024-10,HRV,2015,2.67,-0.49,1
weo-2024-10,HRV,2016,3.63,0.18,0
weo-2024-10,HRV,2017,4.64,1.06,0
weo-2024-10,HRV,2018,5.06,8.0,1
weo-2024-10,HRV,2019,5.5,3.35,0
weo-2024-10,HRV,2020,-7.75,14.22,1
weo-2024-10,HRV,2021,15.44,3.85,0
weo-2024-10,HRV,2022,16.19,8.29,0
weo-2024-10,HRV,2023,11.84,19.35,1
weo-2024-10,HTI,2002,8.73,20.25,1
weo-2024-10,HTI,2003,19.02,36.18,0
weo-2024-10,HTI,2004,22.69,17.12,1
weo-2024-10,HTI,2005,16.91,36.8,0
weo-2024-10,HTI,2006,11.27,25.53,0
weo-2024-10,HTI,2007,14.29,33.4,0
weo-2024-10,HTI,2008,12.66,13.7,0
weo-2024-10,HTI,2009,17.59,21.79,0
weo-2024-10,HTI,2010,1.32,11.59,1
weo-2024-10,HTI,2011,9.64,23.55,0
weo-2024-10,HTI,2012,8.75,26.89,1
weo-2024-10,HTI,2013,12.75,8.73,0
weo-2024-10,HTI,2014,5.12,-3.32,1
weo-2024-10,HTI,2015,6.61,-6.33,0
weo-2024-10,HTI,2016,17.25,-3.88,0
weo-2024-10,HTI,2017,16.87,13.78,0
weo-2024-10,HTI,2018,9.07,19.72,1
weo-2024-10,HTI,2019,15.57,-2.87,1
weo-2024-10,HTI,2020,16.55,22.26,1
weo-2024-10,HTI,2021,17.2,7.44,1
weo-2024-10,HTI,2022,27.6,14.27,1
weo-2024-10,HTI,2023,29.06,-1.65,1
weo-2024-10,HUN,2002,13.22,24.08,0
weo-2024-10,HUN,2003,9.73,5.14,0
weo-2024-10,HUN,2004,10.35,8.76,0
weo-2024-10,HUN,2005,7.03,8.91,0
weo-2024-10,HUN,2006,7.75,12.91,0
weo-2024-10,HUN,2007,5.74,2.13,1
weo-2024-10,HUN,2008,5.86,3.6,1
weo-2024-10,HUN,2009,-2.68,0.46,1
weo-2024-10,HUN,2010,3.64,0.23,1
weo-2024-10,HUN,2011,3.83,4.45,1
weo-2024-10,HUN,2012,1.61,0.69,1
weo-2024-10,HUN,2013,4.67,6.72,1
weo-2024-10,HUN,2014,8.08,9.25,0
weo-2024-10,HUN,2015,6.59,8.33,1
weo-2024-10,HUN,2016,3.55,-3.62,1
weo-2024-10,HUN,2017,8.47,9.31,0
weo-2024-10,HUN,2018,10.47,9.69,0
weo-2024-10,HUN,2019,9.88,10.11,0
weo-2024-10,HUN,2020,1.62,13.89,1
weo-2024-10,HUN,2021,13.96,7.22,0
weo-2024-10,HUN,2022,19.47,20.37,0
weo-2024-10,HUN,2023,13.71,10.71,1
weo-2024-10,IDN,2002,10.66,-5.49,1
weo-2024-10,IDN,2003,10.53,34.29,1
weo-2024-10,IDN,2004,14.01,15.05,1
weo-2024-10,IDN,2005,20.84,20.1,0
weo-2024-10,IDN,2006,20.36,28.28,0
weo-2024-10,IDN,2007,18.32,22.97,0
weo-2024-10,IDN,2008,26.01,32.61,0
weo-2024-10,IDN,2009,11.02,-3.32,1
weo-2024-10,IDN,2010,14.19,15.16,0
weo-2024-10,IDN,2011,14.1,20.85,0
weo-2024-10,IDN,2012,10.01,17.64,0
weo-2024-10,IDN,2013,10.8,12.23,0
weo-2024-10,IDN,2014,10.72,5.81,1
weo-2024-10,IDN,2015,9.05,3.61,1
weo-2024-10,IDN,2016,7.59,2.29,1
weo-2024-10,IDN,2017,9.58,5.35,0
weo-2024-10,IDN,2018,9.19,9.36,0
weo-2024-10,IDN,2019,6.7,4.87,1
weo-2024-10,IDN,2020,-2.46,9.38,1
weo-2024-10,IDN,2021,9.93,7.97,1
weo-2024-10,IDN,2022,15.38,10.28,0
weo-2024-10,IDN,2023,6.66,0.82,1
weo-2024-10,IND,2002,7.66,10.31,1
weo-2024-10,IND,2003,12.03,15.45,0
weo-2024-10,IND,2004,14.1,6.94,0
weo-2024-10,IND,2005,13.99,6.34,0
weo-2024-10,IND,2006,17.14,17.92,0
weo-2024-10,IND,2007,15.14,15.55,0
weo-2024-10,IND,2008,12.56,24.99,1
weo-2024-10,IND,2009,15.46,12.45,0
weo-2024-10,IND,2010,19.92,18.88,0
weo-2024-10,IND,2011,14.43,12.54,1
weo-2024-10,IND,2012,13.82,12.41,1
weo-2024-10,IND,2013,12.97,8.23,1
weo-2024-10,IND,2014,10.99,9.4,1
weo-2024-10,IND,2015,10.46,14.6,0
weo-2024-10,IND,2016,11.76,12.23,0
weo-2024-10,IND,2017,11.03,5.49,1
weo-2024-10,IND,2018,10.59,11.21,1
weo-2024-10,IND,2019,6.37,8.98,1
weo-2024-10,IND,2020,-1.24,13.28,1
weo-2024-10,IND,2021,18.85,14.69,0
weo-2024-10,IND,2022,14.21,12.81,1
weo-2024-10,IND,2023,9.6,7.84,0
weo-2024-10,IRL,2002,11.39,13.73,0
weo-2024-10,IRL,2003,7.04,6.43,1
weo-2024-10,IRL,2004,7.34,8.31,0
weo-2024-10,IRL,2005,8.99,10.03,0
weo-2024-10,IRL,2006,8.58,10.81,1
weo-2024-10,IRL,2007,6.57,13.7,0
weo-2024-10,IRL,2008,-4.97,10.89,1
weo-2024-10,IRL,2009,-9.48,0.64,1
weo-2024-10,IRL,2010,-1.22,36.28,1
weo-2024-10,IRL,2011,3.54,-26.72,1
weo-2024-10,IRL,2012,2.03,-10.32,1
weo-2024-10,IRL,2013,3.56,-3.57,1
weo-2024-10,IRL,2014,9.62,0.39,0
weo-2024-10,IRL,2015,35.72,5.08,0
weo-2024-10,IRL,2016,1.34,-0.39,1
weo-2024-10,IRL,2017,11.7,3.27,0
weo-2024-10,IRL,2018,8.54,7.76,0
weo-2024-10,IRL,2019,8.6,6.04,1
weo-2024-10,IRL,2020,5.1,19.28,0
weo-2024-10,IRL,2021,17.53,4.36,0
weo-2024-10,IRL,2022,15.97,1.8,0
weo-2024-10,IRL,2023,-2.11,8.38,1
weo-2024-10,IRN,2002,40.7,61.78,0
weo-2024-10,IRN,2003,24.3,24.73,0
weo-2024-10,IRN,2004,25.58,21.24,0
weo-2024-10,IRN,2005,25.08,47.53,1
weo-2024-10,IRN,2006,21.45,25.35,0
weo-2024-10,IRN,2007,33.63,0.78,0
weo-2024-10,IRN,2008,21.88,42.28,1
weo-2024-10,IRN,2009,7.07,-1.45,1
weo-2024-10,IRN,2010,22.62,10.32,0
weo-2024-10,IRN,2011,28.71,33.78,1
weo-2024-10,IRN,2012,14.5,-10.86,1
weo-2024-10,IRN,2013,34.69,36.18,1
weo-2024-10,IRN,2014,15.23,22.63,0
weo-2024-10,IRN,2015,-1.23,13.84,1
weo-2024-10,IRN,2016,19.04,21.9,0
weo-2024-10,IRN,2017,16.15,15.06,1
weo-2024-10,IRN,2018,29.22,12.63,1
weo-2024-10,IRN,2019,26.53,15.61,1
weo-2024-10,IRN,2020,49.07,36.61,1
weo-2024-10,IRN,2021,63.7,79.23,0
weo-2024-10,IRN,2022,56.27,54.5,0
weo-2024-10,IRN,2023,37.08,40.21,0
weo-2024-10,IRQ,2005,38.13,-3.79,1
weo-2024-10,IRQ,2006,29.99,3.23,0
weo-2024-10,IRQ,2007,16.6,3.07,1
weo-2024-10,IRQ,2008,40.89,81.78,0
weo-2024-10,IRQ,2009,-16.8,-11.64,0
weo-2024-10,IRQ,2010,24.05,-0.07,0
weo-2024-10,IRQ,2011,34.1,16.52,0
weo-2024-10,IRQ,2012,16.98,16.64,0
weo-2024-10,IRQ,2013,7.62,21.18,0
weo-2024-10,IRQ,2014,0.01,-9.1,1
weo-2024-10,IRQ,2015,-24.3,-25.51,1
weo-2024-10,IRQ,2016,-4.03,-6.64,0
weo-2024-10,IRQ,2017,13.01,-6.44,1
weo-2024-10,IRQ,2018,21.12,4.71,1
weo-2024-10,IRQ,2019,2.82,16.1,0
weo-2024-10,IRQ,2020,-22.29,-6.07,1
weo-2024-10,IRQ,2021,40.56,23.77,1
weo-2024-10,IRQ,2022,36.68,27.68,0
weo-2024-10,IRQ,2023,-20.47,3.26,1
weo-2024-10,ISL,2002,6.46,2.17,1
weo-2024-10,ISL,2003,2.65,7.61,1
weo-2024-10,ISL,2004,10.69,8.26,0
weo-2024-10,ISL,2005,9.38,6.75,0
weo-2024-10,ISL,2006,15.48,18.05,0
weo-2024-10,ISL,2007,13.15,13.04,0
weo-2024-10,ISL,2008,14.61,62.98,1
weo-2024-10,ISL,2009,2.31,-19.18,1
weo-2024-10,ISL,2010,3.36,-6.34,1
weo-2024-10,ISL,2011,5.0,9.32,1
weo-2024-10,ISL,2012,4.54,-2.91,1
weo-2024-10,ISL,2013,6.77,2.14,0
weo-2024-10,ISL,2014,5.9,4.68,1
weo-2024-10,ISL,2015,10.76,4.28,0
weo-2024-10,ISL,2016,8.71,18.68,0
weo-2024-10,ISL,2017,5.17,0.13,1
weo-2024-10,ISL,2018,7.65,8.4,0
weo-2024-10,ISL,2019,6.4,5.86,1
weo-2024-10,ISL,2020,-3.2,14.21,1
weo-2024-10,ISL,2021,11.96,7.99,0
weo-2024-10,ISL,2022,18.68,9.12,0
weo-2024-10,ISL,2023,11.02,8.92,0
weo-2024-10,ISR,2002,4.6,7.12,1
weo-2024-10,ISR,2003,0.88,-1.83,1
weo-2024-10,ISR,2004,4.86,-2.71,0
weo-2024-10,ISR,2005,5.33,3.22,0
weo-2024-10,ISR,2006,7.12,6.77,0
weo-2024-10,ISR,2007,7.05,3.2,0
weo-2024-10,ISR,2008,4.61,5.81,1
weo-2024-10,ISR,2009,5.72,7.0,1
weo-2024-10,ISR,2010,6.79,4.54,0
weo-2024-10,ISR,2011,7.04,5.98,0
weo-2024-10,ISR,2012,5.95,7.89,1
weo-2024-10,ISR,2013,6.03,6.54,0
weo-2024-10,ISR,2014,4.59,3.15,1
weo-2024-10,ISR,2015,4.65,3.5,1
weo-2024-10,ISR,2016,4.82,5.41,0
weo-2024-10,ISR,2017,4.36,5.38,0
weo-2024-10,ISR,2018,4.72,6.43,1
weo-2024-10,ISR,2019,5.77,5.09,1
weo-2024-10,ISR,2020,-0.47,16.18,1
weo-2024-10,ISR,2021,11.87,-2.79,0
weo-2024-10,ISR,2022,11.42,0.23,0
weo-2024-10,ISR,2023,6.25,15.29,1
weo-2024-10,ITA,2002,3.58,3.4,1
weo-2024-10,ITA,2003,3.24,5.56,1
weo-2024-10,ITA,2004,4.14,4.13,0
weo-2024-10,ITA,2005,2.86,4.11,0
weo-2024-10,ITA,2006,4.06,5.52,0
weo-2024-10,ITA,2007,3.97,0.96,0
weo-2024-10,ITA,2008,1.36,3.73,1
weo-2024-10,ITA,2009,-3.63,4.83,1
weo-2024-10,ITA,2010,2.14,-0.38,0
weo-2024-10,ITA,2011,2.44,-0.02,1
weo-2024-10,ITA,2012,-1.48,0.55,1
weo-2024-10,ITA,2013,-0.71,0.94,1
weo-2024-10,ITA,2014,0.9,1.04,1
weo-2024-10,ITA,2015,1.68,1.61,0
weo-2024-10,ITA,2016,2.5,0.14,0
weo-2024-10,ITA,2017,2.33,2.2,0
weo-2024-10,ITA,2018,1.91,1.17,0
weo-2024-10,ITA,2019,1.48,2.34,1
weo-2024-10,ITA,2020,-7.43,9.42,1
weo-2024-10,ITA,2021,10.33,8.76,0
weo-2024-10,ITA,2022,8.39,4.73,0
weo-2024-10,ITA,2023,6.56,5.07,1
weo-2024-10,JAM,2002,11.26,20.61,1
weo-2024-10,JAM,2003,15.72,2.64,0
weo-2024-10,JAM,2004,14.35,17.68,0
weo-2024-10,JAM,2005,12.47,9.4,1
weo-2024-10,JAM,2006,12.0,32.65,0
weo-2024-10,JAM,2007,12.91,16.99,0
weo-2024-10,JAM,2008,12.63,25.66,1
weo-2024-10,JAM,2009,6.8,2.89,1
weo-2024-10,JAM,2010,8.21,11.89,1
weo-2024-10,JAM,2011,7.63,8.48,0
weo-2024-10,JAM,2012,5.92,-3.59,1
weo-2024-10,JAM,2013,8.98,4.77,1
weo-2024-10,JAM,2014,7.67,3.21,1
weo-2024-10,JAM,2015,7.64,13.78,1
weo-2024-10,JAM,2016,6.1,8.64,0
weo-2024-10,JAM,2017,7.61,14.52,1
weo-2024-10,JAM,2018,6.98,14.04,0
weo-2024-10,JAM,2019,4.1,4.93,0
weo-2024-10,JAM,2020,-6.8,1.6,1
weo-2024-10,JAM,2021,12.37,10.85,0
weo-2024-10,JAM,2022,18.69,19.0,0
weo-2024-10,JAM,2023,14.14,12.46,0
weo-2024-10,JOR,2002,7.59,13.12,0
weo-2024-10,JOR,2003,6.05,17.07,0
weo-2024-10,JOR,2004,11.31,15.99,0
weo-2024-10,JOR,2005,11.58,13.39,0
weo-2024-10,JOR,2006,20.26,11.15,0
weo-2024-10,JOR,2007,13.68,17.67,0
weo-2024-10,JOR,2008,26.3,21.02,0
weo-2024-10,JOR,2009,8.34,10.55,0
weo-2024-10,JOR,2010,10.58,2.54,1
weo-2024-10,JOR,2011,8.81,22.0,0
weo-2024-10,JOR,2012,7.15,9.17,1
weo-2024-10,JOR,2013,8.91,-2.67,1
weo-2024-10,JOR,2014,6.95,12.08,0
weo-2024-10,JOR,2015,4.72,-3.99,1
weo-2024-10,JOR,2016,3.38,-10.38,1
weo-2024-10,JOR,2017,4.3,5.66,1
weo-2024-10,JOR,2018,4.24,8.26,1
weo-2024-10,JOR,2019,2.61,1.49,1
weo-2024-10,JOR,2020,-1.8,2.03,1
weo-2024-10,JOR,2021,5.94,7.26,0
weo-2024-10,JOR,2022,5.09,6.67,1
weo-2024-10,JOR,2023,4.44,2.13,1
weo-2024-10,JPN,2002,-1.35,-0.77,1
weo-2024-10,JPN,2003,-0.1,-0.99,0
weo-2024-10,JPN,2004,1.04,-2.58,0
weo-2024-10,JPN,2005,0.59,0.94,0
weo-2024-10,JPN,2006,0.5,-0.34,1
weo-2024-10,JPN,2007,0.77,0.76,0
weo-2024-10,JPN,2008,-2.12,0.43,1
weo-2024-10,JPN,2009,-6.23,6.2,1
weo-2024-10,JPN,2010,2.14,-0.58,0
weo-2024-10,JPN,2011,-1.6,0.43,1
weo-2024-10,JPN,2012,0.61,0.58,0
weo-2024-10,JPN,2013,1.64,2.27,0
weo-2024-10,JPN,2014,1.99,0.99,1
weo-2024-10,JPN,2015,3.7,0.84,0
weo-2024-10,JPN,2016,1.18,0.93,1
weo-2024-10,JPN,2017,1.6,0.45,0
weo-2024-10,JPN,2018,0.64,1.19,1
weo-2024-10,JPN,2019,0.23,2.09,1
weo-2024-10,JPN,2020,-3.27,15.92,1
weo-2024-10,JPN,2021,2.5,-2.22,0
weo-2024-10,JPN,2022,1.55,0.52,1
weo-2024-10,JPN,2023,5.54,4.55,0
weo-2024-10,KAZ,2003,22.13,30.71,0
weo-2024-10,KAZ,2004,27.28,28.13,0
weo-2024-10,KAZ,2005,29.31,33.31,0
weo-2024-10,KAZ,2006,34.56,21.22,0
weo-2024-10,KAZ,2007,25.81,53.13,0
weo-2024-10,KAZ,2008,24.93,35.56,1
weo-2024-10,KAZ,2009,5.95,-6.71,1
weo-2024-10,KAZ,2010,28.27,20.48,0
weo-2024-10,KAZ,2011,29.46,24.84,0
weo-2024-10,KAZ,2012,9.82,16.11,0
weo-2024-10,KAZ,2013,16.07,4.63,0
weo-2024-10,KAZ,2014,10.21,17.76,1
weo-2024-10,KAZ,2015,3.05,6.7,1
weo-2024-10,KAZ,2016,14.89,8.7,1
weo-2024-10,KAZ,2017,15.77,36.24,1
weo-2024-10,KAZ,2018,13.68,-10.88,1
weo-2024-10,KAZ,2019,12.48,17.08,0
weo-2024-10,KAZ,2020,1.61,25.19,1
weo-2024-10,KAZ,2021,18.83,1.26,1
weo-2024-10,KAZ,2022,23.6,20.95,1
weo-2024-10,KAZ,2023,16.19,22.93,0
weo-2024-10,KEN,2002,2.02,6.3,1
weo-2024-10,KEN,2003,8.39,13.44,1
weo-2024-10,KEN,2004,11.08,9.78,1
weo-2024-10,KEN,2005,10.16,15.07,0
weo-2024-10,KEN,2006,7.62,14.79,0
weo-2024-10,KEN,2007,15.52,22.07,0
weo-2024-10,KEN,2008,14.94,21.16,1
weo-2024-10,KEN,2009,15.33,24.58,1
weo-2024-10,KEN,2010,9.83,16.46,0
weo-2024-10,KEN,2011,15.7,7.29,0
weo-2024-10,KEN,2012,14.53,26.53,1
weo-2024-10,KEN,2013,11.41,16.19,1
weo-2024-10,KEN,2014,13.04,12.43,0
weo-2024-10,KEN,2015,14.67,16.09,0
weo-2024-10,KEN,2016,10.31,16.47,1
weo-2024-10,KEN,2017,11.71,8.98,1
weo-2024-10,KEN,2018,10.1,5.11,0
weo-2024-10,KEN,2019,9.61,8.54,0
weo-2024-10,KEN,2020,4.65,5.04,1
weo-2024-10,KEN,2021,12.26,7.14,0
weo-2024-10,KEN,2022,12.16,5.75,1
weo-2024-10,KEN,2023,12.0,6.92,0
weo-2024-10,KGZ,2002,2.01,7.08,1
weo-2024-10,KGZ,2003,11.28,6.57,0
weo-2024-10,KGZ,2004,12.49,14.78,0
weo-2024-10,KGZ,2005,6.94,8.56,1
weo-2024-10,KGZ,2006,12.79,15.79,1
weo-2024-10,KGZ,2007,24.69,27.78,0
weo-2024-10,KGZ,2008,32.48,24.18,0
weo-2024-10,KGZ,2009,7.04,25.2,1
weo-2024-10,KGZ,2010,9.52,25.19,1
weo-2024-10,KGZ,2011,29.78,30.2,0
weo-2024-10,KGZ,2012,8.56,18.21,1
weo-2024-10,KGZ,2013,14.44,7.69,0
weo-2024-10,KGZ,2014,12.78,14.12,1
weo-2024-10,KGZ,2015,7.44,6.06,1
weo-2024-10,KGZ,2016,10.65,12.89,1
weo-2024-10,KGZ,2017,11.37,5.89,0
weo-2024-10,KGZ,2018,7.33,-4.88,1
weo-2024-10,KGZ,2019,14.86,7.58,0
weo-2024-10,KGZ,2020,-2.19,1.5,1
weo-2024-10,KGZ,2021,22.38,23.18,0
weo-2024-10,KGZ,2022,30.39,41.4,0
weo-2024-10,KGZ,2023,20.39,22.17,0
weo-2024-10,KHM,2002,8.38,19.64,1
weo-2024-10,KHM,2003,13.89,2.87,0
weo-2024-10,KHM,2004,17.67,1.34,0
weo-2024-10,KHM,2005,22.39,6.74,0
weo-2024-10,KHM,2006,18.48,22.29,0
weo-2024-10,KHM,2007,19.89,30.43,0
weo-2024-10,KHM,2008,20.15,28.1,1
weo-2024-10,KHM,2009,4.86,36.39,1
weo-2024-10,KHM,2010,11.66,11.82,1
weo-2024-10,KHM,2011,12.6,8.83,1
weo-2024-10,KHM,2012,10.49,14.51,1
weo-2024-10,KHM,2013,10.95,6.43,0
weo-2024-10,KHM,2014,11.56,11.78,0
weo-2024-10,KHM,2015,10.5,-2.88,1
weo-2024-10,KHM,2016,9.61,15.16,0
weo-2024-10,KHM,2017,10.32,17.53,0
weo-2024-10,KHM,2018,12.93,12.1,0
weo-2024-10,KHM,2019,10.95,21.6,0
weo-2024-10,KHM,2020,-4.35,10.53,1
weo-2024-10,KHM,2021,5.82,9.42,1
weo-2024-10,KHM,2022,8.8,-4.96,1
weo-2024-10,KHM,2023,8.33,10.16,1
weo-2024-10,KOR,2002,10.99,5.72,0
weo-2024-10,KOR,2003,6.75,18.07,1
weo-2024-10,KOR,2004,8.61,10.65,0
weo-2024-10,KOR,2005,5.55,2.34,0
weo-2024-10,KOR,2006,5.07,8.86,0
weo-2024-10,KOR,2007,8.5,9.7,0
weo-2024-10,KOR,2008,6.03,6.05,1
weo-2024-10,KOR,2009,4.35,7.86,1
weo-2024-10,KOR,2010,9.89,0.99,0
weo-2024-10,KOR,2011,5.01,7.34,0
weo-2024-10,KOR,2012,3.87,5.37,1
weo-2024-10,KOR,2013,4.4,5.4,0
weo-2024-10,KOR,2014,4.3,3.32,0
weo-2024-10,KOR,2015,6.24,5.47,1
weo-2024-10,KOR,2016,5.3,3.45,1
weo-2024-10,KOR,2017,5.52,6.56,0
weo-2024-10,KOR,2018,3.76,7.62,1
weo-2024-10,KOR,2019,1.68,12.45,1
weo-2024-10,KOR,2020,0.88,11.81,1
weo-2024-10,KOR,2021,7.94,9.57,0
weo-2024-10,KOR,2022,4.58,15.01,1
weo-2024-10,KOR,2023,3.33,-10.83,1
weo-2024-10,KWT,2002,8.32,12.27,0
weo-2024-10,KWT,2003,23.1,10.23,0
weo-2024-10,KWT,2004,22.78,18.77,0
weo-2024-10,KWT,2005,34.69,13.23,0
weo-2024-10,KWT,2006,24.91,43.18,0
weo-2024-10,KWT,2007,10.56,7.11,0
weo-2024-10,KWT,2008,21.61,61.65,1
weo-2024-10,KWT,2009,-23.03,-15.49,1
weo-2024-10,KWT,2010,8.47,15.96,1
weo-2024-10,KWT,2011,28.51,13.27,0
weo-2024-10,KWT,2012,14.61,12.33,0
weo-2024-10,KWT,2013,1.38,5.67,1
weo-2024-10,KWT,2014,-6.29,11.53,1
weo-2024-10,KWT,2015,-25.52,-4.58,1
weo-2024-10,KWT,2016,-4.11,-3.9,0
weo-2024-10,KWT,2017,10.75,5.09,1
weo-2024-10,KWT,2018,14.35,10.02,0
weo-2024-10,KWT,2019,2.15,1.51,1
weo-2024-10,KWT,2020,-20.48,0.38,1
weo-2024-10,KWT,2021,31.69,0.76,1
weo-2024-10,KWT,2022,25.79,7.69,0
weo-2024-10,KWT,2023,-10.73,11.24,1
weo-2024-10,LAO,2002,18.13,3.26,1
weo-2024-10,LAO,2003,20.09,15.25,1
weo-2024-10,LAO,2004,18.64,-2.1,0
weo-2024-10,LAO,2005,15.77,30.85,1
weo-2024-10,LAO,2006,22.23,19.22,0
weo-2024-10,LAO,2007,14.97,18.48,0
weo-2024-10,LAO,2008,13.81,21.66,0
weo-2024-10,LAO,2009,5.47,33.27,0
weo-2024-10,LAO,2010,13.15,25.95,0
weo-2024-10,LAO,2011,16.07,3.9,0
weo-2024-10,LAO,2012,13.41,38.72,0
weo-2024-10,LAO,2013,15.02,11.79,0
weo-2024-10,LAO,2014,13.77,18.18,0
weo-2024-10,LAO,2015,9.79,13.18,0
weo-2024-10,LAO,2016,10.26,-11.02,1
weo-2024-10,LAO,2017,8.83,13.42,1
weo-2024-10,LAO,2018,8.33,0.83,1
weo-2024-10,LAO,2019,7.0,-5.52,1
weo-2024-10,LAO,2020,2.81,1.32,1
weo-2024-10,LAO,2021,7.8,-6.62,1
weo-2024-10,LAO,2022,20.25,7.9,1
weo-2024-10,LAO,2023,28.63,34.28,1
weo-2024-10,LBN,2002,8.51,-2.44,0
weo-2024-10,LBN,2003,3.44,1.62,1
weo-2024-10,LBN,2004,8.59,15.0,0
weo-2024-10,LBN,2005,1.6,1.1,0
weo-2024-10,LBN,2006,2.44,12.43,1
weo-2024-10,LBN,2007,12.74,10.85,0
weo-2024-10,LBN,2008,17.29,19.52,0
weo-2024-10,LBN,2009,21.57,12.24,0
weo-2024-10,LBN,2010,8.6,-2.95,0
weo-2024-10,LBN,2011,3.86,6.3,1
weo-2024-10,LBN,2012,10.24,24.92,0
weo-2024-10,LBN,2013,6.51,0.83,0
weo-2024-10,LBN,2014,2.59,-0.84,0
weo-2024-10,LBN,2015,3.81,-8.55,1
weo-2024-10,LBN,2016,2.45,9.58,1
weo-2024-10,LBN,2017,3.68,15.68,1
weo-2024-10,LBN,2018,3.53,9.94,1
weo-2024-10,LBN,2019,-3.01,-8.34,1
weo-2024-10,LBN,2020,20.72,14.85,1
weo-2024-10,LBN,2021,153.41,23.64,1
weo-2024-10,LBR,2002,4.36,9.5,1
weo-2024-10,LBR,2003,-24.34,-44.17,1
weo-2024-10,LBR,2004,25.74,57.48,1
weo-2024-10,LBR,2005,5.26,11.4,0
weo-2024-10,LBR,2006,17.44,2.3,0
weo-2024-10,LBR,2007,21.16,87.11,0
weo-2024-10,LBR,2008,24.7,55.84,0
weo-2024-10,LBR,2009,5.34,15.84,0
weo-2024-10,LBR,2010,11.4,18.63,0
weo-2024-10,LBR,2011,19.02,42.34,0
weo-2024-10,LBR,2012,14.28,17.01,0
weo-2024-10,LBR,2013,13.81,1.12,0
weo-2024-10,LBR,2014,1.53,23.39,1
weo-2024-10,LBR,2015,0.04,10.93,1
weo-2024-10,LBR,2016,5.31,1.45,1
weo-2024-10,LBR,2017,1.99,-0.37,1
weo-2024-10,LBR,2018,-1.7,-9.72,1
weo-2024-10,LBR,2019,-5.64,-7.32,1
weo-2024-10,LBR,2020,-1.39,7.29,1
weo-2024-10,LBR,2021,15.53,-1.75,0
weo-2024-10,LBR,2022,13.27,1.81,0
weo-2024-10,LBR,2023,10.47,11.24,1
weo-2024-10,LBY,2002,26.03,40.64,1
weo-2024-10,LBY,2003,29.24,31.91,0
weo-2024-10,LBY,2004,28.08,26.04,0
weo-2024-10,LBY,2005,43.83,-1.38,0
weo-2024-10,LBY,2006,23.5,25.0,0
weo-2024-10,LBY,2007,8.82,27.72,0
weo-2024-10,LBY,2008,23.51,51.54,1
weo-2024-10,LBY,2009,-28.15,5.54,1
weo-2024-10,LBY,2010,25.27,10.02,0
weo-2024-10,LBY,2011,-38.25,-53.78,1
weo-2024-10,LBY,2012,98.0,96.77,0
weo-2024-10,LBY,2013,-17.93,53.1,1
weo-2024-10,LBY,2014,-23.82,-37.76,1
weo-2024-10,LBY,2015,-7.82,-17.8,1
weo-2024-10,LBY,2016,3.13,-19.0,1
weo-2024-10,LBY,2017,34.89,12.07,0
weo-2024-10,LBY,2018,11.82,20.25,0
weo-2024-10,LBY,2019,-7.49,16.54,1
weo-2024-10,LBY,2020,-32.81,-18.56,1
weo-2024-10,LBY,2021,144.35,175.73,0
weo-2024-10,LBY,2022,30.92,25.83,1
weo-2024-10,LBY,2023,1.81,6.99,0
weo-2024-10,LCA,2002,0.84,7.96,1
weo-2024-10,LCA,2003,9.72,4.63,0
weo-2024-10,LCA,2004,8.04,6.25,0
weo-2024-10,LCA,2005,6.46,21.18,1
weo-2024-10,LCA,2006,11.69,7.1,0
weo-2024-10,LCA,2007,4.99,-5.26,1
weo-2024-10,LCA,2008,7.2,5.71,0
weo-2024-10,LCA,2009,-1.88,9.11,1
weo-2024-10,LCA,2010,5.95,12.04,1
weo-2024-10,LCA,2011,5.79,10.4,0
weo-2024-10,LCA,2012,1.87,4.63,1
weo-2024-10,LCA,2013,3.9,-7.88,1
weo-2024-10,LCA,2014,5.35,-3.43,1
weo-2024-10,LCA,2015,3.34,3.7,1
weo-2024-10,LCA,2016,3.37,0.19,0
weo-2024-10,LCA,2017,6.96,9.11,0
weo-2024-10,LCA,2018,3.13,3.08,0
weo-2024-10,LCA,2019,1.67,10.88,1
weo-2024-10,LCA,2020,-28.45,0.84,1
weo-2024-10,LCA,2021,24.54,-3.45,0
weo-2024-10,LCA,2022,25.47,3.61,0
weo-2024-10,LCA,2023,3.73,9.0,0
weo-2024-10,LKA,2002,12.4,-1.86,1
weo-2024-10,LKA,2003,11.4,2.05,0
weo-2024-10,LKA,2004,14.73,22.21,0
weo-2024-10,LKA,2005,17.31,30.17,0
weo-2024-10,LKA,2006,19.81,21.17,0
weo-2024-10,LKA,2007,21.78,17.07,0
weo-2024-10,LKA,2008,23.25,18.92,0
weo-2024-10,LKA,2009,9.63,13.89,1
weo-2024-10,LKA,2010,15.9,3.96,0
weo-2024-10,LKA,2011,12.99,16.05,0
weo-2024-10,LKA,2012,20.0,6.64,0
weo-2024-10,LKA,2013,10.56,5.11,1
weo-2024-10,LKA,2014,8.42,17.17,0
weo-2024-10,LKA,2015,7.35,20.35,1
weo-2024-10,LKA,2016,10.77,1.26,1
weo-2024-10,LKA,2017,12.29,6.65,0
weo-2024-10,LKA,2018,6.7,0.19,1
weo-2024-10,LKA,2019,3.64,19.16,1
weo-2024-10,LKA,2020,-1.66,4.99,1
weo-2024-10,LKA,2021,12.57,7.38,1
weo-2024-10,LKA,2022,36.63,17.55,1
weo-2024-10,LSO,2002,12.84,10.16,0
weo-2024-10,LSO,2003,8.25,6.56,0
weo-2024-10,LSO,2004,10.95,0.83,1
weo-2024-10,LSO,2005,10.76,16.69,0
weo-2024-10,LSO,2006,9.34,21.44,0
weo-2024-10,LSO,2007,3.58,16.46,0
weo-2024-10,LSO,2008,16.73,36.12,0
weo-2024-10,LSO,2009,3.54,27.38,1
weo-2024-10,LSO,2010,11.86,-6.63,0
weo-2024-10,LSO,2011,12.87,22.52,0
weo-2024-10,LSO,2012,9.61,5.77,0
weo-2024-10,LSO,2013,13.27,13.65,1
weo-2024-10,LSO,2014,15.33,-0.88,1
weo-2024-10,LSO,2015,10.81,13.95,0
weo-2024-10,LSO,2016,2.16,7.07,1
weo-2024-10,LSO,2017,1.61,-5.74,1
weo-2024-10,LSO,2018,7.93,10.7,1
weo-2024-10,LSO,2019,1.02,3.7,1
weo-2024-10,LSO,2020,-0.34,1.25,1
weo-2024-10,LSO,2021,5.26,5.07,1
weo-2024-10,LSO,2022,6.91,-2.21,1
weo-2024-10,LSO,2023,7.69,0.35,0
weo-2024-10,LTU,2002,7.12,0.87,0
weo-2024-10,LTU,2003,9.6,5.98,0
weo-2024-10,LTU,2004,9.25,13.88,0
weo-2024-10,LTU,2005,15.37,16.46,0
weo-2024-10,LTU,2006,14.69,16.02,0
weo-2024-10,LTU,2007,20.6,23.59,0
weo-2024-10,LTU,2008,12.32,21.07,1
weo-2024-10,LTU,2009,-17.46,-4.38,1
weo-2024-10,LTU,2010,4.18,-3.21,1
weo-2024-10,LTU,2011,11.77,12.33,0
weo-2024-10,LTU,2012,6.49,-11.04,1
weo-2024-10,LTU,2013,5.13,3.75,1
weo-2024-10,LTU,2014,4.32,2.76,1
weo-2024-10,LTU,2015,2.05,3.47,1
weo-2024-10,LTU,2016,4.21,1.18,1
weo-2024-10,LTU,2017,8.57,6.4,0
weo-2024-10,LTU,2018,7.74,11.07,0
weo-2024-10,LTU,2019,7.6,9.77,0
weo-2024-10,LTU,2020,1.75,27.87,1
weo-2024-10,LTU,2021,13.37,0.7,0
weo-2024-10,LTU,2022,19.47,16.86,1
weo-2024-10,LTU,2023,6.63,11.45,1
weo-2024-10,LUX,2002,4.74,13.77,0
weo-2024-10,LUX,2003,4.86,8.17,0
weo-2024-10,LUX,2004,7.48,7.95,0
weo-2024-10,LUX,2005,7.42,6.64,1
weo-2024-10,LUX,2006,12.86,2.81,0
weo-2024-10,LUX,2007,10.14,5.23,0
weo-2024-10,LUX,2008,6.29,8.39,1
weo-2024-10,LUX,2009,-2.4,7.74,1
weo-2024-10,LUX,2010,8.58,6.15,0
weo-2024-10,LUX,2011,4.53,3.51,1
weo-2024-10,LUX,2012,4.97,5.5,1
weo-2024-10,LUX,2013,5.52,3.94,0
weo-2024-10,LUX,2014,5.49,4.11,0
weo-2024-10,LUX,2015,4.54,3.9,1
weo-2024-10,LUX,2016,3.82,3.0,0
weo-2024-10,LUX,2017,3.49,6.6,1
weo-2024-10,LUX,2018,3.36,5.87,1
weo-2024-10,LUX,2019,3.84,5.81,0
weo-2024-10,LUX,2020,3.35,12.61,1
weo-2024-10,LUX,2021,12.15,2.47,0
weo-2024-10,LUX,2022,7.14,9.71,1
weo-2024-10,LUX,2023,2.3,12.58,1
weo-2024-10,LVA,2002,12.52,12.67,0
weo-2024-10,LVA,2003,13.86,9.41,0
weo-2024-10,LVA,2004,15.93,17.74,0
weo-2024-10,LVA,2005,23.12,27.52,0
weo-2024-10,LVA,2006,25.89,23.68,0
weo-2024-10,LVA,2007,32.0,29.66,0
weo-2024-10,LVA,2008,8.03,19.2,1
weo-2024-10,LVA,2009,-22.54,-11.15,1
weo-2024-10,LVA,2010,-4.8,-4.84,1
weo-2024-10,LVA,2011,9.27,1.75,1
weo-2024-10,LVA,2012,10.93,2.76,0
weo-2024-10,LVA,2013,3.76,4.62,1
weo-2024-10,LVA,2014,3.85,5.1,1
weo-2024-10,LVA,2015,4.01,2.02,0
weo-2024-10,LVA,2016,3.25,1.19,1
weo-2024-10,LVA,2017,6.36,7.79,0
weo-2024-10,LVA,2018,8.04,13.32,0
weo-2024-10,LVA,2019,4.87,4.1,1
weo-2024-10,LVA,2020,-1.52,8.33,1
weo-2024-10,LVA,2021,10.76,15.89,0
weo-2024-10,LVA,2022,15.1,9.79,1
weo-2024-10,LVA,2023,5.11,7.82,1
weo-2024-10,MAC,2002,7.45,10.81,0
weo-2024-10,MAC,2003,11.7,17.41,0
weo-2024-10,MAC,2004,29.08,12.18,0
weo-2024-10,MAC,2005,14.09,15.65,1
weo-2024-10,MAC,2006,22.17,11.23,0
weo-2024-10,MAC,2007,24.51,6.75,0
weo-2024-10,MAC,2008,13.81,41.75,1
weo-2024-10,MAC,2009,2.21,27.15,1
weo-2024-10,MAC,2010,31.12,15.08,0
weo-2024-10,MAC,2011,30.73,15.88,0
weo-2024-10,MAC,2012,16.8,16.87,0
weo-2024-10,MAC,2013,19.32,-11.45,0
weo-2024-10,MAC,2014,6.5,23.75,1
weo-2024-10,MAC,2015,-17.97,12.31,1
weo-2024-10,MAC,2016,0.18,5.11,1
weo-2024-10,MAC,2017,12.22,11.19,0
weo-2024-10,MAC,2018,10.18,6.68,1
weo-2024-10,MAC,2019,-0.22,1.98,1
weo-2024-10,MAC,2020,-54.45,21.73,1
weo-2024-10,MAC,2021,22.45,-7.11,0
weo-2024-10,MAC,2022,-20.41,25.29,1
weo-2024-10,MAR,2002,4.37,18.28,1
weo-2024-10,MAR,2003,7.09,-0.15,0
weo-2024-10,MAR,2004,6.07,8.7,0
weo-2024-10,MAR,2005,4.52,25.43,1
weo-2024-10,MAR,2006,9.24,-1.79,0
weo-2024-10,MAR,2007,7.25,9.78,1
weo-2024-10,MAR,2008,10.72,21.07,0
weo-2024-10,MAR,2009,4.4,4.56,0
weo-2024-10,MAR,2010,4.83,7.62,0
weo-2024-10,MAR,2011,4.52,14.45,0
weo-2024-10,MAR,2012,3.39,7.31,1
weo-2024-10,MAR,2013,5.9,-1.92,0
weo-2024-10,MAR,2014,3.06,3.32,1
weo-2024-10,MAR,2015,7.66,-0.9,0
weo-2024-10,MAR,2016,1.5,2.32,1
weo-2024-10,MAR,2017,4.99,2.42,0
weo-2024-10,MAR,2018,4.03,3.9,1
weo-2024-10,MAR,2019,3.73,2.98,1
weo-2024-10,MAR,2020,-7.05,16.56,1
weo-2024-10,MAR,2021,10.77,1.89,0
weo-2024-10,MAR,2022,4.23,14.3,1
weo-2024-10,MAR,2023,9.98,5.54,1
weo-2024-10,MDA,2002,18.39,33.64,0
weo-2024-10,MDA,2003,22.45,34.53,0
weo-2024-10,MDA,2004,15.98,21.5,0
weo-2024-10,MDA,2005,17.55,28.16,0
weo-2024-10,MDA,2006,18.86,30.17,0
weo-2024-10,MDA,2007,19.38,26.2,1
weo-2024-10,MDA,2008,17.77,14.39,0
weo-2024-10,MDA,2009,-3.96,4.54,1
weo-2024-10,MDA,2010,42.77,8.77,0
weo-2024-10,MDA,2011,14.49,9.11,0
weo-2024-10,MDA,2012,6.79,10.57,1
weo-2024-10,MDA,2013,13.32,9.86,0
weo-2024-10,MDA,2014,11.67,14.89,0
weo-2024-10,MDA,2015,9.19,3.31,1
weo-2024-10,MDA,2016,10.33,2.69,1
weo-2024-10,MDA,2017,9.45,12.75,1
weo-2024-10,MDA,2018,7.42,10.5,1
weo-2024-10,MDA,2019,9.09,10.76,1
weo-2024-10,MDA,2020,-3.16,11.25,1
weo-2024-10,MDA,2021,21.2,14.26,0
weo-2024-10,MDA,2022,13.83,19.4,1
weo-2024-10,MDA,2023,9.0,15.16,1
weo-2024-10,MDG,2002,2.04,-20.51,1
weo-2024-10,MDG,2003,7.91,48.72,0
weo-2024-10,MDG,2004,19.95,56.83,0
weo-2024-10,MDG,2005,23.99,4.01,0
weo-2024-10,MDG,2006,16.75,19.02,0
weo-2024-10,MDG,2007,16.59,7.46,0
weo-2024-10,MDG,2008,14.7,13.97,0
weo-2024-10,MDG,2009,2.67,-19.14,1
weo-2024-10,MDG,2010,10.9,8.52,1
weo-2024-10,MDG,2011,12.13,9.62,1
weo-2024-10,MDG,2012,8.64,4.73,1
weo-2024-10,MDG,2013,7.88,19.92,1
weo-2024-10,MDG,2014,10.3,9.94,1
weo-2024-10,MDG,2015,9.84,12.13,1
weo-2024-10,MDG,2016,13.31,17.63,0
weo-2024-10,MDG,2017,9.09,21.36,0
weo-2024-10,MDG,2018,11.76,6.54,1
weo-2024-10,MDG,2019,11.22,20.08,0
weo-2024-10,MDG,2020,-3.13,3.21,1
weo-2024-10,MDG,2021,12.76,-5.65,0
weo-2024-10,MDG,2022,11.21,35.22,0
weo-2024-10,MDG,2023,12.82,22.05,1
weo-2024-10,MDV,2002,7.94,7.54,1
weo-2024-10,MDV,2003,27.03,13.75,0
weo-2024-10,MDV,2004,16.61,5.55,1
weo-2024-10,MDV,2005,-5.17,53.73,1
weo-2024-10,MDV,2006,35.4,21.7,0
weo-2024-10,MDV,2007,18.61,18.77,0
weo-2024-10,MDV,2008,21.58,23.53,0
weo-2024-10,MDV,2009,3.24,3.89,1
weo-2024-10,MDV,2010,10.36,-1.84,1
weo-2024-10,MDV,2011,22.28,15.57,0
weo-2024-10,MDV,2012,9.46,1.29,1
weo-2024-10,MDV,2013,14.18,4.9,1
weo-2024-10,MDV,2014,12.31,22.21,0
weo-2024-10,MDV,2015,11.59,29.07,1
weo-2024-10,MDV,2016,6.81,20.04,1
weo-2024-10,MDV,2017,9.35,-10.97,0
weo-2024-10,MDV,2018,12.23,17.01,0
weo-2024-10,MDV,2019,5.89,9.71,0
weo-2024-10,MDV,2020,-35.17,-1.21,1
weo-2024-10,MDV,2021,41.45,12.57,0
weo-2024-10,MDV,2022,17.54,18.76,0
weo-2024-10,MDV,2023,6.68,17.54,1
weo-2024-10,MEX,2002,5.25,11.45,1
weo-2024-10,MEX,2003,5.52,17.28,1
weo-2024-10,MEX,2004,11.97,6.56,0
weo-2024-10,MEX,2005,8.12,12.42,0
weo-2024-10,MEX,2006,11.21,14.43,0
weo-2024-10,MEX,2007,8.33,14.34,1
weo-2024-10,MEX,2008,7.31,27.71,1
weo-2024-10,MEX,2009,-1.38,-2.53,1
weo-2024-10,MEX,2010,9.56,10.81,0
weo-2024-10,MEX,2011,9.31,10.51,0
weo-2024-10,MEX,2012,8.26,9.2,0
weo-2024-10,MEX,2013,2.57,1.34,1
weo-2024-10,MEX,2014,6.98,8.06,0
weo-2024-10,MEX,2015,6.01,4.28,0
weo-2024-10,MEX,2016,7.96,6.31,1
weo-2024-10,MEX,2017,8.56,-0.96,1
weo-2024-10,MEX,2018,7.28,6.56,1
weo-2024-10,MEX,2019,4.0,5.55,1
weo-2024-10,MEX,2020,-4.22,6.35,1
weo-2024-10,MEX,2021,10.54,6.0,0
weo-2024-10,MEX,2022,10.65,13.37,0
weo-2024-10,MEX,2023,7.86,4.56,0
weo-2024-10,MKD,2002,2.45,5.83,1
weo-2024-10,MKD,2003,3.91,-1.25,1
weo-2024-10,MKD,2004,4.5,-0.65,0
weo-2024-10,MKD,2005,9.85,4.53,0
weo-2024-10,MKD,2006,8.56,4.69,0
weo-2024-10,MKD,2007,11.36,11.91,0
weo-2024-10,MKD,2008,11.26,20.2,0
weo-2024-10,MKD,2009,-0.06,-0.54,1
weo-2024-10,MKD,2010,5.47,1.67,0
weo-2024-10,MKD,2011,6.15,3.89,1
weo-2024-10,MKD,2012,0.54,4.57,1
weo-2024-10,MKD,2013,7.54,2.23,0
weo-2024-10,MKD,2014,5.13,5.11,0
weo-2024-10,MKD,2015,5.94,7.03,0
weo-2024-10,MKD,2016,6.41,2.63,1
weo-2024-10,MKD,2017,3.92,5.45,1
weo-2024-10,MKD,2018,6.92,2.34,1
weo-2024-10,MKD,2019,4.81,8.89,0
weo-2024-10,MKD,2020,-3.38,12.5,1
weo-2024-10,MKD,2021,8.99,5.35,0
weo-2024-10,MKD,2022,10.1,11.56,1
weo-2024-10,MKD,2023,4.67,10.38,1
weo-2024-10,MLI,2002,6.73,15.7,1
weo-2024-10,MLI,2003,0.83,5.36,0
weo-2024-10,MLI,2004,5.21,10.62,1
weo-2024-10,MLI,2005,14.53,14.09,0
weo-2024-10,MLI,2006,9.53,12.44,1
weo-2024-10,MLI,2007,8.21,5.67,1
weo-2024-10,MLI,2008,12.78,-1.32,0
weo-2024-10,MLI,2009,9.6,32.91,0
weo-2024-10,MLI,2010,9.61,-2.93,0
weo-2024-10,MLI,2011,15.79,16.51,1
weo-2024-10,MLI,2012,3.73,-22.07,1
weo-2024-10,MLI,2013,2.96,32.11,1
weo-2024-10,MLI,2014,8.45,9.38,0
weo-2024-10,MLI,2015,9.23,14.38,0
weo-2024-10,MLI,2016,7.28,13.81,0
weo-2024-10,MLI,2017,7.34,9.85,0
weo-2024-10,MLI,2018,6.28,-6.55,0
weo-2024-10,MLI,2019,6.78,21.62,0
weo-2024-10,MLI,2020,0.15,11.7,1
weo-2024-10,MLI,2021,8.14,9.3,1
weo-2024-10,MLI,2022,3.99,0.74,1
weo-2024-10,MLI,2023,7.48,9.29,1
weo-2024-10,MLT,2002,3.86,3.09,1
weo-2024-10,MLT,2003,1.53,12.21,1
weo-2024-10,MLT,2004,2.51,-6.11,1
weo-2024-10,MLT,2005,4.43,6.15,1
weo-2024-10,MLT,2006,4.8,4.51,1
weo-2024-10,MLT,2007,7.39,4.3,0
weo-2024-10,MLT,2008,7.93,11.21,0
weo-2024-10,MLT,2009,0.82,-1.51,1
weo-2024-10,MLT,2010,9.13,6.63,0
weo-2024-10,MLT,2011,2.49,6.05,1
weo-2024-10,MLT,2012,6.35,7.4,1
weo-2024-10,MLT,2013,8.69,4.64,0
weo-2024-10,MLT,2014,10.08,8.95,0
weo-2024-10,MLT,2015,14.22,10.05,0
weo-2024-10,MLT,2016,6.29,-0.16,1
weo-2024-10,MLT,2017,15.38,7.99,0
weo-2024-10,MLT,2018,9.12,15.29,0
weo-2024-10,MLT,2019,6.69,8.51,1
weo-2024-10,MLT,2020,-1.7,19.75,1
weo-2024-10,MLT,2021,16.21,9.21,0
weo-2024-10,MLT,2022,9.42,4.99,0
weo-2024-10,MLT,2023,13.2,7.73,0
weo-2024-10,MMR,2002,50.36,20.09,0
weo-2024-10,MMR,2003,45.44,37.12,0
weo-2024-10,MMR,2004,25.89,27.86,0
weo-2024-10,MMR,2005,27.21,27.81,0
weo-2024-10,MMR,2006,36.38,46.9,0
weo-2024-10,MMR,2007,37.92,39.21,0
weo-2024-10,MMR,2008,26.42,14.01,0
weo-2024-10,MMR,2009,13.69,12.31,1
weo-2024-10,MMR,2010,12.22,23.01,1
weo-2024-10,MMR,2011,14.81,13.42,1
weo-2024-10,MMR,2012,15.3,50.79,1
weo-2024-10,MMR,2013,16.4,41.85,0
weo-2024-10,MMR,2014,14.82,19.48,0
weo-2024-10,MMR,2015,11.93,14.47,0
weo-2024-10,MMR,2016,7.58,3.5,1
weo-2024-10,MMR,2017,11.43,-2.32,1
weo-2024-10,MMR,2018,12.2,11.16,1
weo-2024-10,MMR,2019,13.44,10.68,0
weo-2024-10,MMR,2020,4.7,16.7,1
weo-2024-10,MMR,2021,-6.51,-4.72,1
weo-2024-10,MMR,2022,11.77,4.33,1
weo-2024-10,MMR,2023,21.1,26.22,1
weo-2024-10,MNE,2003,10.7,28.2,1
weo-2024-10,MNE,2004,12.15,1.82,0
weo-2024-10,MNE,2005,8.92,5.18,0
weo-2024-10,MNE,2006,19.47,33.64,0
weo-2024-10,MNE,2007,23.94,28.12,0
weo-2024-10,MNE,2008,15.4,35.65,0
weo-2024-10,MNE,2009,-3.53,-3.23,1
weo-2024-10,MNE,2010,4.38,-5.63,1
weo-2024-10,MNE,2011,4.47,0.3,1
weo-2024-10,MNE,2012,-2.55,-2.53,1
weo-2024-10,MNE,2013,5.69,5.39,1
weo-2024-10,MNE,2014,2.84,-1.31,1
weo-2024-10,MNE,2015,5.69,10.92,1
weo-2024-10,MNE,2016,8.2,11.48,1
weo-2024-10,MNE,2017,8.72,7.17,0
weo-2024-10,MNE,2018,8.47,9.23,0
weo-2024-10,MNE,2019,6.17,-1.51,0
weo-2024-10,MNE,2020,-15.46,4.53,1
weo-2024-10,MNE,2021,18.39,-2.61,0
weo-2024-10,MNE,2022,19.55,14.64,0
weo-2024-10,MNE,2023,15.58,11.24,0
weo-2024-10,MNG,2002,11.4,12.19,1
weo-2024-10,MNG,2003,17.96,12.66,0
weo-2024-10,MNG,2004,29.09,21.73,0
weo-2024-10,MNG,2005,28.81,2.06,1
weo-2024-10,MNG,2006,32.42,39.52,0
weo-2024-10,MNG,2007,23.07,66.96,0
weo-2024-10,MNG,2008,32.26,41.34,0
weo-2024-10,MNG,2009,0.53,-5.71,1
weo-2024-10,MNG,2010,48.04,31.7,1
weo-2024-10,MNG,2011,35.02,63.24,0
weo-2024-10,MNG,2012,26.68,18.8,0
weo-2024-10,MNG,2013,14.9,0.04,0
weo-2024-10,MNG,2014,15.92,12.72,0
weo-2024-10,MNG,2015,3.0,-3.57,1
weo-2024-10,MNG,2016,4.53,32.81,1
weo-2024-10,MNG,2017,17.05,-7.66,1
weo-2024-10,MNG,2018,16.32,4.47,0
weo-2024-10,MNG,2019,16.13,31.58,1
weo-2024-10,MNG,2020,-1.02,20.04,1
weo-2024-10,MNG,2021,16.29,-22.15,1
weo-2024-10,MNG,2022,23.64,72.02,1
weo-2024-10,MNG,2023,30.81,23.02,0
weo-2024-10,MOZ,2002,20.45,4.79,0
weo-2024-10,MOZ,2003,11.12,11.45,0
weo-2024-10,MOZ,2004,14.47,9.74,0
weo-2024-10,MOZ,2005,14.11,9.7,1
weo-2024-10,MOZ,2006,18.11,41.16,0
weo-2024-10,MOZ,2007,15.65,20.95,0
weo-2024-10,MOZ,2008,12.39,14.75,0
weo-2024-10,MOZ,2009,7.49,30.08,1
weo-2024-10,MOZ,2010,14.84,17.75,0
weo-2024-10,MOZ,2011,9.65,18.65,0
weo-2024-10,MOZ,2012,11.42,8.2,0
weo-2024-10,MOZ,2013,9.34,24.2,1
weo-2024-10,MOZ,2014,8.87,36.22,0
weo-2024-10,MOZ,2015,14.98,-7.97,0
weo-2024-10,MOZ,2016,17.43,-0.3,1
weo-2024-10,MOZ,2017,10.83,8.01,1
weo-2024-10,MOZ,2018,7.41,12.23,1
weo-2024-10,MOZ,2019,7.1,-0.89,1
weo-2024-10,MOZ,2020,1.91,20.33,1
weo-2024-10,MOZ,2021,7.04,2.8,1
weo-2024-10,MOZ,2022,13.92,20.93,1
weo-2024-10,MOZ,2023,11.03,9.01,1
weo-2024-10,MRT,2005,24.4,9.09,0
weo-2024-10,MRT,2006,35.01,22.89,0
weo-2024-10,MRT,2007,6.75,13.56,1
weo-2024-10,MRT,2008,10.35,9.42,1
weo-2024-10,MRT,2009,-0.26,-1.14,1
weo-2024-10,MRT,2010,25.55,12.05,1
weo-2024-10,MRT,2011,22.45,21.75,0
weo-2024-10,MRT,2012,4.95,34.97,0
weo-2024-10,MRT,2013,8.83,0.89,1
weo-2024-10,MRT,2014,-8.11,9.51,0
weo-2024-10,MRT,2015,0.32,7.54,0
weo-2024-10,MRT,2016,12.61,-8.78,1
weo-2024-10,MRT,2017,7.95,4.3,0
weo-2024-10,MRT,2018,9.54,0.83,0
weo-2024-10,MRT,2019,8.64,2.98,1
weo-2024-10,MRT,2020,6.06,10.33,1
weo-2024-10,MRT,2021,8.26,22.68,1
weo-2024-10,MRT,2022,6.14,48.63,0
weo-2024-10,MRT,2023,10.1,-4.35,0
weo-2024-10,MUS,2002,7.93,12.89,1
weo-2024-10,MUS,2003,11.88,11.55,0
weo-2024-10,MUS,2004,11.47,7.46,0
weo-2024-10,MUS,2005,5.8,8.46,1
weo-2024-10,MUS,2006,11.52,6.54,0
weo-2024-10,MUS,2007,14.51,9.46,0
weo-2024-10,MUS,2008,11.38,19.18,0
weo-2024-10,MUS,2009,2.64,16.43,1
weo-2024-10,MUS,2010,5.55,2.34,0
weo-2024-10,MUS,2011,7.37,7.87,0
weo-2024-10,MUS,2012,6.05,0.08,1
weo-2024-10,MUS,2013,6.2,16.27,1
weo-2024-10,MUS,2014,6.08,0.92,1
weo-2024-10,MUS,2015,5.14,12.98,1
weo-2024-10,MUS,2016,6.34,3.8,1
weo-2024-10,MUS,2017,5.64,6.78,0
weo-2024-10,MUS,2018,5.75,5.4,0
weo-2024-10,MUS,2019,2.41,18.64,1
weo-2024-10,MUS,2020,-12.35,3.78,1
weo-2024-10,MUS,2021,6.67,0.19,1
weo-2024-10,MUS,2022,19.3,12.93,0
weo-2024-10,MUS,2023,15.37,13.27,0
weo-2024-10,MWI,2003,16.64,15.53,0
weo-2024-10,MWI,2004,21.07,37.68,0
weo-2024-10,MWI,2005,14.36,23.74,1
weo-2024-10,MWI,2006,25.61,33.76,0
weo-2024-10,MWI,2007,14.09,43.16,0
weo-2024-10,MWI,2008,20.52,20.9,0
weo-2024-10,MWI,2009,16.89,12.71,0
weo-2024-10,MWI,2010,19.83,16.76,0
weo-2024-10,MWI,2011,19.61,1.83,0
weo-2024-10,MWI,2012,19.87,37.65,1
weo-2024-10,MWI,2013,33.92,37.02,0
weo-2024-10,MWI,2014,27.77,6.95,0
weo-2024-10,MWI,2015,24.47,41.04,1
weo-2024-10,MWI,2016,23.28,19.44,1
weo-2024-10,MWI,2017,17.64,28.48,1
weo-2024-10,MWI,2018,10.79,1.11,1
weo-2024-10,MWI,2019,13.6,11.05,0
weo-2024-10,MWI,2020,7.24,28.83,1
weo-2024-10,MWI,2021,13.16,13.64,1
weo-2024-10,MWI,2022,18.25,32.43,1
weo-2024-10,MWI,2023,23.72,30.66,1
weo-2024-10,MYS,2002,8.69,3.62,0
weo-2024-10,MYS,2003,9.28,19.7,0
weo-2024-10,MYS,2004,13.2,3.0,0
weo-2024-10,MYS,2005,10.28,0.29,1
weo-2024-10,MYS,2006,9.79,16.76,0
weo-2024-10,MYS,2007,11.49,14.09,0
weo-2024-10,MYS,2008,15.72,17.41,1
weo-2024-10,MYS,2009,-7.42,8.32,1
weo-2024-10,MYS,2010,11.57,-6.01,0
weo-2024-10,MYS,2011,10.99,12.39,0
weo-2024-10,MYS,2012,6.53,14.75,0
weo-2024-10,MYS,2013,4.88,0.94,1
weo-2024-10,MYS,2014,8.62,-0.45,0
weo-2024-10,MYS,2015,4.88,-0.05,1
weo-2024-10,MYS,2016,6.18,-3.39,1
weo-2024-10,MYS,2017,9.81,5.81,0
weo-2024-10,MYS,2018,5.5,8.97,1
weo-2024-10,MYS,2019,4.49,7.62,1
weo-2024-10,MYS,2020,-6.23,0.55,1
weo-2024-10,MYS,2021,9.18,5.33,1
weo-2024-10,MYS,2022,15.83,17.21,0
weo-2024-10,MYS,2023,1.62,-1.71,1
weo-2024-10,NAM,2002,16.05,11.46,0
weo-2024-10,NAM,2003,5.34,9.29,1
weo-2024-10,NAM,2004,14.4,3.73,0
weo-2024-10,NAM,2005,8.26,4.79,0
weo-2024-10,NAM,2006,11.99,10.82,1
weo-2024-10,NAM,2007,18.02,14.44,1
weo-2024-10,NAM,2008,13.85,27.2,1
weo-2024-10,NAM,2009,7.28,21.08,1
weo-2024-10,NAM,2010,9.82,15.66,0
weo-2024-10,NAM,2011,9.09,25.84,0
weo-2024-10,NAM,2012,18.6,6.86,0
weo-2024-10,NAM,2013,9.88,20.4,0
weo-2024-10,NAM,2014,14.83,25.74,0
weo-2024-10,NAM,2015,8.29,12.75,0
weo-2024-10,NAM,2016,8.01,1.1,1
weo-2024-10,NAM,2017,8.79,-2.83,1
weo-2024-10,NAM,2018,5.54,-0.49,1
weo-2024-10,NAM,2019,0.08,1.99,1
weo-2024-10,NAM,2020,-3.85,6.46,1
weo-2024-10,NAM,2021,5.19,-1.21,1
weo-2024-10,NAM,2022,12.14,1.79,0
weo-2024-10,NAM,2023,10.84,11.38,0
weo-2024-10,NER,2002,7.63,16.03,1
weo-2024-10,NER,2003,1.94,1.0,1
weo-2024-10,NER,2004,0.74,19.96,1
weo-2024-10,NER,2005,16.59,12.5,0
weo-2024-10,NER,2006,7.53,6.74,0
weo-2024-10,NER,2007,10.41,26.16,1
weo-2024-10,NER,2008,18.68,15.67,0
weo-2024-10,NER,2009,6.2,11.38,1
weo-2024-10,NER,2010,12.38,-9.3,0
weo-2024-10,NER,2011,6.48,13.57,1
weo-2024-10,NER,2012,16.39,26.68,0
weo-2024-10,NER,2013,4.96,29.29,0
weo-2024-10,NER,2014,6.06,22.41,0
weo-2024-10,NER,2015,7.09,9.08,1
weo-2024-10,NER,2016,7.17,-15.8,0
weo-2024-10,NER,2017,5.86,6.47,1
weo-2024-10,NER,2018,9.54,17.84,0
weo-2024-10,NER,2019,6.37,8.3,0
weo-2024-10,NER,2020,4.53,8.33,1
weo-2024-10,NER,2021,4.55,13.41,1
weo-2024-10,NER,2022,16.33,2.28,0
weo-2024-10,NER,2023,5.96,-24.86,1
weo-2024-10,NGA,2002,39.32,-9.16,0
weo-2024-10,NGA,2003,17.38,28.13,0
weo-2024-10,NGA,2004,30.22,15.61,0
weo-2024-10,NGA,2005,28.57,20.86,0
weo-2024-10,NGA,2006,28.7,-6.04,0
weo-2024-10,NGA,2007,15.12,73.14,0
weo-2024-10,NGA,2008,18.68,-6.81,0
weo-2024-10,NGA,2009,13.09,21.6,0
weo-2024-10,NGA,2010,25.25,35.29,0
weo-2024-10,NGA,2011,14.86,18.4,1
weo-2024-10,NGA,2012,13.95,-3.97,1
weo-2024-10,NGA,2013,11.58,5.87,0
weo-2024-10,NGA,2014,11.27,4.82,0
weo-2024-10,NGA,2015,5.59,-15.49,1
weo-2024-10,NGA,2016,7.77,-7.88,1
weo-2024-10,NGA,2017,12.01,40.48,1
weo-2024-10,NGA,2018,12.35,17.53,1
weo-2024-10,NGA,2019,12.82,9.64,1
weo-2024-10,NGA,2020,5.91,-2.27,1
weo-2024-10,NGA,2021,14.15,16.26,1
weo-2024-10,NGA,2022,14.93,31.05,1
weo-2024-10,NGA,2023,15.84,2.94,1
weo-2024-10,NIC,2002,4.03,-3.43,1
weo-2024-10,NIC,2003,7.99,25.78,1
weo-2024-10,NIC,2004,14.84,23.7,0
weo-2024-10,NIC,2005,14.57,17.84,1
weo-2024-10,NIC,2006,12.35,14.71,1
weo-2024-10,NIC,2007,15.24,18.69,0
weo-2024-10,NIC,2008,20.19,24.74,1
weo-2024-10,NIC,2009,2.54,5.55,1
weo-2024-10,NIC,2010,10.82,11.01,1
weo-2024-10,NIC,2011,17.18,21.23,0
weo-2024-10,NIC,2012,13.15,14.77,0
weo-2024-10,NIC,2013,9.49,11.8,0
weo-2024-10,NIC,2014,13.58,14.99,0
weo-2024-10,NIC,2015,12.74,16.14,0
weo-2024-10,NIC,2016,9.36,14.74,0
weo-2024-10,NIC,2017,8.95,9.8,0
weo-2024-10,NIC,2018,-0.79,0.12,1
weo-2024-10,NIC,2019,2.34,1.31,1
weo-2024-10,NIC,2020,3.51,9.28,1
weo-2024-10,NIC,2021,14.27,18.94,0
weo-2024-10,NIC,2022,13.0,6.36,1
weo-2024-10,NIC,2023,15.57,5.61,0
weo-2024-10,NLD,2002,4.13,6.43,1
weo-2024-10,NLD,2003,2.39,5.16,1
weo-2024-10,NLD,2004,3.24,0.89,1
weo-2024-10,NLD,2005,4.05,1.31,0
weo-2024-10,NLD,2006,6.21,8.02,0
weo-2024-10,NLD,2007,6.01,4.4,0
weo-2024-10,NLD,2008,4.58,7.03,0
weo-2024-10,NLD,2009,-3.24,6.54,1
weo-2024-10,NLD,2010,2.04,3.08,1
weo-2024-10,NLD,2011,2.02,-0.5,1
weo-2024-10,NLD,2012,0.34,0.33,1
weo-2024-10,NLD,2013,1.11,0.78,1
weo-2024-10,NLD,2014,1.96,0.42,1
weo-2024-10,NLD,2015,3.03,-0.04,0
weo-2024-10,NLD,2016,3.0,0.09,0
weo-2024-10,NLD,2017,4.26,1.77,0
weo-2024-10,NLD,2018,4.85,4.3,0
weo-2024-10,NLD,2019,5.4,4.86,0
weo-2024-10,NLD,2020,-1.6,12.06,1
weo-2024-10,NLD,2021,9.2,5.03,0
weo-2024-10,NLD,2022,11.47,5.0,0
weo-2024-10,NLD,2023,7.42,7.18,1
weo-2024-10,NOR,2002,-0.16,6.77,0
weo-2024-10,NOR,2003,3.83,6.57,1
weo-2024-10,NOR,2004,10.1,3.83,0
weo-2024-10,NOR,2005,11.68,4.56,0
weo-2024-10,NOR,2006,11.41,8.7,0
weo-2024-10,NOR,2007,6.08,9.08,0
weo-2024-10,NOR,2008,11.1,8.65,1
weo-2024-10,NOR,2009,-6.96,4.13,1
weo-2024-10,NOR,2010,6.79,3.64,1
weo-2024-10,NOR,2011,7.85,5.04,1
weo-2024-10,NOR,2012,6.16,3.59,0
weo-2024-10,NOR,2013,3.6,6.27,1
weo-2024-10,NOR,2014,2.31,7.14,0
weo-2024-10,NOR,2015,-1.0,5.8,0
weo-2024-10,NOR,2016,-0.45,3.77,1
weo-2024-10,NOR,2017,6.65,4.04,0
weo-2024-10,NOR,2018,7.63,3.92,1
weo-2024-10,NOR,2019,0.57,5.49,1
weo-2024-10,NOR,2020,-3.76,8.11,1
weo-2024-10,NOR,2021,24.91,1.07,0
weo-2024-10,NOR,2022,32.01,8.08,0
weo-2024-10,NOR,2023,-10.19,11.96,1
weo-2024-10,NPL,2002,4.06,2.94,1
weo-2024-10,NPL,2003,7.14,-3.31,1
weo-2024-10,NPL,2004,9.04,9.62,0
weo-2024-10,NPL,2005,9.81,13.22,1
weo-2024-10,NPL,2006,10.97,3.48,1
weo-2024-10,NPL,2007,11.27,31.39,1
weo-2024-10,NPL,2008,12.07,14.75,0
weo-2024-10,NPL,2009,21.16,54.96,0
weo-2024-10,NPL,2010,20.69,16.26,0
weo-2024-10,NPL,2011,14.6,13.52,1
weo-2024-10,NPL,2012,12.77,15.67,0
weo-2024-10,NPL,2013,10.86,2.7,1
weo-2024-10,NPL,2014,14.53,24.21,0
weo-2024-10,NPL,2015,8.56,16.95,1
weo-2024-10,NPL,2016,7.61,15.95,1
weo-2024-10,NPL,2017,17.98,47.56,0
weo-2024-10,NPL,2018,12.31,32.61,0
weo-2024-10,NPL,2019,11.66,8.72,0
weo-2024-10,NPL,2020,0.77,1.28,1
weo-2024-10,NPL,2021,11.93,9.9,0
weo-2024-10,NPL,2022,14.34,8.72,0
weo-2024-10,NPL,2023,7.47,1.73,1
weo-2024-10,NZL,2002,5.85,5.32,0
weo-2024-10,NZL,2003,5.87,5.95,0
weo-2024-10,NZL,2004,8.11,7.15,0
weo-2024-10,NZL,2005,5.1,9.4,0
weo-2024-10,NZL,2006,5.07,8.59,1
weo-2024-10,NZL,2007,8.44,6.88,0
weo-2024-10,NZL,2008,3.4,8.21,1
weo-2024-10,NZL,2009,1.28,6.28,1
weo-2024-10,NZL,2010,5.03,11.1,1
weo-2024-10,NZL,2011,4.71,2.76,1
weo-2024-10,NZL,2012,2.33,-4.4,1
weo-2024-10,NZL,2013,5.62,2.84,1
weo-2024-10,NZL,2014,5.63,3.37,0
weo-2024-10,NZL,2015,4.52,3.22,0
weo-2024-10,NZL,2016,5.93,3.69,0
weo-2024-10,NZL,2017,7.4,4.97,0
weo-2024-10,NZL,2018,5.59,7.06,0
weo-2024-10,NZL,2019,5.69,13.8,1
weo-2024-10,NZL,2020,1.19,9.6,1
weo-2024-10,NZL,2021,9.1,8.33,0
weo-2024-10,NZL,2022,8.08,8.12,1
weo-2024-10,NZL,2023,6.11,3.29,1
weo-2024-10,OMN,2002,3.87,7.32,1
weo-2024-10,OMN,2003,7.23,11.41,1
weo-2024-10,OMN,2004,14.74,11.38,1
weo-2024-10,OMN,2005,25.12,12.91,0
weo-2024-10,OMN,2006,19.91,19.42,0
weo-2024-10,OMN,2007,13.44,16.38,0
weo-2024-10,OMN,2008,44.52,20.12,0
weo-2024-10,OMN,2009,-20.56,2.17,0
weo-2024-10,OMN,2010,17.2,7.28,1
weo-2024-10,OMN,2011,19.24,32.68,0
weo-2024-10,OMN,2012,12.79,28.51,0
weo-2024-10,OMN,2013,2.89,3.01,0
weo-2024-10,OMN,2014,3.07,7.95,1
weo-2024-10,OMN,2015,-15.09,-8.09,0
weo-2024-10,OMN,2016,-4.55,-4.84,0
weo-2024-10,OMN,2017,7.62,-4.21,1
weo-2024-10,OMN,2018,13.17,4.01,1
weo-2024-10,OMN,2019,-3.77,0.85,1
weo-2024-10,OMN,2020,-13.8,-6.48,1
weo-2024-10,OMN,2021,15.04,-5.78,1
weo-2024-10,OMN,2022,28.19,11.16,0
weo-2024-10,OMN,2023,-2.8,-14.46,1
weo-2024-10,PAK,2002,6.62,24.72,1
weo-2024-10,PAK,2003,9.15,2.87,0
weo-2024-10,PAK,2004,15.65,13.76,0
weo-2024-10,PAK,2005,13.24,24.72,0
weo-2024-10,PAK,2006,12.41,28.51,0
weo-2024-10,PAK,2007,15.24,22.88,0
weo-2024-10,PAK,2008,13.27,25.16,0
weo-2024-10,PAK,2009,16.28,6.43,1
weo-2024-10,PAK,2010,12.25,24.91,1
weo-2024-10,PAK,2011,19.53,19.19,1
weo-2024-10,PAK,2012,13.25,21.63,1
weo-2024-10,PAK,2013,12.07,12.79,1
weo-2024-10,PAK,2014,11.62,0.42,1
weo-2024-10,PAK,2015,8.85,5.43,1
weo-2024-10,PAK,2016,7.56,9.96,0
weo-2024-10,PAK,2017,8.64,20.28,0
weo-2024-10,PAK,2018,10.23,9.84,0
weo-2024-10,PAK,2019,11.76,4.44,1
weo-2024-10,PAK,2020,8.54,12.39,1
weo-2024-10,PAK,2021,17.45,7.51,0
weo-2024-10,PAK,2022,19.38,33.72,0
weo-2024-10,PAK,2023,25.83,3.07,1
weo-2024-10,PAN,2002,3.94,4.95,1
weo-2024-10,PAN,2003,5.38,6.97,1
weo-2024-10,PAN,2004,9.63,10.09,0
weo-2024-10,PAN,2005,9.07,5.6,0
weo-2024-10,PAN,2006,10.81,2.62,0
weo-2024-10,PAN,2007,15.5,18.21,0
weo-2024-10,PAN,2008,18.13,30.52,0
weo-2024-10,PAN,2009,7.79,1.86,1
weo-2024-10,PAN,2010,8.57,27.42,1
weo-2024-10,PAN,2011,17.82,14.5,0
weo-2024-10,PAN,2012,16.56,13.7,0
weo-2024-10,PAN,2013,12.79,10.14,0
weo-2024-10,PAN,2014,9.48,7.89,1
weo-2024-10,PAN,2015,8.35,0.37,1
weo-2024-10,PAN,2016,7.05,6.45,1
weo-2024-10,PAN,2017,7.42,6.85,1
weo-2024-10,PAN,2018,4.38,6.72,1
weo-2024-10,PAN,2019,3.61,-1.4,1
weo-2024-10,PAN,2020,-18.12,8.01,1
weo-2024-10,PAN,2021,18.08,2.5,0
weo-2024-10,PAN,2022,13.52,-0.24,0
weo-2024-10,PAN,2023,8.96,4.05,0
weo-2024-10,PER,2002,6.02,-0.64,0
weo-2024-10,PER,2003,7.31,10.1,1
weo-2024-10,PER,2004,10.84,7.94,0
weo-2024-10,PER,2005,8.4,14.07,0
weo-2024-10,PER,2006,17.03,9.75,0
weo-2024-10,PER,2007,11.66,8.58,0
weo-2024-10,PER,2008,10.99,21.97,0
weo-2024-10,PER,2009,3.45,13.93,1
weo-2024-10,PER,2010,14.86,13.07,0
weo-2024-10,PER,2011,11.96,4.77,0
weo-2024-10,PER,2012,8.0,11.9,0
weo-2024-10,PER,2013,7.64,14.02,0
weo-2024-10,PER,2014,5.43,10.66,1
weo-2024-10,PER,2015,6.18,4.9,1
weo-2024-10,PER,2016,7.9,0.69,1
weo-2024-10,PER,2017,6.55,6.87,1
weo-2024-10,PER,2018,5.93,6.68,1
weo-2024-10,PER,2019,3.93,3.45,1
weo-2024-10,PER,2020,-7.18,14.83,1
weo-2024-10,PER,2021,21.71,9.44,0
weo-2024-10,PER,2022,6.63,6.32,1
weo-2024-10,PER,2023,6.68,1.3,1
weo-2024-10,PHL,2002,8.1,7.28,1
weo-2024-10,PHL,2003,8.44,4.15,1
weo-2024-10,PHL,2004,12.85,4.53,0
weo-2024-10,PHL,2005,11.15,5.38,1
weo-2024-10,PHL,2006,10.7,10.55,1
weo-2024-10,PHL,2007,9.89,17.56,0
weo-2024-10,PHL,2008,11.84,11.84,1
weo-2024-10,PHL,2009,4.23,14.29,1
weo-2024-10,PHL,2010,12.03,7.84,0
weo-2024-10,PHL,2011,7.93,3.06,1
weo-2024-10,PHL,2012,9.03,12.36,0
weo-2024-10,PHL,2013,8.95,7.24,0
weo-2024-10,PHL,2014,9.59,7.55,0
weo-2024-10,PHL,2015,5.58,13.82,0
weo-2024-10,PHL,2016,8.52,18.17,0
weo-2024-10,PHL,2017,9.41,13.22,0
weo-2024-10,PHL,2018,10.32,19.17,0
weo-2024-10,PHL,2019,6.86,11.79,1
weo-2024-10,PHL,2020,-8.02,10.01,1
weo-2024-10,PHL,2021,8.13,13.93,1
weo-2024-10,PHL,2022,13.49,6.82,0
weo-2024-10,PHL,2023,10.4,3.38,1
weo-2024-10,PNG,2002,11.28,7.87,1
weo-2024-10,PNG,2003,14.46,-5.37,0
weo-2024-10,PNG,2004,3.46,20.83,1
weo-2024-10,PNG,2005,12.51,22.5,0
weo-2024-10,PNG,2006,12.18,6.92,1
weo-2024-10,PNG,2007,10.83,1.48,0
weo-2024-10,PNG,2008,11.33,23.61,1
weo-2024-10,PNG,2009,1.59,27.47,0
weo-2024-10,PNG,2010,21.05,-9.0,0
weo-2024-10,PNG,2011,10.04,17.94,1
weo-2024-10,PNG,2012,4.06,19.07,0
weo-2024-10,PNG,2013,7.55,33.28,1
weo-2024-10,PNG,2014,19.72,14.75,0
weo-2024-10,PNG,2015,5.27,-12.55,0
weo-2024-10,PNG,2016,8.15,-2.95,0
weo-2024-10,PNG,2017,11.51,-4.3,1
weo-2024-10,PNG,2018,9.49,21.08,1
weo-2024-10,PNG,2019,5.59,10.09,0
weo-2024-10,PNG,2020,-1.58,9.63,1
weo-2024-10,PNG,2021,11.04,3.74,1
weo-2024-10,PNG,2022,21.41,22.01,0
weo-2024-10,PNG,2023,0.08,0.16,1
weo-2024-10,POL,2002,3.98,5.43,1
weo-2024-10,POL,2003,4.3,5.1,1
weo-2024-10,POL,2004,10.14,5.22,0
weo-2024-10,POL,2005,6.16,8.83,1
weo-2024-10,POL,2006,7.97,8.77,0
weo-2024-10,POL,2007,11.04,7.45,0
weo-2024-10,POL,2008,8.26,11.81,0
weo-2024-10,POL,2009,6.72,8.01,1
weo-2024-10,POL,2010,4.54,7.42,1
weo-2024-10,POL,2011,8.32,3.67,0
weo-2024-10,POL,2012,3.8,1.03,1
weo-2024-10,POL,2013,1.08,1.39,1
weo-2024-10,POL,2014,4.32,4.5,1
weo-2024-10,POL,2015,5.76,3.29,0
weo-2024-10,POL,2016,3.04,2.12,1
weo-2024-10,POL,2017,6.99,7.61,0
weo-2024-10,POL,2018,7.25,7.68,0
weo-2024-10,POL,2019,7.62,8.95,0
weo-2024-10,POL,2020,2.15,18.39,1
weo-2024-10,POL,2021,12.56,3.07,0
weo-2024-10,POL,2022,16.85,14.39,0
weo-2024-10,POL,2023,10.91,17.7,1
weo-2024-10,PRI,2015,0.91,-2.84,0
weo-2024-10,PRI,2016,0.93,-3.6,1
weo-2024-10,PRI,2017,-0.85,3.99,1
weo-2024-10,PRI,2018,-2.41,-1.41,1
weo-2024-10,PRI,2019,4.13,-0.71,0
weo-2024-10,PRI,2020,-1.9,-0.25,1
weo-2024-10,PRI,2021,3.2,3.08,0
weo-2024-10,PRI,2022,6.71,10.49,0
weo-2024-10,PRI,2023,3.82,10.92,0
weo-2024-10,PRT,2002,4.99,5.07,1
weo-2024-10,PRT,2003,2.46,5.69,1
weo-2024-10,PRT,2004,4.23,6.11,0
weo-2024-10,PRT,2005,4.14,5.83,1
weo-2024-10,PRT,2006,4.86,0.62,1
weo-2024-10,PRT,2007,5.55,3.82,0
weo-2024-10,PRT,2008,2.06,3.68,1
weo-2024-10,PRT,2009,-2.06,9.18,1
weo-2024-10,PRT,2010,2.39,6.0,0
weo-2024-10,PRT,2011,-1.96,-7.91,1
weo-2024-10,PRT,2012,-4.43,-7.71,1
weo-2024-10,PRT,2013,1.31,3.88,1
weo-2024-10,PRT,2014,1.5,5.03,1
weo-2024-10,PRT,2015,3.85,-3.76,0
weo-2024-10,PRT,2016,3.77,-3.13,0
weo-2024-10,PRT,2017,5.07,7.14,0
weo-2024-10,PRT,2018,4.71,0.35,0
weo-2024-10,PRT,2019,4.48,3.44,0
weo-2024-10,PRT,2020,-6.46,9.74,1
weo-2024-10,PRT,2021,7.75,4.72,0
weo-2024-10,PRT,2022,12.17,4.99,0
weo-2024-10,PRT,2023,9.57,4.74,0
weo-2024-10,PRY,2002,17.92,8.24,1
weo-2024-10,PRY,2003,20.12,7.47,0
weo-2024-10,PRY,2004,16.37,15.17,1
weo-2024-10,PRY,2005,15.36,8.57,1
weo-2024-10,PRY,2006,14.09,17.6,0
weo-2024-10,PRY,2007,18.74,10.42,0
weo-2024-10,PRY,2008,19.52,9.47,0
weo-2024-10,PRY,2009,3.38,26.97,1
weo-2024-10,PRY,2010,16.27,11.59,0
weo-2024-10,PRY,2011,9.6,18.6,0
weo-2024-10,PRY,2012,4.06,24.26,1
weo-2024-10,PRY,2013,12.99,6.23,0
weo-2024-10,PRY,2014,8.31,5.65,0
weo-2024-10,PRY,2015,4.61,8.71,1
weo-2024-10,PRY,2016,8.58,6.3,0
weo-2024-10,PRY,2017,7.07,9.18,0
weo-2024-10,PRY,2018,5.23,7.28,1
weo-2024-10,PRY,2019,2.65,11.47,1
weo-2024-10,PRY,2020,1.37,12.99,1
weo-2024-10,PRY,2021,12.8,1.23,1
weo-2024-10,PRY,2022,8.24,5.86,1
weo-2024-10,PRY,2023,6.88,12.32,0
weo-2024-10,QAT,2002,10.49,12.62,0
weo-2024-10,QAT,2003,22.66,13.78,1
weo-2024-10,QAT,2004,29.24,39.36,0
weo-2024-10,QAT,2005,45.63,43.59,0
weo-2024-10,QAT,2006,31.35,35.09,0
weo-2024-10,QAT,2007,29.61,30.3,0
weo-2024-10,QAT,2008,48.21,18.74,0
weo-2024-10,QAT,2009,-21.69,19.78,0
weo-2024-10,QAT,2010,35.73,18.41,0
weo-2024-10,QAT,2011,40.15,23.24,0
weo-2024-10,QAT,2012,11.36,21.61,1
weo-2024-10,QAT,2013,6.37,-2.7,0
weo-2024-10,QAT,2014,3.77,19.62,0
weo-2024-10,QAT,2015,-21.57,-6.64,1
weo-2024-10,QAT,2016,-6.19,-2.19,1
weo-2024-10,QAT,2017,6.17,-8.62,1
weo-2024-10,QAT,2018,13.8,-6.18,1
weo-2024-10,QAT,2019,-3.8,7.87,1
weo-2024-10,QAT,2020,-18.12,-13.81,1
weo-2024-10,QAT,2021,24.46,6.1,1
weo-2024-10,QAT,2022,31.14,9.14,1
weo-2024-10,QAT,2023,-9.63,1.61,1
weo-2024-10,ROU,2002,29.71,28.56,0
weo-2024-10,ROU,2003,26.04,28.7,1
weo-2024-10,ROU,2004,27.5,39.65,0
weo-2024-10,ROU,2005,17.24,12.36,0
weo-2024-10,ROU,2006,19.49,27.22,0
weo-2024-10,ROU,2007,24.19,27.2,0
weo-2024-10,ROU,2008,26.81,29.24,0
weo-2024-10,ROU,2009,-1.66,0.22,1
weo-2024-10,ROU,2010,1.78,4.26,1
weo-2024-10,ROU,2011,8.67,0.85,0
weo-2024-10,ROU,2012,5.8,0.13,1
weo-2024-10,ROU,2013,1.66,3.93,1
weo-2024-10,ROU,2014,5.9,5.11,0
weo-2024-10,ROU,2015,6.53,8.75,1
weo-2024-10,ROU,2016,5.55,-1.98,1
weo-2024-10,ROU,2017,13.23,10.84,0
weo-2024-10,ROU,2018,12.62,14.37,0
weo-2024-10,ROU,2019,10.92,17.44,1
weo-2024-10,ROU,2020,0.28,14.89,1
weo-2024-10,ROU,2021,11.47,7.86,0
weo-2024-10,ROU,2022,17.85,15.66,1
weo-2024-10,ROU,2023,14.57,13.73,1
weo-2024-10,RUS,2002,21.1,33.23,0
weo-2024-10,RUS,2003,21.95,19.1,0
weo-2024-10,RUS,2004,28.91,18.22,0
weo-2024-10,RUS,2005,26.91,27.55,0
weo-2024-10,RUS,2006,24.56,23.74,0
weo-2024-10,RUS,2007,23.52,38.32,0
weo-2024-10,RUS,2008,24.15,23.69,0
weo-2024-10,RUS,2009,-5.98,14.94,1
weo-2024-10,RUS,2010,19.33,8.55,0
weo-2024-10,RUS,2011,21.15,12.92,0
weo-2024-10,RUS,2012,13.29,15.94,0
weo-2024-10,RUS,2013,7.17,8.94,1
weo-2024-10,RUS,2014,8.28,9.01,1
weo-2024-10,RUS,2015,5.13,6.59,1
weo-2024-10,RUS,2016,3.04,6.36,1
weo-2024-10,RUS,2017,7.27,1.84,1
weo-2024-10,RUS,2018,13.09,5.83,1
weo-2024-10,RUS,2019,5.53,10.01,1
weo-2024-10,RUS,2020,-1.78,14.14,1
weo-2024-10,RUS,2021,26.12,11.29,0
weo-2024-10,RUS,2022,14.3,17.54,1
weo-2024-10,RUS,2023,10.93,13.96,1
weo-2024-10,RWA,2002,7.35,15.1,0
weo-2024-10,RWA,2003,22.99,9.86,1
weo-2024-10,RWA,2004,19.3,15.21,1
weo-2024-10,RWA,2005,19.31,35.05,0
weo-2024-10,RWA,2006,11.91,15.99,0
weo-2024-10,RWA,2007,21.51,33.46,1
weo-2024-10,RWA,2008,27.27,27.84,0
weo-2024-10,RWA,2009,13.84,13.56,1
weo-2024-10,RWA,2010,10.76,18.1,1
weo-2024-10,RWA,2011,15.71,20.01,1
weo-2024-10,RWA,2012,13.77,13.2,0
weo-2024-10,RWA,2013,7.55,12.67,1
weo-2024-10,RWA,2014,11.19,17.3,1
weo-2024-10,RWA,2015,9.37,5.48,0
weo-2024-10,RWA,2016,11.3,4.45,1
weo-2024-10,RWA,2017,12.4,11.88,1
weo-2024-10,RWA,2018,7.86,12.99,0
weo-2024-10,RWA,2019,12.16,19.8,0
weo-2024-10,RWA,2020,3.1,21.96,1
weo-2024-10,RWA,2021,14.03,6.52,0
weo-2024-10,RWA,2022,25.38,17.15,0
weo-2024-10,RWA,2023,19.21,8.43,0
weo-2024-10,SAU,2002,2.97,1.06,1
weo-2024-10,SAU,2003,13.82,5.37,0
weo-2024-10,SAU,2004,19.89,15.81,0
weo-2024-10,SAU,2005,26.85,17.86,0
weo-2024-10,SAU,2006,14.68,12.27,1
weo-2024-10,SAU,2007,10.44,25.37,1
weo-2024-10,SAU,2008,25.05,14.76,0
weo-2024-10,SAU,2009,-17.45,10.07,1
weo-2024-10,SAU,2010,23.1,8.07,0
weo-2024-10,SAU,2011,28.1,27.49,0
weo-2024-10,SAU,2012,9.64,11.86,0
weo-2024-10,SAU,2013,1.62,9.19,1
weo-2024-10,SAU,2014,1.69,15.16,0
weo-2024-10,SAU,2015,-12.67,-9.46,0
weo-2024-10,SAU,2016,-0.52,-11.29,1
weo-2024-10,SAU,2017,7.36,-0.92,1
weo-2024-10,SAU,2018,18.4,18.81,1
weo-2024-10,SAU,2019,-0.95,-3.4,1
weo-2024-10,SAU,2020,-12.44,6.16,1
weo-2024-10,SAU,2021,19.05,-8.33,0
weo-2024-10,SAU,2022,26.82,14.39,0
weo-2024-10,SAU,2023,-3.7,9.65,1
weo-2024-10,SDN,2002,17.46,20.64,0
weo-2024-10,SDN,2003,16.71,38.43,0
weo-2024-10,SDN,2004,23.3,68.28,0
weo-2024-10,SDN,2005,24.72,52.48,0
weo-2024-10,SDN,2006,14.68,9.38,0
weo-2024-10,SDN,2007,21.92,28.45,0
weo-2024-10,SDN,2008,13.08,13.53,0
weo-2024-10,SDN,2009,-0.96,-6.66,1
weo-2024-10,SDN,2010,27.4,17.07,0
weo-2024-10,SDN,2011,22.27,28.25,1
weo-2024-10,SDN,2012,8.0,-3.4,1
weo-2024-10,SDN,2013,39.1,34.38,1
weo-2024-10,SDN,2014,40.32,20.17,0
weo-2024-10,SDN,2015,14.9,5.48,0
weo-2024-10,SDN,2016,46.92,20.45,0
weo-2024-10,SDN,2017,19.14,53.79,1
weo-2024-10,SDN,2018,53.72,106.58,1
weo-2024-10,SDN,2019,47.86,64.7,1
weo-2024-10,SDN,2020,154.47,49.61,1
weo-2024-10,SDN,2021,186.14,157.78,1
weo-2024-10,SDN,2022,28.41,131.85,1
weo-2024-10,SDN,2023,42.52,-34.2,1
weo-2024-10,SEN,2002,1.97,-0.6,1
weo-2024-10,SEN,2003,4.62,15.27,0
weo-2024-10,SEN,2004,4.5,11.43,0
weo-2024-10,SEN,2005,9.23,13.65,0
weo-2024-10,SEN,2006,5.28,20.69,1
weo-2024-10,SEN,2007,9.6,15.28,1
weo-2024-10,SEN,2008,12.22,5.82,1
weo-2024-10,SEN,2009,1.02,1.5,1
weo-2024-10,SEN,2010,5.05,7.21,1
weo-2024-10,SEN,2011,5.24,10.62,1
weo-2024-10,SEN,2012,7.41,6.25,1
weo-2024-10,SEN,2013,3.63,-0.65,1
weo-2024-10,SEN,2014,4.61,9.03,0
weo-2024-10,SEN,2015,7.5,5.86,0
weo-2024-10,SEN,2016,7.37,11.75,0
weo-2024-10,SEN,2017,8.05,-0.45,0
weo-2024-10,SEN,2018,5.32,5.38,0
weo-2024-10,SEN,2019,6.8,15.73,0
weo-2024-10,SEN,2020,2.83,13.13,1
weo-2024-10,SEN,2021,8.42,5.23,0
weo-2024-10,SEN,2022,12.95,15.6,1
weo-2024-10,SEN,2023,8.65,1.24,0
weo-2024-10,SLB,2002,8.16,-4.61,1
weo-2024-10,SLB,2003,13.19,3.5,0
weo-2024-10,SLB,2004,12.45,6.28,0
weo-2024-10,SLB,2005,20.67,43.21,0
weo-2024-10,SLB,2006,14.15,35.89,0
weo-2024-10,SLB,2007,15.79,23.82,0
weo-2024-10,SLB,2008,14.15,43.76,0
weo-2024-10,SLB,2009,9.43,1.87,1
weo-2024-10,SLB,2010,15.19,11.84,0
weo-2024-10,SLB,2011,17.48,33.22,0
weo-2024-10,SLB,2012,8.66,18.4,1
weo-2024-10,SLB,2013,7.71,53.8,0
weo-2024-10,SLB,2014,4.9,0.06,1
weo-2024-10,SLB,2015,5.09,9.44,1
weo-2024-10,SLB,2016,5.92,1.21,0
weo-2024-10,SLB,2017,5.73,7.75,1
weo-2024-10,SLB,2018,10.82,-4.4,1
weo-2024-10,SLB,2019,3.01,5.14,1
weo-2024-10,SLB,2020,-4.66,8.07,1
weo-2024-10,SLB,2021,-3.08,-24.39,1
weo-2024-10,SLB,2022,4.47,1.44,1
weo-2024-10,SLB,2023,7.09,12.27,0
weo-2024-10,SLE,2002,21.47,23.8,0
weo-2024-10,SLE,2003,24.87,17.85,0
weo-2024-10,SLE,2004,21.63,10.56,0
weo-2024-10,SLE,2005,24.46,27.13,0
weo-2024-10,SLE,2006,17.65,9.69,1
weo-2024-10,SLE,2007,10.57,-5.77,1
weo-2024-10,SLE,2008,13.38,50.42,1
weo-2024-10,SLE,2009,10.02,24.09,1
weo-2024-10,SLE,2010,29.23,41.96,0
weo-2024-10,SLE,2011,25.69,30.67,0
weo-2024-10,SLE,2012,19.6,22.7,0
weo-2024-10,SLE,2013,17.02,-1.09,0
weo-2024-10,SLE,2014,1.16,24.56,1
weo-2024-10,SLE,2015,15.95,13.76,1
weo-2024-10,SLE,2016,10.81,27.13,1
weo-2024-10,SLE,2017,13.23,6.65,1
weo-2024-10,SLE,2018,17.9,3.1,1
weo-2024-10,SLE,2019,15.96,13.55,0
weo-2024-10,SLE,2020,11.86,32.76,1
weo-2024-10,SLE,2021,13.77,53.87,0
weo-2024-10,SLE,2022,33.7,26.47,1
weo-2024-10,SLE,2023,36.59,18.6,0
weo-2024-10,SLV,2002,3.11,5.81,1
weo-2024-10,SLV,2003,4.58,3.23,1
weo-2024-10,SLV,2004,3.63,-2.74,1
weo-2024-10,SLV,2005,7.09,11.56,0
weo-2024-10,SLV,2006,8.86,12.77,0
weo-2024-10,SLV,2007,6.32,2.58,1
weo-2024-10,SLV,2008,5.73,15.4,1
weo-2024-10,SLV,2009,-2.14,3.65,1
weo-2024-10,SLV,2010,4.81,4.33,1
weo-2024-10,SLV,2011,9.95,9.4,0
weo-2024-10,SLV,2012,5.43,15.42,0
weo-2024-10,SLV,2013,2.83,6.63,1
weo-2024-10,SLV,2014,2.74,-0.8,1
weo-2024-10,SLV,2015,3.74,1.54,0
weo-2024-10,SLV,2016,3.21,3.93,0
weo-2024-10,SLV,2017,3.26,3.32,1
weo-2024-10,SLV,2018,4.17,0.34,0
weo-2024-10,SLV,2019,3.31,2.71,0
weo-2024-10,SLV,2020,-7.29,11.78,1
weo-2024-10,SLV,2021,16.54,11.73,0
weo-2024-10,SLV,2022,10.14,-2.06,0
weo-2024-10,SLV,2023,6.34,15.64,0
weo-2024-10,SOM,2014,9.79,26.73,1
weo-2024-10,SOM,2015,6.17,-16.26,0
weo-2024-10,SOM,2016,8.04,9.9,1
weo-2024-10,SOM,2017,11.66,73.48,0
weo-2024-10,SOM,2018,-4.6,12.66,1
weo-2024-10,SOM,2019,9.93,17.44,0
weo-2024-10,SOM,2020,-0.31,49.6,1
weo-2024-10,SOM,2021,9.92,-2.38,0
weo-2024-10,SOM,2022,7.58,56.51,1
weo-2024-10,SOM,2023,7.5,1.63,0
weo-2024-10,SRB,2002,27.13,62.68,0
weo-2024-10,SRB,2003,17.42,13.04,0
weo-2024-10,SRB,2004,17.88,14.97,0
weo-2024-10,SRB,2005,21.01,23.58,0
weo-2024-10,SRB,2006,18.09,25.79,0
weo-2024-10,SRB,2007,15.7,17.16,0
weo-2024-10,SRB,2008,15.25,24.41,0
weo-2024-10,SRB,2009,4.94,-1.48,1
weo-2024-10,SRB,2010,6.5,5.9,1
weo-2024-10,SRB,2011,11.13,7.38,1
weo-2024-10,SRB,2012,5.48,13.16,1
weo-2024-10,SRB,2013,8.17,-0.13,1
weo-2024-10,SRB,2014,0.95,6.06,1
weo-2024-10,SRB,2015,3.71,-2.19,1
weo-2024-10,SRB,2016,4.94,2.98,0
weo-2024-10,SRB,2017,5.13,1.43,1
weo-2024-10,SRB,2018,6.56,9.43,0
weo-2024-10,SRB,2019,6.88,10.96,0
weo-2024-10,SRB,2020,1.52,17.21,1
weo-2024-10,SRB,2021,13.94,10.52,0
weo-2024-10,SRB,2022,13.16,6.0,1
weo-2024-10,SRB,2023,14.83,15.16,1
weo-2024-10,STP,2002,14.6,-4.59,1
weo-2024-10,STP,2003,23.05,47.94,0
weo-2024-10,STP,2004,15.85,36.65,0
weo-2024-10,STP,2005,27.7,-9.05,0
weo-2024-10,STP,2006,25.61,-4.02,0
weo-2024-10,STP,2007,17.95,41.13,1
weo-2024-10,STP,2008,41.14,11.13,0
weo-2024-10,STP,2009,17.72,90.53,0
weo-2024-10,STP,2010,8.51,16.05,1
weo-2024-10,STP,2011,13.91,17.33,1
weo-2024-10,STP,2012,9.6,3.5,1
weo-2024-10,STP,2013,12.69,-20.99,0
weo-2024-10,STP,2014,9.76,10.48,0
weo-2024-10,STP,2015,6.11,22.67,1
weo-2024-10,STP,2016,12.6,4.63,0
weo-2024-10,STP,2017,8.36,-10.16,0
weo-2024-10,STP,2018,13.69,-0.04,0
weo-2024-10,STP,2019,13.51,-8.86,1
weo-2024-10,STP,2020,12.14,15.8,1
weo-2024-10,STP,2021,7.16,19.3,1
weo-2024-10,STP,2022,15.98,23.89,1
weo-2024-10,STP,2023,22.14,-8.55,1
weo-2024-10,SUR,2002,36.05,36.89,0
weo-2024-10,SUR,2003,30.02,7.06,0
weo-2024-10,SUR,2004,21.56,37.9,0
weo-2024-10,SUR,2005,19.6,21.7,0
weo-2024-10,SUR,2006,18.02,20.27,0
weo-2024-10,SUR,2007,11.85,15.36,0
weo-2024-10,SUR,2008,20.32,11.63,0
weo-2024-10,SUR,2009,9.7,25.92,0
weo-2024-10,SUR,2010,12.73,-0.25,0
weo-2024-10,SUR,2011,20.5,20.06,0
weo-2024-10,SUR,2012,13.71,45.33,1
weo-2024-10,SUR,2013,3.33,2.86,1
weo-2024-10,SUR,2014,1.85,4.8,1
weo-2024-10,SUR,2015,-5.42,-0.58,1
weo-2024-10,SUR,2016,17.98,4.54,1
weo-2024-10,SUR,2017,30.15,30.87,1
weo-2024-10,SUR,2018,10.89,4.9,0
weo-2024-10,SUR,2019,6.41,71.33,1
weo-2024-10,SUR,2020,22.02,-13.87,1
weo-2024-10,SUR,2021,56.86,58.89,1
weo-2024-10,SUR,2022,47.32,41.37,1
weo-2024-10,SUR,2023,54.49,42.93,1
weo-2024-10,SVK,2002,8.62,9.38,0
weo-2024-10,SVK,2003,11.12,1.28,0
weo-2024-10,SVK,2004,11.32,4.88,0
weo-2024-10,SVK,2005,9.33,15.69,0
weo-2024-10,SVK,2006,11.64,9.71,0
weo-2024-10,SVK,2007,12.07,4.68,0
weo-2024-10,SVK,2008,8.59,10.57,0
weo-2024-10,SVK,2009,-6.55,12.15,1
weo-2024-10,SVK,2010,7.29,1.66,0
weo-2024-10,SVK,2011,4.39,1.79,1
weo-2024-10,SVK,2012,2.6,1.36,1
weo-2024-10,SVK,2013,1.15,4.36,1
weo-2024-10,SVK,2014,2.5,4.49,1
weo-2024-10,SVK,2015,4.94,11.27,0
weo-2024-10,SVK,2016,1.42,-5.36,1
weo-2024-10,SVK,2017,4.19,-3.03,1
weo-2024-10,SVK,2018,6.15,6.79,0
weo-2024-10,SVK,2019,5.07,7.64,1
weo-2024-10,SVK,2020,-1.04,9.66,1
weo-2024-10,SVK,2021,7.27,9.05,0
weo-2024-10,SVK,2022,9.49,2.41,1
weo-2024-10,SVK,2023,11.89,27.31,1
weo-2024-10,SVN,2002,11.15,8.04,0
weo-2024-10,SVN,2003,9.04,9.24,0
weo-2024-10,SVN,2004,8.06,6.6,0
weo-2024-10,SVN,2005,5.41,5.06,0
weo-2024-10,SVN,2006,8.26,6.34,0
weo-2024-10,SVN,2007,11.64,6.43,0
weo-2024-10,SVN,2008,8.03,13.2,0
weo-2024-10,SVN,2009,-5.07,4.79,1
weo-2024-10,SVN,2010,0.62,1.69,1
weo-2024-10,SVN,2011,2.03,2.79,1
weo-2024-10,SVN,2012,-2.31,-5.12,1
weo-2024-10,SVN,2013,0.3,15.07,1
weo-2024-10,SVN,2014,3.41,-11.42,1
weo-2024-10,SVN,2015,3.28,0.9,1
weo-2024-10,SVN,2016,3.95,-1.35,1
weo-2024-10,SVN,2017,6.53,2.15,0
weo-2024-10,SVN,2018,6.66,6.23,0
weo-2024-10,SVN,2019,5.93,6.21,0
weo-2024-10,SVN,2020,-2.94,15.49,1
weo-2024-10,SVN,2021,11.31,7.71,0
weo-2024-10,SVN,2022,9.39,4.81,1
weo-2024-10,SVN,2023,12.37,10.21,1
weo-2024-10,SWE,2002,3.94,5.3,1
weo-2024-10,SWE,2003,3.76,5.87,1
weo-2024-10,SWE,2004,4.61,2.29,0
weo-2024-10,SWE,2005,3.58,3.37,0
weo-2024-10,SWE,2006,6.5,4.07,0
weo-2024-10,SWE,2007,6.24,3.12,0
weo-2024-10,SWE,2008,2.41,4.54,1
weo-2024-10,SWE,2009,-2.0,2.74,1
weo-2024-10,SWE,2010,6.84,3.02,0
weo-2024-10,SWE,2011,4.32,2.69,0
weo-2024-10,SWE,2012,0.53,3.33,1
weo-2024-10,SWE,2013,2.16,3.66,1
weo-2024-10,SWE,2014,4.17,2.74,0
weo-2024-10,SWE,2015,6.76,4.16,0
weo-2024-10,SWE,2016,4.04,4.53,0
weo-2024-10,SWE,2017,4.09,3.69,1
weo-2024-10,SWE,2018,4.57,5.54,1
weo-2024-10,SWE,2019,5.03,3.22,0
weo-2024-10,SWE,2020,-0.25,5.92,1
weo-2024-10,SWE,2021,8.84,2.61,0
weo-2024-10,SWE,2022,7.33,5.1,1
weo-2024-10,SWE,2023,5.81,5.21,1
weo-2024-10,SWZ,2002,13.69,15.29,0
weo-2024-10,SWZ,2003,10.12,7.03,0
weo-2024-10,SWZ,2004,7.64,31.97,0
weo-2024-10,SWZ,2005,12.95,4.56,0
weo-2024-10,SWZ,2006,10.28,5.73,0
weo-2024-10,SWZ,2007,9.67,21.64,0
weo-2024-10,SWZ,2008,11.33,21.95,1
weo-2024-10,SWZ,2009,11.49,12.59,1
weo-2024-10,SWZ,2010,7.11,-1.62,0
weo-2024-10,SWZ,2011,7.71,-12.21,1
weo-2024-10,SWZ,2012,14.62,21.9,0
weo-2024-10,SWZ,2013,10.65,17.6,0
weo-2024-10,SWZ,2014,8.14,22.43,1
weo-2024-10,SWZ,2015,7.9,15.53,1
weo-2024-10,SWZ,2016,8.38,8.75,1
weo-2024-10,SWZ,2017,4.55,6.43,1
weo-2024-10,SWZ,2018,5.28,3.33,1
weo-2024-10,SWZ,2019,5.14,-0.12,1
weo-2024-10,SWZ,2020,0.96,0.34,1
weo-2024-10,SWZ,2021,9.34,-4.45,0
weo-2024-10,SWZ,2022,9.31,11.11,1
weo-2024-10,SWZ,2023,14.32,11.73,0
weo-2024-10,SYR,2002,10.69,12.72,0
weo-2024-10,SYR,2003,-3.93,10.12,1
weo-2024-10,SYR,2004,17.94,12.47,0
weo-2024-10,SYR,2005,18.91,5.48,0
weo-2024-10,SYR,2006,14.6,7.29,1
weo-2024-10,SYR,2007,17.05,15.27,0
weo-2024-10,SYR,2008,21.14,8.5,1
weo-2024-10,SYR,2009,2.97,20.44,0
weo-2024-10,SYR,2010,10.75,19.26,1
weo-2024-10,TCD,2002,10.56,27.02,0
weo-2024-10,TCD,2003,14.79,26.15,0
weo-2024-10,TCD,2004,46.66,-3.54,0
weo-2024-10,TCD,2005,33.3,20.8,0
weo-2024-10,TCD,2006,11.69,33.74,1
weo-2024-10,TCD,2007,7.2,32.41,1
weo-2024-10,TCD,2008,11.55,24.09,1
weo-2024-10,TCD,2009,-4.42,29.69,1
weo-2024-10,TCD,2010,15.44,11.99,0
weo-2024-10,TCD,2011,8.33,-0.77,1
weo-2024-10,TCD,2012,7.83,18.78,0
weo-2024-10,TCD,2013,1.26,-3.68,0
weo-2024-10,TCD,2014,7.59,3.44,0
weo-2024-10,TCD,2015,-4.61,-27.08,1
weo-2024-10,TCD,2016,-7.38,-30.62,1
weo-2024-10,TCD,2017,-2.42,4.12,1
weo-2024-10,TCD,2018,9.83,-3.55,0
weo-2024-10,TCD,2019,2.66,14.5,0
weo-2024-10,TCD,2020,-3.89,32.5,1
weo-2024-10,TCD,2021,5.13,1.13,1
weo-2024-10,TCD,2022,14.61,12.86,1
weo-2024-10,TCD,2023,5.49,38.92,0
weo-2024-10,TGO,2002,9.05,-17.19,1
weo-2024-10,TGO,2003,3.63,10.62,0
weo-2024-10,TGO,2004,-2.87,17.54,1
weo-2024-10,TGO,2005,0.94,33.98,1
weo-2024-10,TGO,2006,2.13,14.86,1
weo-2024-10,TGO,2007,8.59,-5.51,1
weo-2024-10,TGO,2008,13.48,9.7,1
weo-2024-10,TGO,2009,8.74,25.3,1
weo-2024-10,TGO,2010,5.76,11.81,0
weo-2024-10,TGO,2011,8.81,20.98,0
weo-2024-10,TGO,2012,8.16,24.06,0
weo-2024-10,TGO,2013,7.61,14.35,0
weo-2024-10,TGO,2014,6.14,11.93,0
weo-2024-10,TGO,2015,7.79,9.15,0
weo-2024-10,TGO,2016,5.73,6.98,0
weo-2024-10,TGO,2017,3.09,-27.09,1
weo-2024-10,TGO,2018,5.27,19.57,1
weo-2024-10,TGO,2019,4.93,-10.66,1
weo-2024-10,TGO,2020,3.81,53.11,1
weo-2024-10,TGO,2021,8.66,-0.06,0
weo-2024-10,TGO,2022,9.68,31.43,0
weo-2024-10,TGO,2023,8.65,9.93,0
weo-2024-10,THA,2002,7.94,30.48,0
weo-2024-10,THA,2003,9.49,-18.62,0
weo-2024-10,THA,2004,10.08,15.18,0
weo-2024-10,THA,2005,9.49,12.08,0
weo-2024-10,THA,2006,10.33,4.74,0
weo-2024-10,THA,2007,8.04,16.89,0
weo-2024-10,THA,2008,6.95,5.42,1
weo-2024-10,THA,2009,-0.5,10.62,1
weo-2024-10,THA,2010,11.9,13.61,0
weo-2024-10,THA,2011,4.61,2.03,1
weo-2024-10,THA,2012,9.29,9.36,0
weo-2024-10,THA,2013,4.51,6.64,1
weo-2024-10,THA,2014,2.44,4.74,1
weo-2024-10,THA,2015,3.88,4.51,1
weo-2024-10,THA,2016,6.16,1.77,0
weo-2024-10,THA,2017,6.16,6.45,0
weo-2024-10,THA,2018,5.71,4.62,0
weo-2024-10,THA,2019,3.15,0.2,1
weo-2024-10,THA,2020,-7.27,15.62,1
weo-2024-10,THA,2021,3.37,7.49,1
weo-2024-10,THA,2022,7.35,-2.6,1
weo-2024-10,THA,2023,3.13,-2.73,1
weo-2024-10,TJK,2002,33.14,45.5,0
weo-2024-10,TJK,2003,42.25,46.98,0
weo-2024-10,TJK,2004,29.42,41.89,0
weo-2024-10,TJK,2005,16.95,34.07,1
weo-2024-10,TJK,2006,28.76,21.38,1
weo-2024-10,TJK,2007,37.83,29.64,0
weo-2024-10,TJK,2008,37.79,37.78,0
weo-2024-10,TJK,2009,17.11,36.24,1
weo-2024-10,TJK,2010,19.79,31.52,1
weo-2024-10,TJK,2011,21.71,13.98,1
weo-2024-10,TJK,2012,20.26,22.31,0
weo-2024-10,TJK,2013,12.07,23.78,1
weo-2024-10,TJK,2014,12.54,13.45,1
weo-2024-10,TJK,2015,6.13,23.85,1
weo-2024-10,TJK,2016,13.2,15.23,1
weo-2024-10,TJK,2017,17.6,22.66,1
weo-2024-10,TJK,2018,10.28,-1.46,0
weo-2024-10,TJK,2019,11.33,4.56,0
weo-2024-10,TJK,2020,6.13,7.12,1
weo-2024-10,TJK,2021,20.39,14.15,0
weo-2024-10,TJK,2022,14.51,16.49,0
weo-2024-10,TJK,2023,11.44,24.04,0
weo-2024-10,TLS,2003,4.46,-10.53,1
weo-2024-10,TLS,2004,-10.13,-16.82,1
weo-2024-10,TLS,2005,4.88,-17.49,0
weo-2024-10,TLS,2006,-1.83,0.7,1
weo-2024-10,TLS,2007,19.61,51.56,0
weo-2024-10,TLS,2008,19.47,92.78,0
weo-2024-10,TLS,2009,12.09,11.61,0
weo-2024-10,TLS,2010,21.32,20.77,0
weo-2024-10,TLS,2011,18.21,29.9,0
weo-2024-10,TLS,2012,11.32,8.02,0
weo-2024-10,TLS,2013,20.26,-10.6,0
weo-2024-10,TLS,2014,3.71,19.72,0
weo-2024-10,TLS,2015,10.16,-2.92,1
weo-2024-10,TLS,2016,3.53,18.01,0
weo-2024-10,TLS,2017,-2.12,-24.91,1
weo-2024-10,TLS,2018,-1.96,-3.85,1
weo-2024-10,TLS,2019,29.3,4.77,1
weo-2024-10,TLS,2020,5.6,-5.43,1
weo-2024-10,TLS,2021,67.48,22.92,1
weo-2024-10,TLS,2022,-11.52,18.78,0
weo-2024-10,TLS,2023,-25.78,-12.12,1
weo-2024-10,TON,2002,12.39,25.33,0
weo-2024-10,TON,2003,11.46,4.6,1
weo-2024-10,TON,2004,6.27,1.64,1
weo-2024-10,TON,2005,7.54,10.13,1
weo-2024-10,TON,2006,15.69,51.81,1
weo-2024-10,TON,2007,1.83,-7.69,1
weo-2024-10,TON,2008,9.51,12.79,0
weo-2024-10,TON,2009,-0.48,-1.57,1
weo-2024-10,TON,2010,8.61,29.68,1
weo-2024-10,TON,2011,7.33,23.56,0
weo-2024-10,TON,2012,-4.78,-6.6,0
weo-2024-10,TON,2013,-2.33,16.03,1
weo-2024-10,TON,2014,3.4,-6.54,0
weo-2024-10,TON,2015,5.7,27.16,0
weo-2024-10,TON,2016,9.63,9.14,0
weo-2024-10,TON,2017,8.77,16.58,0
weo-2024-10,TON,2018,5.46,5.66,0
weo-2024-10,TON,2019,4.31,5.46,1
weo-2024-10,TON,2020,0.42,-3.15,0
weo-2024-10,TON,2021,2.44,22.54,1
weo-2024-10,TON,2022,4.28,-1.18,1
weo-2024-10,TON,2023,12.33,10.53,0
weo-2024-10,TTO,2002,2.35,0.96,0
weo-2024-10,TTO,2003,26.24,14.12,0
weo-2024-10,TTO,2004,17.59,23.61,0
weo-2024-10,TTO,2005,20.04,47.89,0
weo-2024-10,TTO,2006,15.26,40.59,0
weo-2024-10,TTO,2007,18.23,-4.55,0
weo-2024-10,TTO,2008,27.73,33.52,0
weo-2024-10,TTO,2009,-30.37,-4.74,1
weo-2024-10,TTO,2010,16.3,-4.3,0
weo-2024-10,TTO,2011,15.11,12.9,1
weo-2024-10,TTO,2012,6.33,6.14,0
weo-2024-10,TTO,2013,5.24,12.96,0
weo-2024-10,TTO,2014,2.9,7.16,0
weo-2024-10,TTO,2015,-9.44,-3.88,1
weo-2024-10,TTO,2016,-8.21,-17.69,1
weo-2024-10,TTO,2017,3.02,-2.79,1
weo-2024-10,TTO,2018,2.07,-2.59,1
weo-2024-10,TTO,2019,-3.46,0.71,1
weo-2024-10,TTO,2020,-12.53,3.63,1
weo-2024-10,TTO,2021,17.86,-2.86,1
weo-2024-10,TTO,2022,22.61,5.7,1
weo-2024-10,TTO,2023,-6.81,7.6,1
weo-2024-10,TUN,2002,3.64,4.33,1
weo-2024-10,TUN,2003,7.51,5.32,0
weo-2024-10,TUN,2004,9.8,7.48,0
weo-2024-10,TUN,2005,7.81,7.95,0
weo-2024-10,TUN,2006,9.28,8.63,0
weo-2024-10,TUN,2007,8.98,11.96,0
weo-2024-10,TUN,2008,10.85,14.22,0
weo-2024-10,TUN,2009,6.16,11.15,0
weo-2024-10,TUN,2010,7.46,5.27,0
weo-2024-10,TUN,2011,2.43,20.26,1
weo-2024-10,TUN,2012,9.07,11.18,0
weo-2024-10,TUN,2013,7.04,16.6,1
weo-2024-10,TUN,2014,7.9,-3.64,0
weo-2024-10,TUN,2015,5.22,4.01,1
weo-2024-10,TUN,2016,6.11,4.1,1
weo-2024-10,TUN,2017,7.06,12.94,1
weo-2024-10,TUN,2018,10.76,9.48,1
weo-2024-10,TUN,2019,8.84,11.88,1
weo-2024-10,TUN,2020,-2.82,13.31,1
weo-2024-10,TUN,2021,9.47,5.88,0
weo-2024-10,TUN,2022,5.81,15.37,1
weo-2024-10,TUN,2023,8.93,4.13,1
weo-2024-10,TUR,2002,46.45,44.51,0
weo-2024-10,TUR,2003,30.39,27.06,0
weo-2024-10,TUR,2004,23.44,19.35,0
weo-2024-10,TUR,2005,16.71,22.15,0
weo-2024-10,TUR,2006,16.98,24.46,0
weo-2024-10,TUR,2007,11.56,9.91,1
weo-2024-10,TUR,2008,12.96,17.96,1
weo-2024-10,TUR,2009,0.36,11.68,1
weo-2024-10,TUR,2010,16.03,12.83,0
weo-2024-10,TUR,2011,20.32,13.96,0
weo-2024-10,TUR,2012,12.57,17.5,1
weo-2024-10,TUR,2013,15.3,14.48,0
weo-2024-10,TUR,2014,12.69,9.94,1
weo-2024-10,TUR,2015,14.41,14.28,0
weo-2024-10,TUR,2016,11.72,18.22,1
weo-2024-10,TUR,2017,19.31,15.17,0
weo-2024-10,TUR,2018,20.02,26.08,1
weo-2024-10,TUR,2019,14.8,17.7,1
weo-2024-10,TUR,2020,16.92,14.04,1
weo-2024-10,TUR,2021,43.73,28.88,0
weo-2024-10,TUR,2022,106.88,83.7,1
weo-2024-10,TUR,2023,76.83,112.37,1
weo-2024-10,TZA,2002,14.77,29.97,0
weo-2024-10,TZA,2003,15.92,33.36,0
weo-2024-10,TZA,2004,15.4,28.2,0
weo-2024-10,TZA,2005,14.27,22.35,0
weo-2024-10,TZA,2006,21.9,17.07,1
weo-2024-10,TZA,2007,14.9,16.3,0
weo-2024-10,TZA,2008,22.39,25.1,1
weo-2024-10,TZA,2009,15.14,25.89,1
weo-2024-10,TZA,2010,16.19,17.36,1
weo-2024-10,TZA,2011,20.36,15.11,0
weo-2024-10,TZA,2012,16.44,18.47,1
weo-2024-10,TZA,2013,17.1,10.72,0
weo-2024-10,TZA,2014,13.19,2.49,0
weo-2024-10,TZA,2015,14.22,12.51,1
weo-2024-10,TZA,2016,14.85,12.94,0
weo-2024-10,TZA,2017,11.07,6.59,1
weo-2024-10,TZA,2018,3.02,7.84,0
weo-2024-10,TZA,2019,8.5,8.72,0
weo-2024-10,TZA,2020,8.06,9.77,1
weo-2024-10,TZA,2021,7.42,13.57,1
weo-2024-10,TZA,2022,9.38,12.85,1
weo-2024-10,TZA,2023,10.4,8.48,1
weo-2024-10,UGA,2002,10.1,12.99,0
weo-2024-10,UGA,2003,13.13,9.25,1
weo-2024-10,UGA,2004,13.59,7.17,1
weo-2024-10,UGA,2005,14.01,6.64,0
weo-2024-10,UGA,2006,16.22,10.72,0
weo-2024-10,UGA,2007,17.05,13.17,0
weo-2024-10,UGA,2008,27.79,24.96,0
weo-2024-10,UGA,2009,26.91,15.64,0
weo-2024-10,UGA,2010,9.81,47.17,0
weo-2024-10,UGA,2011,29.08,9.21,0
weo-2024-10,UGA,2012,11.69,8.52,1
weo-2024-10,UGA,2013,7.94,9.13,1
weo-2024-10,UGA,2014,8.03,9.06,1
weo-2024-10,UGA,2015,8.03,17.86,0
weo-2024-10,UGA,2016,5.93,3.17,1
weo-2024-10,UGA,2017,10.33,19.59,0
weo-2024-10,UGA,2018,11.28,12.53,1
weo-2024-10,UGA,2019,10.35,23.97,0
weo-2024-10,UGA,2020,0.79,19.65,1
weo-2024-10,UGA,2021,8.66,5.18,1
weo-2024-10,UGA,2022,14.1,4.87,1
weo-2024-10,UGA,2023,8.76,1.6,1
weo-2024-10,UKR,2002,10.87,16.92,0
weo-2024-10,UKR,2003,18.46,22.73,0
weo-2024-10,UKR,2004,28.91,38.42,0
weo-2024-10,UKR,2005,27.91,36.57,1
weo-2024-10,UKR,2006,23.55,25.01,0
weo-2024-10,UKR,2007,32.93,30.5,0
weo-2024-10,UKR,2008,31.91,42.46,1
weo-2024-10,UKR,2009,-4.42,-2.66,1
weo-2024-10,UKR,2010,18.32,18.48,0
weo-2024-10,UKR,2011,20.44,10.84,0
weo-2024-10,UKR,2012,8.05,16.25,1
weo-2024-10,UKR,2013,4.31,1.23,1
weo-2024-10,UKR,2014,8.31,-1.64,1
weo-2024-10,UKR,2015,25.31,17.49,1
weo-2024-10,UKR,2016,19.96,13.2,1
weo-2024-10,UKR,2017,24.98,29.18,1
weo-2024-10,UKR,2018,19.42,21.67,0
weo-2024-10,UKR,2019,11.71,11.22,0
weo-2024-10,UKR,2020,6.16,17.86,1
weo-2024-10,UKR,2021,29.11,13.8,0
weo-2024-10,UKR,2022,-3.88,59.07,1
weo-2024-10,UKR,2023,24.79,41.28,0
weo-2024-10,URY,2002,3.91,-2.61,1
weo-2024-10,URY,2003,17.48,10.44,1
weo-2024-10,URY,2004,15.61,12.95,0
weo-2024-10,URY,2005,8.19,9.05,0
weo-2024-10,URY,2006,10.9,13.8,0
weo-2024-10,URY,2007,16.58,18.54,0
weo-2024-10,URY,2008,15.78,17.9,0
weo-2024-10,URY,2009,12.32,17.44,0
weo-2024-10,URY,2010,13.09,15.53,0
weo-2024-10,URY,2011,14.64,9.83,0
weo-2024-10,URY,2012,12.4,19.22,1
weo-2024-10,URY,2013,13.17,17.88,0
weo-2024-10,URY,2014,12.91,14.23,1
weo-2024-10,URY,2015,9.42,6.39,1
weo-2024-10,URY,2016,9.16,13.31,1
weo-2024-10,URY,2017,7.52,8.02,1
weo-2024-10,URY,2018,7.7,9.93,1
weo-2024-10,URY,2019,9.26,10.88,1
weo-2024-10,URY,2020,2.79,9.39,1
weo-2024-10,URY,2021,17.36,9.66,0
weo-2024-10,URY,2022,9.15,9.01,0
weo-2024-10,URY,2023,3.81,5.5,1
weo-2024-10,USA,2002,3.28,7.03,1
weo-2024-10,USA,2003,4.83,6.43,0
weo-2024-10,USA,2004,6.64,5.8,0
weo-2024-10,USA,2005,6.73,7.1,0
weo-2024-10,USA,2006,5.95,5.27,0
weo-2024-10,USA,2007,4.77,7.3,1
weo-2024-10,USA,2008,2.04,10.28,1
weo-2024-10,USA,2009,-1.98,10.28,1
weo-2024-10,USA,2010,3.94,-0.72,0
weo-2024-10,USA,2011,3.66,0.27,1
weo-2024-10,USA,2012,4.19,-0.05,1
weo-2024-10,USA,2013,3.86,0.27,1
weo-2024-10,USA,2014,4.31,2.92,0
weo-2024-10,USA,2015,3.9,3.4,0
weo-2024-10,USA,2016,2.79,3.27,1
weo-2024-10,USA,2017,4.29,3.76,1
weo-2024-10,USA,2018,5.33,5.12,0
weo-2024-10,USA,2019,4.28,5.59,0
weo-2024-10,USA,2020,-0.86,25.71,1
weo-2024-10,USA,2021,10.9,5.14,0
weo-2024-10,USA,2022,9.82,-8.76,1
weo-2024-10,USA,2023,6.59,4.39,0
weo-2024-10,UZB,2002,51.26,71.82,1
weo-2024-10,UZB,2003,32.05,20.34,1
weo-2024-10,UZB,2004,24.63,16.31,0
weo-2024-10,UZB,2005,29.87,24.0,1
weo-2024-10,UZB,2006,30.37,14.88,0
weo-2024-10,UZB,2007,35.78,36.58,0
weo-2024-10,UZB,2008,33.92,43.05,0
weo-2024-10,UZB,2009,29.93,34.93,0
weo-2024-10,UZB,2010,28.4,23.51,0
weo-2024-10,UZB,2011,30.78,17.21,0
weo-2024-10,UZB,2012,23.59,25.6,0
weo-2024-10,UZB,2013,20.16,26.78,0
weo-2024-10,UZB,2014,21.86,20.14,1
weo-2024-10,UZB,2015,18.48,17.1,0
weo-2024-10,UZB,2016,15.39,9.59,1
weo-2024-10,UZB,2017,39.55,19.64,1
weo-2024-10,UZB,2018,32.88,49.15,1
weo-2024-10,UZB,2019,25.55,35.27,1
weo-2024-10,UZB,2020,12.34,20.29,1
weo-2024-10,UZB,2021,22.83,30.38,0
weo-2024-10,UZB,2022,21.33,37.97,1
weo-2024-10,UZB,2023,19.75,13.98,1
weo-2024-10,VCT,2002,5.56,11.71,0
weo-2024-10,VCT,2003,4.37,5.36,0
weo-2024-10,VCT,2004,8.02,3.69,0
weo-2024-10,VCT,2005,5.46,11.88,1
weo-2024-10,VCT,2006,10.96,7.29,0
weo-2024-10,VCT,2007,10.89,16.59,0
weo-2024-10,VCT,2008,2.67,9.87,1
weo-2024-10,VCT,2009,-2.51,6.16,1
weo-2024-10,VCT,2010,0.86,0.88,1
weo-2024-10,VCT,2011,-0.92,-5.52,1
weo-2024-10,VCT,2012,2.27,-8.52,1
weo-2024-10,VCT,2013,4.76,16.86,0
weo-2024-10,VCT,2014,0.8,6.48,1
weo-2024-10,VCT,2015,2.03,-9.42,0
weo-2024-10,VCT,2016,3.53,3.87,0
weo-2024-10,VCT,2017,3.65,-0.8,1
weo-2024-10,VCT,2018,4.77,3.65,0
weo-2024-10,VCT,2019,2.96,14.71,1
weo-2024-10,VCT,2020,-5.04,8.24,1
weo-2024-10,VCT,2021,2.79,15.14,1
weo-2024-10,VCT,2022,11.31,8.04,0
weo-2024-10,VCT,2023,9.49,17.85,0
weo-2024-10,VNM,2002,11.32,14.37,0
weo-2024-10,VNM,2003,14.5,29.06,0
weo-2024-10,VNM,2004,27.04,11.21,0
weo-2024-10,VNM,2005,17.28,25.7,0
weo-2024-10,VNM,2006,16.14,15.5,0
weo-2024-10,VNM,2007,17.45,26.6,0
weo-2024-10,VNM,2008,29.62,24.0,1
weo-2024-10,VNM,2009,11.95,31.1,1
weo-2024-10,VNM,2010,19.27,12.89,1
weo-2024-10,VNM,2011,29.2,15.53,1
weo-2024-10,VNM,2012,15.08,26.97,1
weo-2024-10,VNM,2013,9.82,13.53,1
weo-2024-10,VNM,2014,10.36,1.6,1
weo-2024-10,VNM,2015,5.15,11.0,0
weo-2024-10,VNM,2016,8.63,-0.51,1
weo-2024-10,VNM,2017,11.61,7.75,0
weo-2024-10,VNM,2018,11.36,5.69,0
weo-2024-10,VNM,2019,9.96,6.85,0
weo-2024-10,VNM,2020,4.37,12.91,1
weo-2024-10,VNM,2021,5.51,0.2,1
weo-2024-10,VNM,2022,12.5,3.01,0
weo-2024-10,VNM,2023,7.05,15.19,1
weo-2024-10,VUT,2002,-2.47,-3.01,1
weo-2024-10,VUT,2003,5.12,-12.21,0
weo-2024-10,VUT,2004,6.19,4.2,0
weo-2024-10,VUT,2005,5.75,5.12,0
weo-2024-10,VUT,2006,12.66,25.07,0
weo-2024-10,VUT,2007,8.82,22.41,1
weo-2024-10,VUT,2008,13.17,41.09,0
weo-2024-10,VUT,2009,5.67,5.04,0
weo-2024-10,VUT,2010,2.75,5.64,1
weo-2024-10,VUT,2011,6.01,-6.44,0
weo-2024-10,VUT,2012,0.54,-2.59,1
weo-2024-10,VUT,2013,3.48,-3.71,1
weo-2024-10,VUT,2014,4.57,6.72,0
weo-2024-10,VUT,2015,6.25,103.27,1
weo-2024-10,VUT,2016,6.34,-13.39,0
weo-2024-10,VUT,2017,12.02,16.82,0
weo-2024-10,VUT,2018,6.2,-6.42,1
weo-2024-10,VUT,2019,6.63,28.4,0
weo-2024-10,VUT,2020,-2.35,6.71,1
weo-2024-10,VUT,2021,-0.86,1.16,1
weo-2024-10,VUT,2022,13.36,11.01,1
weo-2024-10,VUT,2023,9.34,7.79,1
weo-2024-10,ZAF,2002,16.7,17.62,0
weo-2024-10,ZAF,2003,9.53,14.13,0
weo-2024-10,ZAF,2004,10.87,12.37,0
weo-2024-10,ZAF,2005,11.17,26.27,0
weo-2024-10,ZAF,2006,12.01,10.8,0
weo-2024-10,ZAF,2007,14.05,14.1,0
weo-2024-10,ZAF,2008,11.29,20.0,0
weo-2024-10,ZAF,2009,6.99,17.89,1
weo-2024-10,ZAF,2010,9.35,8.11,0
weo-2024-10,ZAF,2011,8.88,7.5,0
weo-2024-10,ZAF,2012,7.19,8.85,1
weo-2024-10,ZAF,2013,8.47,8.8,0
weo-2024-10,ZAF,2014,6.86,8.07,1
weo-2024-10,ZAF,2015,6.94,9.67,1
weo-2024-10,ZAF,2016,7.66,5.97,1
weo-2024-10,ZAF,2017,6.69,5.92,1
weo-2024-10,ZAF,2018,5.61,6.27,1
weo-2024-10,ZAF,2019,4.89,9.02,1
weo-2024-10,ZAF,2020,-1.11,8.5,1
weo-2024-10,ZAF,2021,11.82,3.79,0
weo-2024-10,ZAF,2022,7.0,3.34,1
weo-2024-10,ZAF,2023,5.54,6.77,1
weo-2024-10,ZMB,2002,24.77,16.37,1
weo-2024-10,ZMB,2003,25.78,25.27,0
weo-2024-10,ZMB,2004,28.14,8.59,0
weo-2024-10,ZMB,2005,25.09,24.31,0
weo-2024-10,ZMB,2006,23.6,10.91,0
weo-2024-10,ZMB,2007,22.41,25.68,0
weo-2024-10,ZMB,2008,19.24,16.01,0
weo-2024-10,ZMB,2009,15.29,5.26,0
weo-2024-10,ZMB,2010,25.69,27.09,0
weo-2024-10,ZMB,2011,17.3,30.83,0
weo-2024-10,ZMB,2012,15.12,27.21,0
weo-2024-10,ZMB,2013,15.28,26.63,1
weo-2024-10,ZMB,2014,10.39,8.21,1
weo-2024-10,ZMB,2015,9.77,23.15,1
weo-2024-10,ZMB,2016,17.84,-2.68,1
weo-2024-10,ZMB,2017,13.95,16.75,1
weo-2024-10,ZMB,2018,11.75,22.33,1
weo-2024-10,ZMB,2019,9.19,8.9,1
weo-2024-10,ZMB,2020,10.74,35.78,1
weo-2024-10,ZMB,2021,32.95,15.57,0
weo-2024-10,ZMB,2022,11.67,0.46,1
weo-2024-10,ZMB,2023,15.24,9.38,1
weo-2024-10,ZWE,2006,-10.0,-56.8,1
weo-2024-10,ZWE,2007,-4.38,-46.39,1
weo-2024-10,ZWE,2008,-13.84,-58.35,1
weo-2024-10,ZWE,2010,24.58,125.03,0
weo-2024-10,ZWE,2011,17.11,53.45,0
weo-2024-10,ZWE,2012,21.37,8.03,0
weo-2024-10,ZWE,2013,11.55,9.28,1
weo-2024-10,ZWE,2014,2.12,0.61,0
weo-2024-10,ZWE,2015,2.4,3.48,1
weo-2024-10,ZWE,2016,2.93,19.4,1
weo-2024-10,ZWE,2017,7.26,25.34,0
weo-2024-10,ZWE,2018,67.52,20.11,0
weo-2026-04,AFG,2005,23.85,28.24,0
weo-2026-04,AFG,2006,13.41,32.44,0
weo-2026-04,AFG,2007,23.62,45.3,0
weo-2026-04,AFG,2008,21.06,18.03,0
weo-2026-04,AFG,2009,17.34,18.75,0
weo-2026-04,AFG,2010,17.21,15.24,0
weo-2026-04,AFG,2011,17.49,23.48,0
weo-2026-04,AFG,2012,23.6,41.23,0
weo-2026-04,AFG,2013,8.05,7.78,0
weo-2026-04,AFG,2014,5.93,7.97,1
weo-2026-04,AFG,2015,3.68,5.83,1
weo-2026-04,AFG,2016,-0.3,7.67,1
weo-2026-04,AFG,2017,5.11,3.98,1
weo-2026-04,AFG,2018,3.29,7.82,1
weo-2026-04,AFG,2019,10.69,7.17,0
weo-2026-04,AFG,2020,5.29,5.06,1
weo-2026-04,AFG,2021,-19.14,-48.09,1
weo-2026-04,AFG,2022,2.58,-7.75,1
weo-2026-04,AFG,2023,5.26,9.76,1
weo-2026-04,AGO,2002,175.99,163.89,0
weo-2026-04,AGO,2003,101.39,127.94,1
weo-2026-04,AGO,2004,48.61,25.21,0
weo-2026-04,AGO,2005,59.97,46.95,0
weo-2026-04,AGO,2006,30.65,53.19,0
weo-2026-04,AGO,2007,18.85,50.22,0
weo-2026-04,AGO,2008,32.31,81.98,0
weo-2026-04,AGO,2009,-12.56,-28.7,1
weo-2026-04,AGO,2010,35.48,22.33,0
weo-2026-04,AGO,2011,34.3,30.17,1
weo-2026-04,AGO,2012,16.22,15.93,0
weo-2026-04,AGO,2013,8.27,7.79,0
weo-2026-04,AGO,2014,8.93,5.91,0
weo-2026-04,AGO,2015,-2.22,-30.5,1
weo-2026-04,AGO,2016,20.59,-9.86,1
weo-2026-04,AGO,2017,23.52,30.48,1
weo-2026-04,AGO,2018,23.99,-3.22,1
weo-2026-04,AGO,2019,18.98,40.34,1
weo-2026-04,AGO,2020,10.1,26.25,1
weo-2026-04,AGO,2021,37.08,35.26,1
weo-2026-04,AGO,2022,22.27,42.58,0
weo-2026-04,AGO,2023,20.91,4.05,1
weo-2026-04,ALB,2002,8.35,4.49,0
weo-2026-04,ALB,2003,11.01,2.13,0
weo-2026-04,ALB,2004,8.84,13.24,0
weo-2026-04,ALB,2005,9.02,6.34,0
weo-2026-04,ALB,2006,8.53,11.36,0
weo-2026-04,ALB,2007,10.63,12.06,0
weo-2026-04,ALB,2008,11.93,21.01,0
weo-2026-04,ALB,2009,5.85,8.34,1
weo-2026-04,ALB,2010,8.37,-4.4,1
weo-2026-04,ALB,2011,4.92,3.83,1
weo-2026-04,ALB,2012,2.47,-0.09,1
weo-2026-04,ALB,2013,1.29,4.79,1
weo-2026-04,ALB,2014,3.35,14.78,1
weo-2026-04,ALB,2015,2.8,-0.03,1
weo-2026-04,ALB,2016,2.66,-2.41,0
weo-2026-04,ALB,2017,5.31,6.99,1
weo-2026-04,ALB,2018,7.11,4.6,1
weo-2026-04,ALB,2019,3.08,3.89,1
weo-2026-04,ALB,2020,-3.27,9.88,1
weo-2026-04,ALB,2021,12.72,11.67,0
weo-2026-04,ALB,2022,15.16,9.09,0
weo-2026-04,ALB,2023,9.98,2.6,0
weo-2026-04,ARE,2002,6.3,-9.9,1
weo-2026-04,ARE,2003,13.23,6.54,0
weo-2026-04,ARE,2004,18.87,4.68,0
weo-2026-04,ARE,2005,22.19,8.72,0
weo-2026-04,ARE,2006,22.98,22.34,0
weo-2026-04,ARE,2007,16.1,31.14,1
weo-2026-04,ARE,2008,22.33,51.91,1
weo-2026-04,ARE,2009,-19.63,27.69,1
weo-2026-04,ARE,2010,21.37,4.72,0
weo-2026-04,ARE,2011,19.87,17.53,0
weo-2026-04,ARE,2012,6.48,-0.62,0
weo-2026-04,ARE,2013,4.29,8.07,0
weo-2026-04,ARE,2014,3.74,13.49,1
weo-2026-04,ARE,2015,-10.11,-24.42,0
weo-2026-04,ARE,2016,-0.07,20.36,0
weo-2026-04,ARE,2017,5.67,-9.24,1
weo-2026-04,ARE,2018,9.22,3.33,1
weo-2026-04,ARE,2019,-1.51,4.15,1
weo-2026-04,ARE,2020,-17.69,-8.44,1
weo-2026-04,ARE,2021,18.28,0.52,1
weo-2026-04,ARE,2022,21.06,4.98,0
weo-2026-04,ARE,2023,2.19,1.25,1
weo-2026-04,ARG,2002,16.33,2.72,1
weo-2026-04,ARG,2003,20.26,23.87,0
weo-2026-04,ARG,2004,15.42,23.82,0
weo-2026-04,ARG,2005,20.08,24.7,0
weo-2026-04,ARG,2006,22.89,35.75,0
weo-2026-04,ARG,2007,25.29,39.22,0
weo-2026-04,ARG,2008,28.17,35.06,0
weo-2026-04,ARG,2009,8.55,23.14,1
weo-2026-04,ARG,2010,33.16,30.43,0
weo-2026-04,ARG,2011,31.13,36.14,0
weo-2026-04,ARG,2012,21.06,27.36,1
weo-2026-04,ARG,2013,26.93,32.26,1
weo-2026-04,ARG,2014,36.76,40.87,1
weo-2026-04,ARG,2015,30.04,35.78,1
weo-2026-04,ARG,2016,38.18,37.65,1
weo-2026-04,ARG,2017,29.56,26.38,0
weo-2026-04,ARG,2018,38.32,27.9,1
weo-2026-04,ARG,2019,46.21,39.44,1
weo-2026-04,ARG,2020,26.21,48.26,1
weo-2026-04,ARG,2021,69.86,53.03,0
weo-2026-04,ARG,2022,79.17,76.48,0
weo-2026-04,ARG,2023,132.35,129.53,1
weo-2026-04,ARM,2006,18.43,19.95,0
weo-2026-04,ARM,2007,18.56,33.3,0
weo-2026-04,ARM,2008,13.3,12.49,0
weo-2026-04,ARM,2009,-11.95,12.49,1
weo-2026-04,ARM,2010,10.14,-0.51,1
weo-2026-04,ARM,2011,9.18,3.6,1
weo-2026-04,ARM,2012,12.93,0.9,0
weo-2026-04,ARM,2013,6.78,13.23,1
weo-2026-04,ARM,2014,5.99,5.73,1
weo-2026-04,ARM,2015,4.45,14.3,1
weo-2026-04,ARM,2016,0.47,1.25,1
weo-2026-04,ARM,2017,9.81,4.28,0
weo-2026-04,ARM,2018,8.13,-1.16,1
weo-2026-04,ARM,2019,8.75,12.49,0
weo-2026-04,ARM,2020,-5.52,17.59,1
weo-2026-04,ARM,2021,13.1,5.48,0
weo-2026-04,ARM,2022,21.59,12.01,0
weo-2026-04,ARM,2023,11.66,12.39,0
weo-2026-04,AUS,2002,7.09,5.12,0
weo-2026-04,AUS,2003,6.1,7.23,0
weo-2026-04,AUS,2004,7.73,8.44,0
weo-2026-04,AUS,2005,7.82,7.42,0
weo-2026-04,AUS,2006,7.88,8.24,1
weo-2026-04,AUS,2007,8.96,7.87,0
weo-2026-04,AUS,2008,9.13,10.97,1
weo-2026-04,AUS,2009,2.44,9.98,1
weo-2026-04,AUS,2010,7.84,5.02,1
weo-2026-04,AUS,2011,7.63,5.12,0
weo-2026-04,AUS,2012,3.29,3.25,0
weo-2026-04,AUS,2013,3.61,2.84,1
weo-2026-04,AUS,2014,2.82,3.65,1
weo-2026-04,AUS,2015,1.56,2.82,1
weo-2026-04,AUS,2016,3.52,3.65,0
weo-2026-04,AUS,2017,6.1,4.71,1
weo-2026-04,AUS,2018,5.17,5.52,0
weo-2026-04,AUS,2019,5.27,11.26,1
weo-2026-04,AUS,2020,-1.11,13.17,1
weo-2026-04,AUS,2021,11.56,4.89,0
weo-2026-04,AUS,2022,12.81,1.4,0
weo-2026-04,AUS,2023,5.55,5.6,1
weo-2026-04,AUT,2002,2.6,2.34,1
weo-2026-04,AUT,2003,2.42,3.14,1
weo-2026-04,AUT,2004,4.34,10.0,0
weo-2026-04,AUT,2005,4.91,-0.64,0
weo-2026-04,AUT,2006,5.38,3.9,0
weo-2026-04,AUT,2007,6.12,3.75,0
weo-2026-04,AUT,2008,3.42,4.92,1
weo-2026-04,AUT,2009,-1.91,6.44,1
weo-2026-04,AUT,2010,2.72,0.41,0
weo-2026-04,AUT,2011,4.8,0.79,0
weo-2026-04,AUT,2012,2.73,3.48,1
weo-2026-04,AUT,2013,1.45,2.98,1
weo-2026-04,AUT,2014,2.78,3.0,1
weo-2026-04,AUT,2015,3.63,1.54,1
weo-2026-04,AUT,2016,3.97,3.14,0
weo-2026-04,AUT,2017,3.27,1.93,0
weo-2026-04,AUT,2018,4.34,3.37,0
weo-2026-04,AUT,2019,3.25,3.3,1
weo-2026-04,AUT,2020,-3.89,12.75,1
weo-2026-04,AUT,2021,6.81,4.79,0
weo-2026-04,AUT,2022,10.62,4.77,0
weo-2026-04,AUT,2023,6.33,4.76,1
weo-2026-04,AZE,2002,14.05,57.78,0
weo-2026-04,AZE,2003,17.88,10.53,0
weo-2026-04,AZE,2004,19.36,33.69,0
weo-2026-04,AZE,2005,46.8,36.55,0
weo-2026-04,AZE,2006,49.7,68.35,0
weo-2026-04,AZE,2007,51.29,55.79,0
weo-2026-04,AZE,2008,41.53,71.25,0
weo-2026-04,AZE,2009,-11.3,-2.69,0
weo-2026-04,AZE,2010,19.28,11.03,0
weo-2026-04,AZE,2011,22.65,29.2,1
weo-2026-04,AZE,2012,5.11,14.07,1
weo-2026-04,AZE,2013,6.28,9.61,0
weo-2026-04,AZE,2014,1.43,-2.47,1
weo-2026-04,AZE,2015,-7.85,-2.5,1
weo-2026-04,AZE,2016,11.12,1.46,1
weo-2026-04,AZE,2017,16.4,16.87,1
weo-2026-04,AZE,2018,13.87,5.34,1
weo-2026-04,AZE,2019,2.25,0.12,1
weo-2026-04,AZE,2020,-11.38,9.5,1
weo-2026-04,AZE,2021,28.42,2.85,0
weo-2026-04,AZE,2022,43.74,17.32,1
weo-2026-04,AZE,2023,-8.09,14.49,1
weo-2026-04,BDI,2002,3.41,-0.18,1
weo-2026-04,BDI,2003,8.26,71.45,1
weo-2026-04,BDI,2004,14.69,35.7,0
weo-2026-04,BDI,2005,15.31,-4.69,0
weo-2026-04,BDI,2006,8.41,23.07,0
weo-2026-04,BDI,2007,12.01,19.49,0
weo-2026-04,BDI,2008,30.25,39.83,0
weo-2026-04,BDI,2009,14.29,6.04,0
weo-2026-04,BDI,2010,14.51,25.29,0
weo-2026-04,BDI,2011,12.73,15.62,0
weo-2026-04,BDI,2012,19.37,6.24,0
weo-2026-04,BDI,2013,13.27,4.81,0
weo-2026-04,BDI,2014,9.77,-9.73,0
weo-2026-04,BDI,2015,16.6,-5.5,1
weo-2026-04,BDI,2016,0.35,-2.89,1
weo-2026-04,BDI,2017,12.01,19.69,1
weo-2026-04,BDI,2018,-1.29,2.89,1
weo-2026-04,BDI,2019,2.57,11.17,1
weo-2026-04,BDI,2020,6.53,5.55,1
weo-2026-04,BDI,2021,11.93,8.51,1
weo-2026-04,BDI,2022,20.47,46.62,1
weo-2026-04,BDI,2023,36.66,17.14,1
weo-2026-04,BEL,2002,3.37,6.15,1
weo-2026-04,BEL,2003,2.91,6.51,1
weo-2026-04,BEL,2004,5.55,2.69,0
weo-2026-04,BEL,2005,4.45,11.39,0
weo-2026-04,BEL,2006,4.87,-1.24,0
weo-2026-04,BEL,2007,5.68,5.52,0
weo-2026-04,BEL,2008,2.36,7.57,1
weo-2026-04,BEL,2009,-1.14,6.76,1
weo-2026-04,BEL,2010,4.46,3.65,0
weo-2026-04,BEL,2011,4.27,6.75,0
weo-2026-04,BEL,2012,2.43,4.76,1
weo-2026-04,BEL,2013,1.72,1.48,1
weo-2026-04,BEL,2014,2.62,1.78,0
weo-2026-04,BEL,2015,2.61,0.17,1
weo-2026-04,BEL,2016,3.11,2.51,1
weo-2026-04,BEL,2017,3.49,1.91,1
weo-2026-04,BEL,2018,3.63,4.51,0
weo-2026-04,BEL,2019,4.34,3.18,0
weo-2026-04,BEL,2020,-3.27,9.78,1
weo-2026-04,BEL,2021,9.12,2.87,0
weo-2026-04,BEL,2022,10.92,6.21,0
weo-2026-04,BEL,2023,7.32,7.59,1
weo-2026-04,BEN,2002,8.36,7.42,1
weo-2026-04,BEN,2003,6.61,-3.95,1
weo-2026-04,BEN,2004,5.23,1.94,1
weo-2026-04,BEN,2005,6.08,14.86,1
weo-2026-04,BEN,2006,6.12,-2.1,1
weo-2026-04,BEN,2007,6.4,21.89,0
weo-2026-04,BEN,2008,11.65,8.47,0
weo-2026-04,BEN,2009,4.92,22.1,1
weo-2026-04,BEN,2010,3.01,-15.27,1
weo-2026-04,BEN,2011,6.81,12.51,1
weo-2026-04,BEN,2012,12.88,8.16,0
weo-2026-04,BEN,2013,8.69,14.54,0
weo-2026-04,BEN,2014,6.09,1.52,0
weo-2026-04,BEN,2015,2.64,29.65,1
weo-2026-04,BEN,2016,4.05,-14.21,1
weo-2026-04,BEN,2017,5.86,18.47,0
weo-2026-04,BEN,2018,7.41,-1.64,0
weo-2026-04,BEN,2019,8.11,-7.5,0
weo-2026-04,BEN,2020,4.62,40.6,1
weo-2026-04,BEN,2021,8.89,12.07,0
weo-2026-04,BEN,2022,10.65,14.45,0
weo-2026-04,BEN,2023,9.95,6.08,0
weo-2026-04,BFA,2002,7.54,6.9,1
weo-2026-04,BFA,2003,9.4,-1.14,0
weo-2026-04,BFA,2004,4.57,20.6,1
weo-2026-04,BFA,2005,12.73,13.1,0
weo-2026-04,BFA,2006,5.55,14.75,0
weo-2026-04,BFA,2007,6.71,12.25,1
weo-2026-04,BFA,2008,15.49,-6.04,1
weo-2026-04,BFA,2009,5.44,21.87,1
weo-2026-04,BFA,2010,12.55,13.02,0
weo-2026-04,BFA,2011,13.81,6.9,0
weo-2026-04,BFA,2012,12.65,24.39,0
weo-2026-04,BFA,2013,3.54,16.34,1
weo-2026-04,BFA,2014,3.68,-14.97,1
weo-2026-04,BFA,2015,1.61,-1.17,1
weo-2026-04,BFA,2016,8.71,14.44,0
weo-2026-04,BFA,2017,7.65,31.7,0
weo-2026-04,BFA,2018,7.94,-1.92,0
weo-2026-04,BFA,2019,6.69,2.14,0
weo-2026-04,BFA,2020,8.74,13.41,1
weo-2026-04,BFA,2021,6.54,20.36,0
weo-2026-04,BFA,2022,6.34,26.09,1
weo-2026-04,BFA,2023,5.03,-8.02,1
weo-2026-04,BGD,2002,7.88,2.22,1
weo-2026-04,BGD,2003,10.83,7.78,1
weo-2026-04,BGD,2004,10.04,8.8,1
weo-2026-04,BGD,2005,11.42,16.0,0
weo-2026-04,BGD,2006,12.94,10.11,0
weo-2026-04,BGD,2007,13.99,6.63,0
weo-2026-04,BGD,2008,14.35,35.02,1
weo-2026-04,BGD,2009,12.15,0.72,1
weo-2026-04,BGD,2010,13.11,16.92,1
weo-2026-04,BGD,2011,14.83,28.89,1
weo-2026-04,BGD,2012,15.22,14.91,0
weo-2026-04,BGD,2013,13.62,17.19,1
weo-2026-04,BGD,2014,12.07,7.34,1
weo-2026-04,BGD,2015,12.81,10.43,0
weo-2026-04,BGD,2016,14.32,16.75,0
weo-2026-04,BGD,2017,11.97,19.74,0
weo-2026-04,BGD,2018,13.55,20.44,0
weo-2026-04,BGD,2019,11.83,16.85,0
weo-2026-04,BGD,2020,7.42,3.9,1
weo-2026-04,BGD,2021,11.35,5.99,0
weo-2026-04,BGD,2022,12.51,14.14,0
weo-2026-04,BGD,2023,13.07,7.94,1
weo-2026-04,BGR,2002,9.95,11.24,0
weo-2026-04,BGR,2003,7.54,10.05,0
weo-2026-04,BGR,2004,12.46,9.59,0
weo-2026-04,BGR,2005,14.12,12.85,0
weo-2026-04,BGR,2006,14.02,9.71,0
weo-2026-04,BGR,2007,18.44,21.96,0
weo-2026-04,BGR,2008,14.73,18.25,0
weo-2026-04,BGR,2009,0.46,0.37,1
weo-2026-04,BGR,2010,2.33,4.8,1
weo-2026-04,BGR,2011,8.33,-0.09,1
weo-2026-04,BGR,2012,1.87,3.77,1
weo-2026-04,BGR,2013,-0.47,8.16,1
weo-2026-04,BGR,2014,2.3,7.66,1
weo-2026-04,BGR,2015,6.45,6.72,0
weo-2026-04,BGR,2016,6.45,-6.57,1
weo-2026-04,BGR,2017,7.69,5.22,1
weo-2026-04,BGR,2018,6.66,15.22,1
weo-2026-04,BGR,2019,9.28,14.66,0
weo-2026-04,BGR,2020,1.08,5.63,1
weo-2026-04,BGR,2021,15.34,17.98,0
weo-2026-04,BGR,2022,20.65,18.08,0
weo-2026-04,BGR,2023,9.81,9.39,1
weo-2026-04,BHR,2002,4.41,23.2,1
weo-2026-04,BHR,2003,15.44,5.04,0
weo-2026-04,BHR,2004,18.74,6.18,0
weo-2026-04,BHR,2005,21.43,15.46,0
weo-2026-04,BHR,2006,15.88,11.83,0
weo-2026-04,BHR,2007,17.43,14.82,0
weo-2026-04,BHR,2008,18.32,21.19,0
weo-2026-04,BHR,2009,-10.78,-3.19,1
weo-2026-04,BHR,2010,12.1,40.74,0
weo-2026-04,BHR,2011,11.6,7.8,1
weo-2026-04,BHR,2012,6.85,9.47,1
weo-2026-04,BHR,2013,5.82,7.89,0
weo-2026-04,BHR,2014,2.81,-13.72,1
weo-2026-04,BHR,2015,-6.47,19.51,1
weo-2026-04,BHR,2016,4.19,-2.93,1
weo-2026-04,BHR,2017,9.8,-1.86,0
weo-2026-04,BHR,2018,6.35,8.75,1
weo-2026-04,BHR,2019,2.22,-1.37,1
weo-2026-04,BHR,2020,-11.4,-2.17,1
weo-2026-04,BHR,2021,13.96,0.3,0
weo-2026-04,BHR,2022,13.76,4.74,0
weo-2026-04,BHR,2023,-0.57,-3.67,1
weo-2026-04,BHS,2002,6.77,6.82,0
weo-2026-04,BHS,2003,-0.12,5.32,1
weo-2026-04,BHS,2004,2.09,6.27,1
weo-2026-04,BHS,2005,8.62,8.71,0
weo-2026-04,BHS,2006,3.37,10.54,0
weo-2026-04,BHS,2007,4.44,6.75,1
weo-2026-04,BHS,2008,-0.87,6.47,1
weo-2026-04,BHS,2009,-5.17,2.5,1
weo-2026-04,BHS,2010,1.14,-2.58,0
weo-2026-04,BHS,2011,-0.25,10.2,1
weo-2026-04,BHS,2012,6.46,4.47,0
weo-2026-04,BHS,2013,-2.29,8.89,1
weo-2026-04,BHS,2014,6.34,1.49,0
weo-2026-04,BHS,2015,6.27,7.43,1
weo-2026-04,BHS,2016,0.37,8.04,1
weo-2026-04,BHS,2017,4.76,25.41,0
weo-2026-04,BHS,2018,2.99,-15.57,0
weo-2026-04,BHS,2019,3.57,8.1,1
weo-2026-04,BHS,2020,-21.95,11.14,1
weo-2026-04,BHS,2021,16.15,9.55,0
weo-2026-04,BHS,2022,15.45,-1.64,0
weo-2026-04,BHS,2023,9.89,1.48,0
weo-2026-04,BIH,2002,10.29,4.03,0
weo-2026-04,BIH,2003,5.33,5.73,0
weo-2026-04,BIH,2004,8.62,4.96,0
weo-2026-04,BIH,2005,10.33,7.78,0
weo-2026-04,BIH,2006,13.64,12.6,0
weo-2026-04,BIH,2007,12.42,15.08,0
weo-2026-04,BIH,2008,13.18,21.52,0
weo-2026-04,BIH,2009,-2.82,-1.66,1
weo-2026-04,BIH,2010,2.28,1.5,1
weo-2026-04,BIH,2011,3.42,-1.6,1
weo-2026-04,BIH,2012,-0.03,3.15,1
weo-2026-04,BIH,2013,2.12,-6.78,1
weo-2026-04,BIH,2014,2.17,7.65,1
weo-2026-04,BIH,2015,5.74,-2.46,0
weo-2026-04,BIH,2016,4.62,1.42,1
weo-2026-04,BIH,2017,5.08,1.34,1
weo-2026-04,BIH,2018,6.73,8.15,0
weo-2026-04,BIH,2019,5.43,4.04,1
weo-2026-04,BIH,2020,-2.95,10.66,1
weo-2026-04,BIH,2021,12.72,0.94,0
weo-2026-04,BIH,2022,16.53,12.93,0
weo-2026-04,BIH,2023,9.43,15.84,1
weo-2026-04,BLR,2002,52.19,57.93,0
weo-2026-04,BLR,2003,39.89,39.21,0
weo-2026-04,BLR,2004,36.71,38.27,0
weo-2026-04,BLR,2005,30.15,33.48,0
weo-2026-04,BLR,2006,21.82,27.84,0
weo-2026-04,BLR,2007,22.58,27.64,0
weo-2026-04,BLR,2008,33.54,62.76,0
weo-2026-04,BLR,2009,5.9,-9.25,1
weo-2026-04,BLR,2010,19.97,2.82,0
weo-2026-04,BLR,2011,80.24,61.89,0
weo-2026-04,BLR,2012,78.23,70.49,1
weo-2026-04,BLR,2013,22.47,30.01,1
weo-2026-04,BLR,2014,20.14,14.03,1
weo-2026-04,BLR,2015,11.58,18.35,1
weo-2026-04,BLR,2016,5.6,1.97,1
weo-2026-04,BLR,2017,11.37,6.64,1
weo-2026-04,BLR,2018,15.67,11.95,0
weo-2026-04,BLR,2019,10.15,9.34,1
weo-2026-04,BLR,2020,11.12,13.53,1
weo-2026-04,BLR,2021,15.65,11.91,1
weo-2026-04,BLR,2022,11.89,16.23,1
weo-2026-04,BLR,2023,11.54,18.15,0
weo-2026-04,BLZ,2002,6.13,-1.8,0
weo-2026-04,BLZ,2003,5.17,2.13,0
weo-2026-04,BLZ,2004,7.03,-12.63,0
weo-2026-04,BLZ,2005,5.29,-1.36,1
weo-2026-04,BLZ,2006,7.88,5.34,0
weo-2026-04,BLZ,2007,7.28,27.51,0
weo-2026-04,BLZ,2008,1.89,2.06,1
weo-2026-04,BLZ,2009,-2.9,3.91,1
weo-2026-04,BLZ,2010,3.61,4.64,1
weo-2026-04,BLZ,2011,4.72,6.42,1
weo-2026-04,BLZ,2012,4.67,3.85,0
weo-2026-04,BLZ,2013,6.16,12.49,0
weo-2026-04,BLZ,2014,5.06,9.95,0
weo-2026-04,BLZ,2015,2.57,16.4,1
weo-2026-04,BLZ,2016,2.12,0.17,1
weo-2026-04,BLZ,2017,1.18,0.61,1
weo-2026-04,BLZ,2018,0.88,-2.63,1
weo-2026-04,BLZ,2019,4.17,6.71,0
weo-2026-04,BLZ,2020,-14.02,8.37,1
weo-2026-04,BLZ,2021,18.63,-8.2,0
weo-2026-04,BLZ,2022,17.21,4.68,0
weo-2026-04,BLZ,2023,7.23,16.3,1
weo-2026-04,BOL,2002,6.1,10.2,1
weo-2026-04,BOL,2003,8.79,3.79,1
weo-2026-04,BOL,2004,11.99,13.41,1
weo-2026-04,BOL,2005,11.48,13.5,1
weo-2026-04,BOL,2006,18.75,7.77,0
weo-2026-04,BOL,2007,13.14,23.81,0
weo-2026-04,BOL,2008,18.0,29.78,0
weo-2026-04,BOL,2009,2.02,-4.58,1
weo-2026-04,BOL,2010,13.06,8.06,0
weo-2026-04,BOL,2011,21.56,36.67,0
weo-2026-04,BOL,2012,12.19,15.51,0
weo-2026-04,BOL,2013,14.38,11.48,0
weo-2026-04,BOL,2014,9.29,25.74,0
weo-2026-04,BOL,2015,1.85,8.02,0
weo-2026-04,BOL,2016,3.93,-7.81,0
weo-2026-04,BOL,2017,11.19,6.33,1
weo-2026-04,BOL,2018,5.41,4.53,1
weo-2026-04,BOL,2019,1.33,-3.36,1
weo-2026-04,BOL,2020,-13.75,-8.82,1
weo-2026-04,BOL,2021,13.15,4.48,0
weo-2026-04,BOL,2022,6.44,12.02,1
weo-2026-04,BOL,2023,2.71,8.74,1
weo-2026-04,BRA,2002,13.15,26.05,0
weo-2026-04,BRA,2003,15.39,0.87,1
weo-2026-04,BRA,2004,13.96,15.16,0
weo-2026-04,BRA,2005,10.87,17.55,0
weo-2026-04,BRA,2006,11.0,15.96,0
weo-2026-04,BRA,2007,12.9,8.6,0
weo-2026-04,BRA,2008,14.32,12.67,0
weo-2026-04,BRA,2009,7.18,10.57,1
weo-2026-04,BRA,2010,16.59,13.25,0
weo-2026-04,BRA,2011,12.62,11.01,0
weo-2026-04,BRA,2012,10.02,12.77,1
weo-2026-04,BRA,2013,10.73,11.06,1
weo-2026-04,BRA,2014,8.39,12.16,1
weo-2026-04,BRA,2015,3.75,8.68,1
weo-2026-04,BRA,2016,4.56,9.43,1
weo-2026-04,BRA,2017,5.04,0.88,1
weo-2026-04,BRA,2018,6.36,6.65,1
weo-2026-04,BRA,2019,5.5,6.08,1
weo-2026-04,BRA,2020,2.98,13.24,1
weo-2026-04,BRA,2021,18.43,0.66,0
weo-2026-04,BRA,2022,11.85,19.39,0
weo-2026-04,BRA,2023,8.57,13.09,0
weo-2026-04,BRB,2002,1.73,32.77,0
weo-2026-04,BRB,2003,3.43,-1.0,0
weo-2026-04,BRB,2004,7.89,4.28,0
weo-2026-04,BRB,2005,12.23,12.77,0
weo-2026-04,BRB,2006,11.63,5.17,0
weo-2026-04,BRB,2007,12.14,16.11,0
weo-2026-04,BRB,2008,2.43,2.25,1
weo-2026-04,BRB,2009,-6.26,-3.48,1
weo-2026-04,BRB,2010,1.46,-0.19,1
weo-2026-04,BRB,2011,2.48,-5.49,1
weo-2026-04,BRB,2012,-1.38,9.19,1
weo-2026-04,BRB,2013,3.16,2.12,1
weo-2026-04,BRB,2014,0.44,-8.42,0
weo-2026-04,BRB,2015,0.26,7.76,1
weo-2026-04,BRB,2016,-0.36,-4.26,0
weo-2026-04,BRB,2017,2.96,-0.22,1
weo-2026-04,BRB,2018,2.63,4.29,1
weo-2026-04,BRB,2019,2.76,-4.45,1
weo-2026-04,BRB,2020,-12.38,10.6,1
weo-2026-04,BRB,2021,10.1,8.72,0
weo-2026-04,BRB,2022,15.76,6.81,0
weo-2026-04,BRB,2023,4.89,-2.23,0
weo-2026-04,BRN,2002,4.26,21.75,0
weo-2026-04,BRN,2003,9.19,-18.59,0
weo-2026-04,BRN,2004,16.47,25.02,0
weo-2026-04,BRN,2005,19.23,4.48,1
weo-2026-04,BRN,2006,14.89,10.68,0
weo-2026-04,BRN,2007,1.28,6.12,1
weo-2026-04,BRN,2008,10.51,2.39,1
weo-2026-04,BRN,2009,-23.47,-1.88,1
weo-2026-04,BRN,2010,8.04,-20.95,0
weo-2026-04,BRN,2011,24.68,46.42,0
weo-2026-04,BRN,2012,2.14,6.21,0
weo-2026-04,BRN,2013,-4.89,2.18,1
weo-2026-04,BRN,2014,-4.31,-2.67,1
weo-2026-04,BRN,2015,-17.94,-10.73,1
weo-2026-04,BRN,2016,-11.42,-4.6,1
weo-2026-04,BRN,2017,6.35,-2.41,0
weo-2026-04,BRN,2018,9.27,-1.68,1
weo-2026-04,BRN,2019,0.41,-1.91,0
weo-2026-04,BRN,2020,-9.85,-7.91,0
weo-2026-04,BRN,2021,13.63,4.06,1
weo-2026-04,BRN,2022,22.21,6.19,1
weo-2026-04,BRN,2023,-11.86,1.6,0
weo-2026-04,BTN,2002,15.09,-10.48,0
weo-2026-04,BTN,2003,13.75,-0.04,0
weo-2026-04,BTN,2004,10.66,-1.76,0
weo-2026-04,BTN,2005,11.89,30.31,1
weo-2026-04,BTN,2006,13.18,4.16,0
weo-2026-04,BTN,2007,17.33,16.53,0
weo-2026-04,BTN,2008,15.43,17.92,0
weo-2026-04,BTN,2009,11.46,23.32,1
weo-2026-04,BTN,2010,17.1,25.59,0
weo-2026-04,BTN,2011,19.54,3.87,0
weo-2026-04,BTN,2012,16.02,13.41,0
weo-2026-04,BTN,2013,10.92,0.49,1
weo-2026-04,BTN,2014,10.05,-0.71,1
weo-2026-04,BTN,2015,10.96,6.4,0
weo-2026-04,BTN,2016,11.54,24.43,0
weo-2026-04,BTN,2017,9.51,10.7,1
weo-2026-04,BTN,2018,5.58,9.5,1
weo-2026-04,BTN,2019,6.92,-17.91,1
weo-2026-04,BTN,2020,1.47,32.41,1
weo-2026-04,BTN,2021,3.21,20.67,1
weo-2026-04,BTN,2022,11.82,-3.73,1
weo-2026-04,BTN,2023,10.22,-2.43,1
weo-2026-04,BWA,2002,7.04,15.18,0
weo-2026-04,BWA,2003,8.29,2.75,0
weo-2026-04,BWA,2004,11.97,4.17,1
weo-2026-04,BWA,2005,21.54,2.6,1
weo-2026-04,BWA,2006,14.95,12.35,0
weo-2026-04,BWA,2007,12.17,25.97,0
weo-2026-04,BWA,2008,12.93,41.72,1
weo-2026-04,BWA,2009,-1.17,12.12,1
weo-2026-04,BWA,2010,18.58,-3.12,0
weo-2026-04,BWA,2011,20.36,0.48,0
weo-2026-04,BWA,2012,2.84,5.22,1
weo-2026-04,BWA,2013,12.81,5.5,0
weo-2026-04,BWA,2014,15.85,18.52,0
weo-2026-04,BWA,2015,-1.3,6.91,1
weo-2026-04,BWA,2016,19.97,4.33,0
weo-2026-04,BWA,2017,1.36,2.72,1
weo-2026-04,BWA,2018,4.25,6.84,1
weo-2026-04,BWA,2019,3.37,4.68,1
weo-2026-04,BWA,2020,-4.75,0.67,1
weo-2026-04,BWA,2021,21.54,4.51,0
weo-2026-04,BWA,2022,20.91,7.1,0
weo-2026-04,BWA,2023,5.0,14.3,1
weo-2026-04,CAF,2002,3.9,23.28,1
weo-2026-04,CAF,2003,0.83,-24.93,1
weo-2026-04,CAF,2004,0.19,9.44,1
weo-2026-04,CAF,2005,7.69,34.03,0
weo-2026-04,CAF,2006,7.88,-11.93,0
weo-2026-04,CAF,2007,4.62,-4.32,0
weo-2026-04,CAF,2008,8.25,32.43,1
weo-2026-04,CAF,2009,6.79,10.9,1
weo-2026-04,CAF,2010,9.04,22.68,0
weo-2026-04,CAF,2011,8.37,-9.89,0
weo-2026-04,CAF,2012,11.55,14.18,0
weo-2026-04,CAF,2013,-34.81,-39.82,1
weo-2026-04,CAF,2014,21.16,52.38,1
weo-2026-04,CAF,2015,8.95,-17.43,0
weo-2026-04,CAF,2016,7.23,-7.07,0
weo-2026-04,CAF,2017,7.98,30.32,0
weo-2026-04,CAF,2018,3.61,33.59,0
weo-2026-04,CAF,2019,8.25,1.54,0
weo-2026-04,CAF,2020,0.47,53.97,1
weo-2026-04,CAF,2021,4.42,-17.33,1
weo-2026-04,CAF,2022,6.26,-5.17,1
weo-2026-04,CAF,2023,3.42,4.45,1
weo-2026-04,CAN,2002,4.29,3.35,0
weo-2026-04,CAN,2003,5.11,6.78,1
weo-2026-04,CAN,2004,6.45,4.08,0
weo-2026-04,CAN,2005,6.43,6.14,0
weo-2026-04,CAN,2006,5.28,6.78,0
weo-2026-04,CAN,2007,5.42,5.12,1
weo-2026-04,CAN,2008,5.03,6.48,1
weo-2026-04,CAN,2009,-5.17,4.24,1
weo-2026-04,CAN,2010,6.03,5.8,0
weo-2026-04,CAN,2011,6.48,3.31,0
weo-2026-04,CAN,2012,3.0,1.12,1
weo-2026-04,CAN,2013,4.11,2.13,1
weo-2026-04,CAN,2014,4.87,1.24,0
weo-2026-04,CAN,2015,-0.22,3.11,1
weo-2026-04,CAN,2016,1.76,3.83,1
weo-2026-04,CAN,2017,5.68,5.9,0
weo-2026-04,CAN,2018,4.44,5.23,0
weo-2026-04,CAN,2019,3.48,3.25,1
weo-2026-04,CAN,2020,-4.02,23.01,1
weo-2026-04,CAN,2021,14.2,1.53,0
weo-2026-04,CAN,2022,12.95,-0.01,0
weo-2026-04,CAN,2023,3.53,5.71,1
weo-2026-04,CHE,2002,-0.08,7.59,1
weo-2026-04,CHE,2003,0.84,-1.31,1
weo-2026-04,CHE,2004,2.95,2.37,0
weo-2026-04,CHE,2005,3.98,1.65,0
weo-2026-04,CHE,2006,6.41,0.34,0
weo-2026-04,CHE,2007,6.59,3.41,0
weo-2026-04,CHE,2008,3.81,6.21,0
weo-2026-04,CHE,2009,-1.49,4.17,1
weo-2026-04,CHE,2010,3.69,2.57,0
weo-2026-04,CHE,2011,1.58,2.14,1
weo-2026-04,CHE,2012,1.4,2.03,1
weo-2026-04,CHE,2013,1.82,4.99,1
weo-2026-04,CHE,2014,1.86,0.56,0
weo-2026-04,CHE,2015,0.04,1.27,1
weo-2026-04,CHE,2016,1.33,1.55,0
weo-2026-04,CHE,2017,1.12,1.16,1
weo-2026-04,CHE,2018,4.13,1.58,0
weo-2026-04,CHE,2019,1.02,1.89,1
weo-2026-04,CHE,2020,-3.11,12.29,1
weo-2026-04,CHE,2021,8.21,-0.68,0
weo-2026-04,CHE,2022,6.76,-2.52,0
weo-2026-04,CHE,2023,1.81,3.38,1
weo-2026-04,CHL,2002,6.65,6.58,1
weo-2026-04,CHL,2003,9.23,4.33,0
weo-2026-04,CHL,2004,14.17,6.94,0
weo-2026-04,CHL,2005,13.37,10.54,0
weo-2026-04,CHL,2006,19.15,11.61,0
weo-2026-04,CHL,2007,10.52,16.08,0
weo-2026-04,CHL,2008,4.11,18.3,0
weo-2026-04,CHL,2009,2.42,16.42,1
weo-2026-04,CHL,2010,15.23,7.18,0
weo-2026-04,CHL,2011,9.69,6.75,0
weo-2026-04,CHL,2012,6.97,7.86,0
weo-2026-04,CHL,2013,5.64,5.88,1
weo-2026-04,CHL,2014,7.75,10.91,1
weo-2026-04,CHL,2015,7.21,12.2,1
weo-2026-04,CHL,2016,6.39,7.56,1
weo-2026-04,CHL,2017,6.25,6.46,1
weo-2026-04,CHL,2018,5.64,6.12,0
weo-2026-04,CHL,2019,3.22,6.9,1
weo-2026-04,CHL,2020,2.93,12.46,1
weo-2026-04,CHL,2021,18.96,37.39,0
weo-2026-04,CHL,2022,9.88,-12.59,1
weo-2026-04,CHL,2023,7.14,10.37,1
weo-2026-04,CHN,2002,10.01,17.73,0
weo-2026-04,CHN,2003,13.07,10.64,0
weo-2026-04,CHN,2004,17.73,16.82,0
weo-2026-04,CHN,2005,16.34,19.19,0
weo-2026-04,CHN,2006,17.04,17.43,0
weo-2026-04,CHN,2007,23.21,22.26,0
weo-2026-04,CHN,2008,17.67,46.4,0
weo-2026-04,CHN,2009,9.36,24.67,0
weo-2026-04,CHN,2010,17.54,14.79,0
weo-2026-04,CHN,2011,18.54,28.05,0
weo-2026-04,CHN,2012,11.25,15.71,1
weo-2026-04,CHN,2013,10.59,12.16,1
weo-2026-04,CHN,2014,8.46,9.51,1
weo-2026-04,CHN,2015,7.11,17.26,1
weo-2026-04,CHN,2016,8.03,9.86,1
weo-2026-04,CHN,2017,11.09,11.98,1
weo-2026-04,CHN,2018,10.47,12.51,1
weo-2026-04,CHN,2019,7.83,10.95,1
weo-2026-04,CHN,2020,3.53,7.09,1
weo-2026-04,CHN,2021,12.56,3.0,0
weo-2026-04,CHN,2022,5.14,7.52,1
weo-2026-04,CHN,2023,4.93,5.26,1
weo-2026-04,CIV,2002,4.89,26.55,1
weo-2026-04,CIV,2003,3.38,5.44,1
weo-2026-04,CIV,2004,-1.69,4.84,1
weo-2026-04,CIV,2005,3.04,4.45,1
weo-2026-04,CIV,2006,3.29,12.03,1
weo-2026-04,CIV,2007,4.75,7.98,1
weo-2026-04,CIV,2008,11.26,9.02,1
weo-2026-04,CIV,2009,5.67,5.57,1
weo-2026-04,CIV,2010,7.51,7.53,1
weo-2026-04,CIV,2011,-1.72,-12.32,1
weo-2026-04,CIV,2012,12.92,41.63,0
weo-2026-04,CIV,2013,12.93,12.49,0
weo-2026-04,CIV,2014,13.05,9.07,0
weo-2026-04,CIV,2015,12.22,20.65,0
weo-2026-04,CIV,2016,5.91,12.24,0
weo-2026-04,CIV,2017,6.29,9.8,0
weo-2026-04,CIV,2018,6.61,2.56,0
weo-2026-04,CIV,2019,8.84,5.49,0
weo-2026-04,CIV,2020,2.54,20.89,1
weo-2026-04,CIV,2021,11.27,11.1,0
weo-2026-04,CIV,2022,9.59,16.38,0
weo-2026-04,CIV,2023,10.76,3.96,0
weo-2026-04,CMR,2002,7.38,6.66,0
weo-2026-04,CMR,2003,7.51,-10.86,0
weo-2026-04,CMR,2004,7.2,10.67,0
weo-2026-04,CMR,2005,3.62,12.0,1
weo-2026-04,CMR,2006,6.2,12.67,0
weo-2026-04,CMR,2007,4.84,19.57,0
weo-2026-04,CMR,2008,7.93,28.54,1
weo-2026-04,CMR,2009,6.28,-1.66,1
weo-2026-04,CMR,2010,3.61,4.4,1
weo-2026-04,CMR,2011,6.06,22.35,1
weo-2026-04,CMR,2012,6.66,5.48,0
weo-2026-04,CMR,2013,8.2,22.6,0
weo-2026-04,CMR,2014,7.85,9.54,0
weo-2026-04,CMR,2015,5.99,-2.72,0
weo-2026-04,CMR,2016,5.23,16.02,0
weo-2026-04,CMR,2017,4.6,-6.26,1
weo-2026-04,CMR,2018,5.93,3.41,0
weo-2026-04,CMR,2019,4.69,11.66,1
weo-2026-04,CMR,2020,0.97,-10.68,1
weo-2026-04,CMR,2021,6.36,6.98,1
weo-2026-04,CMR,2022,10.82,12.48,1
weo-2026-04,CMR,2023,7.04,6.15,1
weo-2026-04,COD,2002,35.6,51.33,1
weo-2026-04,COD,2003,19.74,90.56,1
weo-2026-04,COD,2004,13.53,36.98,0
weo-2026-04,COD,2005,45.27,48.04,0
weo-2026-04,COD,2006,21.34,19.63,1
weo-2026-04,COD,2007,32.22,43.9,0
weo-2026-04,COD,2008,33.85,69.41,0
weo-2026-04,COD,2009,18.52,46.92,1
weo-2026-04,COD,2010,33.23,66.48,0
weo-2026-04,COD,2011,19.77,3.25,0
weo-2026-04,COD,2012,13.81,12.4,0
weo-2026-04,COD,2013,16.17,3.72,0
weo-2026-04,COD,2014,10.6,28.88,0
weo-2026-04,COD,2015,4.79,23.54,1
weo-2026-04,COD,2016,4.88,-5.31,1
weo-2026-04,COD,2017,40.96,9.71,1
weo-2026-04,COD,2018,37.72,48.8,1
weo-2026-04,COD,2019,1.96,28.8,1
weo-2026-04,COD,2020,11.97,-0.85,1
weo-2026-04,COD,2021,36.01,36.2,1
weo-2026-04,COD,2022,20.23,52.71,0
weo-2026-04,COD,2023,20.78,12.01,0
weo-2026-04,COG,2002,4.22,15.02,1
weo-2026-04,COG,2003,-3.45,-14.19,1
weo-2026-04,COG,2004,20.09,8.39,1
weo-2026-04,COG,2005,30.3,16.91,0
weo-2026-04,COG,2006,20.28,52.83,0
weo-2026-04,COG,2007,-0.32,16.57,1
weo-2026-04,COG,2008,23.6,2.28,0
weo-2026-04,COG,2009,-11.99,-6.12,0
weo-2026-04,COG,2010,42.27,36.55,0
weo-2026-04,COG,2011,13.4,42.09,0
weo-2026-04,COG,2012,22.44,35.01,0
weo-2026-04,COG,2013,-1.81,35.19,1
weo-2026-04,COG,2014,-0.28,14.34,0
weo-2026-04,COG,2015,-20.52,-33.23,1
weo-2026-04,COG,2016,-7.85,-16.19,1
weo-2026-04,COG,2017,6.08,-28.15,1
weo-2026-04,COG,2018,19.42,-23.45,1
weo-2026-04,COG,2019,-0.21,7.16,0
weo-2026-04,COG,2020,-19.39,-6.92,1
weo-2026-04,COG,2021,12.4,6.63,1
weo-2026-04,COG,2022,17.17,26.01,0
weo-2026-04,COG,2023,-1.16,-14.42,0
weo-2026-04,COL,2002,8.62,13.44,1
weo-2026-04,COL,2003,11.01,9.63,0
weo-2026-04,COL,2004,13.0,12.58,0
weo-2026-04,COL,2005,10.48,9.94,0
weo-2026-04,COL,2006,12.91,22.16,0
weo-2026-04,COL,2007,12.29,11.16,0
weo-2026-04,COL,2008,11.21,14.59,1
weo-2026-04,COL,2009,5.25,17.35,1
weo-2026-04,COL,2010,8.47,4.79,0
weo-2026-04,COL,2011,13.78,13.18,0
weo-2026-04,COL,2012,7.67,4.9,1
weo-2026-04,COL,2013,7.14,9.5,0
weo-2026-04,COL,2014,6.84,13.11,0
weo-2026-04,COL,2015,5.48,4.75,1
weo-2026-04,COL,2016,7.34,2.24,1
weo-2026-04,COL,2017,6.56,3.72,1
weo-2026-04,COL,2018,7.31,27.58,1
weo-2026-04,COL,2019,7.32,1.03,1
weo-2026-04,COL,2020,-5.81,-4.06,1
weo-2026-04,COL,2021,19.45,21.71,0
weo-2026-04,COL,2022,23.35,17.67,0
weo-2026-04,COL,2023,7.89,11.35,1
weo-2026-04,COM,2002,8.6,20.27,0
weo-2026-04,COM,2003,6.96,-4.77,1
weo-2026-04,COM,2004,3.55,-4.67,1
weo-2026-04,COM,2005,5.23,16.28,0
weo-2026-04,COM,2006,4.09,1.25,1
weo-2026-04,COM,2007,5.88,12.45,1
weo-2026-04,COM,2008,7.23,23.49,0
weo-2026-04,COM,2009,4.26,-5.56,0
weo-2026-04,COM,2010,5.52,2.61,0
weo-2026-04,COM,2011,7.32,7.27,0
weo-2026-04,COM,2012,7.57,21.32,0
weo-2026-04,COM,2013,6.3,7.08,0
weo-2026-04,COM,2014,2.96,1.22,1
weo-2026-04,COM,2015,0.62,31.96,1
weo-2026-04,COM,2016,5.09,4.23,0
weo-2026-04,COM,2017,4.23,4.03,0
weo-2026-04,COM,2018,4.63,6.25,0
weo-2026-04,COM,2019,6.33,11.37,1
weo-2026-04,COM,2020,0.56,-6.79,1
weo-2026-04,COM,2021,0.81,6.97,1
weo-2026-04,COM,2022,7.95,0.19,1
weo-2026-04,COM,2023,5.78,1.39,1
weo-2026-04,CPV,2002,4.22,20.8,0
weo-2026-04,CPV,2003,6.31,-13.5,0
weo-2026-04,CPV,2004,3.75,14.62,0
weo-2026-04,CPV,2005,10.35,11.58,0
weo-2026-04,CPV,2006,3.2,13.17,0
weo-2026-04,CPV,2007,4.18,-0.62,0
weo-2026-04,CPV,2008,11.01,13.04,0
weo-2026-04,CPV,2009,0.42,12.8,1
weo-2026-04,CPV,2010,2.5,18.14,1
weo-2026-04,CPV,2011,6.78,-9.8,1
weo-2026-04,CPV,2012,1.77,5.14,1
weo-2026-04,CPV,2013,2.07,-0.55,1
weo-2026-04,CPV,2014,0.6,-10.47,1
weo-2026-04,CPV,2015,2.57,3.79,1
weo-2026-04,CPV,2016,6.03,-1.87,1
weo-2026-04,CPV,2017,5.91,11.58,1
weo-2026-04,CPV,2018,5.47,3.93,1
weo-2026-04,CPV,2019,7.61,7.64,0
weo-2026-04,CPV,2020,-20.26,0.54,1
weo-2026-04,CPV,2021,8.21,-3.03,0
weo-2026-04,CPV,2022,23.19,4.92,0
weo-2026-04,CPV,2023,8.21,4.35,0
weo-2026-04,CRI,2002,13.54,20.99,1
weo-2026-04,CRI,2003,15.43,8.3,0
weo-2026-04,CRI,2004,18.37,13.82,0
weo-2026-04,CRI,2005,17.51,13.14,1
weo-2026-04,CRI,2006,21.26,17.28,0
weo-2026-04,CRI,2007,19.6,21.53,0
weo-2026-04,CRI,2008,16.7,31.9,0
weo-2026-04,CRI,2009,8.74,21.5,1
weo-2026-04,CRI,2010,12.34,23.09,0
weo-2026-04,CRI,2011,9.2,2.97,0
weo-2026-04,CRI,2012,9.85,11.7,0
weo-2026-04,CRI,2013,7.2,11.97,1
weo-2026-04,CRI,2014,9.97,9.11,1
weo-2026-04,CRI,2015,7.75,9.06,1
weo-2026-04,CRI,2016,6.25,5.72,1
weo-2026-04,CRI,2017,7.14,8.15,1
weo-2026-04,CRI,2018,5.11,0.35,1
weo-2026-04,CRI,2019,5.34,19.61,1
weo-2026-04,CRI,2020,-3.4,-3.36,1
weo-2026-04,CRI,2021,10.84,-0.12,0
weo-2026-04,CRI,2022,12.85,-0.38,0
weo-2026-04,CRI,2023,3.62,0.6,0
weo-2026-04,CYP,2002,4.03,7.58,0
weo-2026-04,CYP,2003,8.15,15.87,1
weo-2026-04,CYP,2004,7.87,3.75,0
weo-2026-04,CYP,2005,6.97,9.1,0
weo-2026-04,CYP,2006,7.95,7.18,0
weo-2026-04,CYP,2007,9.45,5.45,0
weo-2026-04,CYP,2008,8.55,10.28,1
weo-2026-04,CYP,2009,-1.76,8.89,1
weo-2026-04,CYP,2010,4.21,5.09,1
weo-2026-04,CYP,2011,2.04,2.73,1
weo-2026-04,CYP,2012,-1.83,-4.82,1
weo-2026-04,CYP,2013,-7.46,-8.5,1
weo-2026-04,CYP,2014,-3.09,22.27,1
weo-2026-04,CYP,2015,2.64,-15.97,1
weo-2026-04,CYP,2016,5.96,-1.81,0
weo-2026-04,CYP,2017,6.83,3.75,0
weo-2026-04,CYP,2018,7.36,25.03,0
weo-2026-04,CYP,2019,7.31,-2.5,0
weo-2026-04,CYP,2020,-4.39,10.03,1
weo-2026-04,CYP,2021,14.77,7.42,0
weo-2026-04,CYP,2022,15.44,2.52,0
weo-2026-04,CYP,2023,9.42,18.33,1
weo-2026-04,CZE,2002,4.36,7.62,1
weo-2026-04,CZE,2003,4.76,15.27,0
weo-2026-04,CZE,2004,8.99,-6.56,0
weo-2026-04,CZE,2005,6.5,6.68,0
weo-2026-04,CZE,2006,7.35,5.2,0
weo-2026-04,CZE,2007,9.25,6.57,0
weo-2026-04,CZE,2008,4.69,5.84,1
weo-2026-04,CZE,2009,-2.28,5.59,1
weo-2026-04,CZE,2010,2.22,-0.94,1
weo-2026-04,CZE,2011,1.55,0.58,1
weo-2026-04,CZE,2012,0.56,4.01,1
weo-2026-04,CZE,2013,1.23,-3.27,1
weo-2026-04,CZE,2014,5.01,4.82,1
weo-2026-04,CZE,2015,6.25,5.14,0
weo-2026-04,CZE,2016,4.11,-1.48,1
weo-2026-04,CZE,2017,6.94,4.84,0
weo-2026-04,CZE,2018,5.72,10.48,0
weo-2026-04,CZE,2019,7.54,8.48,0
weo-2026-04,CZE,2020,-1.03,13.33,1
weo-2026-04,CZE,2021,8.23,5.29,0
weo-2026-04,CZE,2022,11.77,6.84,0
weo-2026-04,CZE,2023,8.65,10.36,1
weo-2026-04,DEU,2002,1.27,2.53,1
weo-2026-04,DEU,2003,0.78,1.4,1
weo-2026-04,DEU,2004,2.33,-0.89,0
weo-2026-04,DEU,2005,1.42,1.37,1
weo-2026-04,DEU,2006,4.32,0.8,0
weo-2026-04,DEU,2007,4.78,0.42,0
weo-2026-04,DEU,2008,1.85,4.21,1
weo-2026-04,DEU,2009,-3.68,5.18,1
weo-2026-04,DEU,2010,4.86,4.94,0
weo-2026-04,DEU,2011,5.03,-1.14,0
weo-2026-04,DEU,2012,1.91,1.84,1
weo-2026-04,DEU,2013,2.4,3.5,1
weo-2026-04,DEU,2014,4.12,3.04,0
weo-2026-04,DEU,2015,3.44,3.74,0
weo-2026-04,DEU,2016,3.5,4.45,0
weo-2026-04,DEU,2017,4.32,4.1,0
weo-2026-04,DEU,2018,3.03,3.55,1
weo-2026-04,DEU,2019,3.01,5.39,1
weo-2026-04,DEU,2020,-2.45,9.94,1
weo-2026-04,DEU,2021,6.71,5.78,0
weo-2026-04,DEU,2022,8.34,3.69,0
weo-2026-04,DEU,2023,5.76,4.58,1
weo-2026-04,DJI,2002,3.23,15.06,1
weo-2026-04,DJI,2003,5.26,16.51,1
weo-2026-04,DJI,2004,6.16,9.71,1
weo-2026-04,DJI,2005,6.39,4.19,1
weo-2026-04,DJI,2006,8.49,-1.46,1
weo-2026-04,DJI,2007,10.24,23.12,0
weo-2026-04,DJI,2008,16.03,26.17,0
weo-2026-04,DJI,2009,3.2,10.81,1
weo-2026-04,DJI,2010,8.26,-7.08,1
weo-2026-04,DJI,2011,12.74,7.18,0
weo-2026-04,DJI,2012,9.26,14.22,1
weo-2026-04,DJI,2013,7.52,9.19,0
weo-2026-04,DJI,2014,8.62,17.52,0
weo-2026-04,DJI,2015,9.18,57.76,0
weo-2026-04,DJI,2016,7.45,-35.23,0
weo-2026-04,DJI,2017,6.05,-3.45,0
weo-2026-04,DJI,2018,5.46,14.08,1
weo-2026-04,DJI,2019,6.02,1.49,0
weo-2026-04,DJI,2020,1.79,8.45,1
weo-2026-04,DJI,2021,7.91,-1.49,1
weo-2026-04,DJI,2022,5.01,-7.57,0
weo-2026-04,DJI,2023,9.42,16.07,0
weo-2026-04,DNK,2002,2.86,3.06,1
weo-2026-04,DNK,2003,1.94,3.26,1
weo-2026-04,DNK,2004,4.92,4.13,0
weo-2026-04,DNK,2005,5.33,2.46,0
weo-2026-04,DNK,2006,5.98,3.73,0
weo-2026-04,DNK,2007,3.44,3.47,1
weo-2026-04,DNK,2008,3.82,6.3,1
weo-2026-04,DNK,2009,-4.43,6.58,1
weo-2026-04,DNK,2010,4.82,4.86,0
weo-2026-04,DNK,2011,1.97,1.59,1
weo-2026-04,DNK,2012,2.4,5.53,1
weo-2026-04,DNK,2013,2.25,-1.73,0
weo-2026-04,DNK,2014,2.31,1.33,1
weo-2026-04,DNK,2015,2.52,0.98,0
weo-2026-04,DNK,2016,3.51,-0.07,0
weo-2026-04,DNK,2017,4.19,1.41,0
weo-2026-04,DNK,2018,2.46,3.27,0
weo-2026-04,DNK,2019,2.68,0.6,0
weo-2026-04,DNK,2020,1.0,8.08,1
weo-2026-04,DNK,2021,9.74,2.53,0
weo-2026-04,DNK,2022,10.89,0.5,1
weo-2026-04,DNK,2023,-1.53,4.59,1
weo-2026-04,DOM,2002,11.73,21.75,1
weo-2026-04,DOM,2003,31.67,33.58,1
weo-2026-04,DOM,2004,48.9,48.47,1
weo-2026-04,DOM,2005,15.75,6.17,0
weo-2026-04,DOM,2006,16.42,27.79,0
weo-2026-04,DOM,2007,15.62,12.19,0
weo-2026-04,DOM,2008,13.86,27.13,1
weo-2026-04,DOM,2009,4.46,-11.89,1
weo-2026-04,DOM,2010,14.2,13.52,0
weo-2026-04,DOM,2011,11.41,9.28,1
weo-2026-04,DOM,2012,7.89,38.77,1
weo-2026-04,DOM,2013,9.79,-0.4,0
weo-2026-04,DOM,2014,11.63,0.65,0
weo-2026-04,DOM,2015,9.54,7.49,0
weo-2026-04,DOM,2016,8.87,9.34,0
weo-2026-04,DOM,2017,8.0,9.62,1
weo-2026-04,DOM,2018,11.96,5.6,0
weo-2026-04,DOM,2019,8.67,18.29,1
weo-2026-04,DOM,2020,-2.91,21.83,1
weo-2026-04,DOM,2021,22.25,-1.01,0
weo-2026-04,DOM,2022,15.29,17.92,0
weo-2026-04,DOM,2023,8.11,10.13,1
weo-2026-04,DZA,2002,6.85,22.63,0
weo-2026-04,DZA,2003,16.02,-2.24,0
weo-2026-04,DZA,2004,16.46,20.06,0
weo-2026-04,DZA,2005,18.43,23.55,0
weo-2026-04,DZA,2006,13.99,14.68,1
weo-2026-04,DZA,2007,10.42,31.71,1
weo-2026-04,DZA,2008,18.0,34.39,1
weo-2026-04,DZA,2009,-6.26,1.36,1
weo-2026-04,DZA,2010,21.1,6.08,0
weo-2026-04,DZA,2011,20.42,29.56,1
weo-2026-04,DZA,2012,10.59,17.41,1
weo-2026-04,DZA,2013,3.52,-13.57,1
weo-2026-04,DZA,2014,5.61,16.82,0
weo-2026-04,DZA,2015,-1.95,8.57,0
weo-2026-04,DZA,2016,4.79,-4.87,0
weo-2026-04,DZA,2017,6.51,2.2,1
weo-2026-04,DZA,2018,7.65,8.73,1
weo-2026-04,DZA,2019,1.79,4.08,1
weo-2026-04,DZA,2020,-9.48,-9.28,1
weo-2026-04,DZA,2021,20.34,4.89,0
weo-2026-04,DZA,2022,27.38,25.68,0
weo-2026-04,DZA,2023,5.12,20.68,0
weo-2026-04,ECU,2002,16.98,34.64,0
weo-2026-04,ECU,2003,14.46,8.41,1
weo-2026-04,ECU,2004,13.66,16.12,0
weo-2026-04,ECU,2005,14.44,20.55,0
weo-2026-04,ECU,2006,13.44,11.88,0
weo-2026-04,ECU,2007,9.1,26.71,1
weo-2026-04,ECU,2008,22.65,84.0,0
weo-2026-04,ECU,2009,-1.71,-3.78,1
weo-2026-04,ECU,2010,13.41,17.02,1
weo-2026-04,ECU,2011,15.9,29.85,0
weo-2026-04,ECU,2012,11.08,21.53,0
weo-2026-04,ECU,2013,10.07,20.0,0
weo-2026-04,ECU,2014,6.37,4.54,1
weo-2026-04,ECU,2015,-5.36,-9.66,1
weo-2026-04,ECU,2016,0.48,0.22,1
weo-2026-04,ECU,2017,6.96,-3.16,0
weo-2026-04,ECU,2018,2.88,3.2,1
weo-2026-04,ECU,2019,0.11,-3.2,1
weo-2026-04,ECU,2020,-10.9,-10.03,1
weo-2026-04,ECU,2021,11.8,8.04,0
weo-2026-04,ECU,2022,8.35,11.64,0
weo-2026-04,ECU,2023,4.01,4.77,1
weo-2026-04,EGY,2002,5.63,17.89,1
weo-2026-04,EGY,2003,10.19,7.78,1
weo-2026-04,EGY,2004,16.24,13.93,1
weo-2026-04,EGY,2005,10.96,11.45,0
weo-2026-04,EGY,2006,14.71,31.74,0
weo-2026-04,EGY,2007,20.58,9.17,0
weo-2026-04,EGY,2008,20.23,29.44,0
weo-2026-04,EGY,2009,16.38,18.43,0
weo-2026-04,EGY,2010,15.77,6.14,0
weo-2026-04,EGY,2011,13.63,7.9,1
weo-2026-04,EGY,2012,22.71,16.48,1
weo-2026-04,EGY,2013,10.71,18.98,1
weo-2026-04,EGY,2014,14.48,18.74,1
weo-2026-04,EGY,2015,14.93,4.8,0
weo-2026-04,EGY,2016,11.15,4.21,0
weo-2026-04,EGY,2017,27.65,26.44,1
weo-2026-04,EGY,2018,27.63,11.13,0
weo-2026-04,EGY,2019,19.93,7.71,0
weo-2026-04,EGY,2020,9.95,3.99,1
weo-2026-04,EGY,2021,8.3,11.34,1
weo-2026-04,EGY,2022,17.7,25.88,0
weo-2026-04,EGY,2023,29.49,10.05,1
weo-2026-04,ESP,2002,6.96,8.27,0
weo-2026-04,ESP,2003,7.06,7.0,0
weo-2026-04,ESP,2004,7.15,9.2,0
weo-2026-04,ESP,2005,7.91,7.7,0
weo-2026-04,ESP,2006,8.28,8.79,0
weo-2026-04,ESP,2007,7.22,10.03,0
weo-2026-04,ESP,2008,3.24,9.17,1
weo-2026-04,ESP,2009,-3.55,7.13,1
weo-2026-04,ESP,2010,0.39,-0.59,1
weo-2026-04,ESP,2011,-0.78,-1.55,1
weo-2026-04,ESP,2012,-3.06,2.93,1
weo-2026-04,ESP,2013,-1.0,-8.43,1
weo-2026-04,ESP,2014,1.3,-1.34,1
weo-2026-04,ESP,2015,4.64,2.2,0
weo-2026-04,ESP,2016,3.3,-0.06,0
weo-2026-04,ESP,2017,4.19,1.72,0
weo-2026-04,ESP,2018,3.61,5.02,1
weo-2026-04,ESP,2019,3.42,5.05,1
weo-2026-04,ESP,2020,-9.93,11.34,1
weo-2026-04,ESP,2021,9.41,5.32,0
weo-2026-04,ESP,2022,11.36,3.52,0
weo-2026-04,ESP,2023,8.86,7.4,1
weo-2026-04,EST,2002,12.07,13.94,0
weo-2026-04,EST,2003,11.78,10.13,0
weo-2026-04,EST,2004,11.81,8.44,0
weo-2026-04,EST,2005,16.01,14.8,0
weo-2026-04,EST,2006,19.62,19.03,0
weo-2026-04,EST,2007,20.86,22.46,0
weo-2026-04,EST,2008,1.32,18.43,1
weo-2026-04,EST,2009,-14.96,-1.46,1
weo-2026-04,EST,2010,4.31,-8.03,1
weo-2026-04,EST,2011,13.57,5.0,0
weo-2026-04,EST,2012,8.03,12.89,1
weo-2026-04,EST,2013,5.95,3.0,1
weo-2026-04,EST,2014,6.27,4.14,1
weo-2026-04,EST,2015,3.17,7.88,1
weo-2026-04,EST,2016,5.61,4.7,1
weo-2026-04,EST,2017,9.59,9.35,0
weo-2026-04,EST,2018,8.73,8.62,0
weo-2026-04,EST,2019,7.69,8.5,0
weo-2026-04,EST,2020,-2.15,11.8,1
weo-2026-04,EST,2021,12.9,6.26,0
weo-2026-04,EST,2022,15.41,9.87,1
weo-2026-04,EST,2023,5.65,14.26,1
weo-2026-04,ETH,2002,-2.17,9.59,1
weo-2026-04,ETH,2003,10.33,19.88,1
weo-2026-04,ETH,2004,18.14,1.95,0
weo-2026-04,ETH,2005,22.8,22.99,0
weo-2026-04,ETH,2006,23.59,19.78,0
weo-2026-04,ETH,2007,30.62,21.74,0
weo-2026-04,ETH,2008,44.34,33.26,0
weo-2026-04,ETH,2009,34.97,23.39,0
weo-2026-04,ETH,2010,14.32,23.47,0
weo-2026-04,ETH,2011,33.46,31.87,0
weo-2026-04,ETH,2012,45.09,32.85,1
weo-2026-04,ETH,2013,16.0,23.58,1
weo-2026-04,ETH,2014,22.37,20.32,0
weo-2026-04,ETH,2015,22.35,20.84,0
weo-2026-04,ETH,2016,20.81,24.65,1
weo-2026-04,ETH,2017,16.88,17.45,0
weo-2026-04,ETH,2018,20.04,6.6,1
weo-2026-04,ETH,2019,22.3,16.62,1
weo-2026-04,ETH,2020,25.41,18.82,1
weo-2026-04,ETH,2021,28.65,21.11,1
weo-2026-04,ETH,2022,41.83,29.26,1
weo-2026-04,ETH,2023,41.68,19.65,1
weo-2026-04,FIN,2002,2.65,6.46,0
weo-2026-04,FIN,2003,2.21,4.13,0
weo-2026-04,FIN,2004,4.63,4.42,0
weo-2026-04,FIN,2005,3.73,5.82,0
weo-2026-04,FIN,2006,4.98,3.34,0
weo-2026-04,FIN,2007,8.21,4.98,0
weo-2026-04,FIN,2008,3.85,6.91,1
weo-2026-04,FIN,2009,-6.44,5.26,1
weo-2026-04,FIN,2010,3.53,2.57,0
weo-2026-04,FIN,2011,5.05,4.77,0
weo-2026-04,FIN,2012,1.38,4.53,1
weo-2026-04,FIN,2013,1.56,4.35,1
weo-2026-04,FIN,2014,1.16,1.99,1
weo-2026-04,FIN,2015,2.11,-1.21,1
weo-2026-04,FIN,2016,2.63,1.18,0
weo-2026-04,FIN,2017,4.17,-0.05,0
weo-2026-04,FIN,2018,3.2,2.96,1
weo-2026-04,FIN,2019,2.85,2.82,1
weo-2026-04,FIN,2020,-0.89,6.51,1
weo-2026-04,FIN,2021,5.24,3.04,0
weo-2026-04,FIN,2022,6.98,2.11,1
weo-2026-04,FIN,2023,2.58,9.14,1
weo-2026-04,FJI,2002,6.63,11.01,0
weo-2026-04,FJI,2003,8.95,2.55,1
weo-2026-04,FJI,2004,7.66,-0.78,0
weo-2026-04,FJI,2005,7.57,4.64,1
weo-2026-04,FJI,2006,5.65,12.47,1
weo-2026-04,FJI,2007,2.08,-7.71,1
weo-2026-04,FJI,2008,2.4,0.27,1
weo-2026-04,FJI,2009,-0.01,16.15,1
weo-2026-04,FJI,2010,7.31,0.35,0
weo-2026-04,FJI,2011,12.35,13.48,1
weo-2026-04,FJI,2012,5.04,6.9,1
weo-2026-04,FJI,2013,8.53,7.53,0
weo-2026-04,FJI,2014,9.68,30.91,0
weo-2026-04,FJI,2015,7.15,9.75,0
weo-2026-04,FJI,2016,5.14,12.22,1
weo-2026-04,FJI,2017,7.14,-7.04,0
weo-2026-04,FJI,2018,5.29,24.21,0
weo-2026-04,FJI,2019,-0.89,-5.19,0
weo-2026-04,FJI,2020,-20.59,-8.06,1
weo-2026-04,FJI,2021,-6.08,-5.96,1
weo-2026-04,FJI,2022,27.25,7.68,0
weo-2026-04,FJI,2023,12.46,2.64,0
weo-2026-04,FRA,2002,3.15,5.37,1
weo-2026-04,FRA,2003,2.79,3.88,1
weo-2026-04,FRA,2004,4.55,3.86,0
weo-2026-04,FRA,2005,3.89,4.56,0
weo-2026-04,FRA,2006,4.77,3.86,0
weo-2026-04,FRA,2007,4.98,4.54,0
weo-2026-04,FRA,2008,2.69,3.66,1
weo-2026-04,FRA,2009,-2.72,5.01,1
weo-2026-04,FRA,2010,3.11,2.5,0
weo-2026-04,FRA,2011,3.31,1.63,0
weo-2026-04,FRA,2012,1.27,2.95,1
weo-2026-04,FRA,2013,1.54,3.29,1
weo-2026-04,FRA,2014,1.57,1.4,1
weo-2026-04,FRA,2015,2.21,1.08,1
weo-2026-04,FRA,2016,1.38,1.17,1
weo-2026-04,FRA,2017,2.68,3.4,0
weo-2026-04,FRA,2018,2.78,0.96,1
weo-2026-04,FRA,2019,3.26,1.25,0
weo-2026-04,FRA,2020,-4.68,6.92,1
weo-2026-04,FRA,2021,8.19,4.01,0
weo-2026-04,FRA,2022,5.82,3.0,0
weo-2026-04,FRA,2023,6.64,3.96,0
weo-2026-04,GAB,2002,0.6,11.18,1
weo-2026-04,GAB,2003,2.03,-17.46,1
weo-2026-04,GAB,2004,8.51,6.59,1
weo-2026-04,GAB,2005,21.76,28.74,0
weo-2026-04,GAB,2006,6.42,10.86,1
weo-2026-04,GAB,2007,12.28,3.14,0
weo-2026-04,GAB,2008,16.49,15.73,1
weo-2026-04,GAB,2009,-17.38,1.19,1
weo-2026-04,GAB,2010,23.93,27.23,0
weo-2026-04,GAB,2011,20.67,16.46,0
weo-2026-04,GAB,2012,2.15,11.45,0
weo-2026-04,GAB,2013,-0.87,43.49,0
weo-2026-04,GAB,2014,3.43,-30.86,0
weo-2026-04,GAB,2015,-5.39,-13.57,0
weo-2026-04,GAB,2016,-2.27,-5.67,1
weo-2026-04,GAB,2017,4.31,-16.72,1
weo-2026-04,GAB,2018,7.78,1.8,1
weo-2026-04,GAB,2019,5.81,8.76,0
weo-2026-04,GAB,2020,-10.68,-3.12,1
weo-2026-04,GAB,2021,22.1,7.07,1
weo-2026-04,GAB,2022,18.24,40.35,0
weo-2026-04,GAB,2023,-4.59,3.12,0
weo-2026-04,GBR,2002,3.83,8.34,1
weo-2026-04,GBR,2003,5.68,9.27,0
weo-2026-04,GBR,2004,5.12,7.47,0
weo-2026-04,GBR,2005,5.73,6.5,0
weo-2026-04,GBR,2006,5.33,5.11,0
weo-2026-04,GBR,2007,4.98,5.32,0
weo-2026-04,GBR,2008,3.25,9.92,1
weo-2026-04,GBR,2009,-2.67,6.4,1
weo-2026-04,GBR,2010,3.62,1.76,0
weo-2026-04,GBR,2011,3.35,-0.18,1
weo-2026-04,GBR,2012,3.1,4.31,1
weo-2026-04,GBR,2013,3.91,1.89,1
weo-2026-04,GBR,2014,4.81,1.71,0
weo-2026-04,GBR,2015,2.82,1.71,1
weo-2026-04,GBR,2016,3.98,1.57,0
weo-2026-04,GBR,2017,4.61,2.8,0
weo-2026-04,GBR,2018,3.54,2.88,1
weo-2026-04,GBR,2019,3.75,4.04,1
weo-2026-04,GBR,2020,-5.69,23.14,1
weo-2026-04,GBR,2021,9.32,-2.89,0
weo-2026-04,GBR,2022,11.12,3.05,0
weo-2026-04,GBR,2023,6.63,12.41,1
weo-2026-04,GEO,2002,11.72,4.04,1
weo-2026-04,GEO,2003,14.86,15.65,0
weo-2026-04,GEO,2004,14.72,41.35,1
weo-2026-04,GEO,2005,18.29,39.6,0
weo-2026-04,GEO,2006,18.66,26.28,0
weo-2026-04,GEO,2007,23.23,52.27,0
weo-2026-04,GEO,2008,12.25,29.1,1
weo-2026-04,GEO,2009,-5.71,2.61,1
weo-2026-04,GEO,2010,19.78,6.09,0
weo-2026-04,GEO,2011,17.84,2.13,0
weo-2026-04,GEO,2012,6.89,10.16,0
weo-2026-04,GEO,2013,4.45,0.39,1
weo-2026-04,GEO,2014,8.87,12.88,1
weo-2026-04,GEO,2015,8.91,6.08,1
weo-2026-04,GEO,2016,5.8,8.55,1
weo-2026-04,GEO,2017,13.09,10.26,1
weo-2026-04,GEO,2018,9.76,7.78,0
weo-2026-04,GEO,2019,9.59,17.59,1
weo-2026-04,GEO,2020,0.13,18.8,1
weo-2026-04,GEO,2021,21.96,11.89,0
weo-2026-04,GEO,2022,19.99,10.31,0
weo-2026-04,GEO,2023,11.01,14.01,0
weo-2026-04,GHA,2002,28.48,0.07,1
weo-2026-04,GHA,2003,34.96,47.06,1
weo-2026-04,GHA,2004,20.15,49.64,1
weo-2026-04,GHA,2005,22.2,16.4,0
weo-2026-04,GHA,2006,18.5,34.92,0
weo-2026-04,GHA,2007,20.31,43.72,1
weo-2026-04,GHA,2008,27.51,23.87,0
weo-2026-04,GHA,2009,20.14,16.33,0
weo-2026-04,GHA,2010,24.44,42.89,0
weo-2026-04,GHA,2011,25.46,31.22,0
weo-2026-04,GHA,2012,24.81,38.46,0
weo-2026-04,GHA,2013,22.34,13.49,0
weo-2026-04,GHA,2014,27.48,16.68,1
weo-2026-04,GHA,2015,15.65,-4.15,1
weo-2026-04,GHA,2016,19.65,28.07,1
weo-2026-04,GHA,2017,19.67,1.51,0
weo-2026-04,GHA,2018,17.42,46.14,0
weo-2026-04,GHA,2019,15.54,26.69,0
weo-2026-04,GHA,2020,9.93,63.7,1
weo-2026-04,GHA,2021,17.8,-6.86,1
weo-2026-04,GHA,2022,33.06,33.74,1
weo-2026-04,GHA,2023,44.51,11.6,1
weo-2026-04,GIN,2002,7.05,2.1,0
weo-2026-04,GIN,2003,18.86,19.23,1
weo-2026-04,GIN,2004,19.05,-0.39,1
weo-2026-04,GIN,2005,46.03,19.49,1
weo-2026-04,GIN,2006,32.31,57.48,1
weo-2026-04,GIN,2007,21.36,-19.55,0
weo-2026-04,GIN,2008,21.53,43.26,1
weo-2026-04,GIN,2009,0.63,78.17,1
weo-2026-04,GIN,2010,21.69,57.21,1
weo-2026-04,GIN,2011,15.12,-12.33,0
weo-2026-04,GIN,2012,14.23,43.2,0
weo-2026-04,GIN,2013,12.13,9.18,1
weo-2026-04,GIN,2014,6.41,14.35,1
weo-2026-04,GIN,2015,6.91,16.78,1
weo-2026-04,GIN,2016,17.1,-15.92,0
weo-2026-04,GIN,2017,21.72,32.95,0
weo-2026-04,GIN,2018,13.87,5.06,0
weo-2026-04,GIN,2019,15.55,10.37,0
weo-2026-04,GIN,2020,9.15,24.22,0
weo-2026-04,GIN,2021,18.24,5.31,0
weo-2026-04,GIN,2022,6.89,10.21,1
weo-2026-04,GIN,2023,12.24,30.33,0
weo-2026-04,GMB,2002,12.33,-6.6,1
weo-2026-04,GMB,2003,36.13,41.97,0
weo-2026-04,GMB,2004,20.12,66.15,0
weo-2026-04,GMB,2005,1.67,-1.33,1
weo-2026-04,GMB,2006,0.74,20.79,1
weo-2026-04,GMB,2007,7.59,-14.83,1
weo-2026-04,GMB,2008,8.89,27.88,0
weo-2026-04,GMB,2009,11.48,36.7,0
weo-2026-04,GMB,2010,11.89,15.02,0
weo-2026-04,GMB,2011,-3.93,6.83,1
weo-2026-04,GMB,2012,9.29,26.46,0
weo-2026-04,GMB,2013,8.98,-3.68,1
weo-2026-04,GMB,2014,3.73,9.1,1
weo-2026-04,GMB,2015,14.17,10.53,1
weo-2026-04,GMB,2016,9.92,6.24,1
weo-2026-04,GMB,2017,8.93,46.97,1
weo-2026-04,GMB,2018,14.69,-5.36,0
weo-2026-04,GMB,2019,12.86,47.4,0
weo-2026-04,GMB,2020,2.79,9.54,1
weo-2026-04,GMB,2021,13.03,-5.77,0
weo-2026-04,GMB,2022,14.79,39.59,0
weo-2026-04,GMB,2023,20.45,17.22,0
weo-2026-04,GNB,2002,7.15,-14.88,1
weo-2026-04,GNB,2003,-0.85,23.73,1
weo-2026-04,GNB,2004,-4.37,30.46,1
weo-2026-04,GNB,2005,9.88,-1.29,0
weo-2026-04,GNB,2006,-1.69,1.68,1
weo-2026-04,GNB,2007,8.7,26.54,1
weo-2026-04,GNB,2008,17.86,7.39,0
weo-2026-04,GNB,2009,-1.47,-4.35,1
weo-2026-04,GNB,2010,11.11,5.14,0
weo-2026-04,GNB,2011,17.22,9.54,0
weo-2026-04,GNB,2012,-1.74,-26.01,1
weo-2026-04,GNB,2013,2.29,-2.46,1
weo-2026-04,GNB,2014,2.27,86.21,1
weo-2026-04,GNB,2015,21.54,12.62,0
weo-2026-04,GNB,2016,8.3,3.1,0
weo-2026-04,GNB,2017,15.68,2.87,0
weo-2026-04,GNB,2018,1.13,8.12,1
weo-2026-04,GNB,2019,0.89,-5.07,0
weo-2026-04,GNB,2020,0.49,33.26,1
weo-2026-04,GNB,2021,9.07,8.49,0
weo-2026-04,GNB,2022,12.24,-4.46,0
weo-2026-04,GNB,2023,13.51,9.79,0
weo-2026-04,GNQ,2002,17.19,-0.23,0
weo-2026-04,GNQ,2003,50.69,61.17,0
weo-2026-04,GNQ,2004,44.62,89.69,0
weo-2026-04,GNQ,2005,37.87,25.92,0
weo-2026-04,GNQ,2006,22.18,56.91,0
weo-2026-04,GNQ,2007,18.78,29.32,0
weo-2026-04,GNQ,2008,41.17,42.53,0
weo-2026-04,GNQ,2009,-19.77,60.75,0
weo-2026-04,GNQ,2010,13.76,-11.57,1
weo-2026-04,GNQ,2011,24.68,9.69,0
weo-2026-04,GNQ,2012,13.57,45.72,0
weo-2026-04,GNQ,2013,-5.16,-21.44,1
weo-2026-04,GNQ,2014,-0.86,6.7,1
weo-2026-04,GNQ,2015,-27.46,-4.05,1
weo-2026-04,GNQ,2016,-14.55,-43.13,1
weo-2026-04,GNQ,2017,6.35,-23.77,1
weo-2026-04,GNQ,2018,4.3,-2.27,1
weo-2026-04,GNQ,2019,-9.89,-21.99,1
weo-2026-04,GNQ,2020,-14.47,-20.43,1
weo-2026-04,GNQ,2021,18.95,-6.3,1
weo-2026-04,GNQ,2022,26.04,48.73,0
weo-2026-04,GNQ,2023,-12.35,15.46,1
weo-2026-04,GRC,2002,7.78,8.83,0
weo-2026-04,GRC,2003,9.56,13.44,0
weo-2026-04,GRC,2004,8.51,11.23,0
weo-2026-04,GRC,2005,3.11,-1.86,1
weo-2026-04,GRC,2006,10.02,8.9,0
weo-2026-04,GRC,2007,6.99,11.72,0
weo-2026-04,GRC,2008,4.12,12.45,1
weo-2026-04,GRC,2009,-1.85,4.59,1
weo-2026-04,GRC,2010,-4.58,-9.84,1
weo-2026-04,GRC,2011,-9.0,-8.16,1
weo-2026-04,GRC,2012,-8.64,-4.7,1
weo-2026-04,GRC,2013,-4.19,-5.42,1
weo-2026-04,GRC,2014,-1.15,-3.84,1
weo-2026-04,GRC,2015,-0.4,1.25,1
weo-2026-04,GRC,2016,-0.52,-2.99,1
weo-2026-04,GRC,2017,1.68,-1.94,0
weo-2026-04,GRC,2018,1.83,1.39,0
weo-2026-04,GRC,2019,2.53,1.22,0
weo-2026-04,GRC,2020,-9.53,14.21,1
weo-2026-04,GRC,2021,10.17,6.12,0
weo-2026-04,GRC,2022,12.15,4.57,0
weo-2026-04,GRC,2023,8.54,-0.84,0
weo-2026-04,GTM,2002,10.62,6.48,0
weo-2026-04,GTM,2003,6.91,18.72,1
weo-2026-04,GTM,2004,8.33,-4.68,1
weo-2026-04,GTM,2005,8.38,11.49,1
weo-2026-04,GTM,2006,10.61,19.4,0
weo-2026-04,GTM,2007,12.94,9.67,0
weo-2026-04,GTM,2008,13.21,8.48,1
weo-2026-04,GTM,2009,1.86,8.27,1
weo-2026-04,GTM,2010,7.89,10.45,1
weo-2026-04,GTM,2011,10.44,10.56,0
weo-2026-04,GTM,2012,5.84,2.63,1
weo-2026-04,GTM,2013,6.51,4.87,0
weo-2026-04,GTM,2014,7.43,4.9,0
weo-2026-04,GTM,2015,6.42,-3.62,0
weo-2026-04,GTM,2016,5.46,5.9,1
weo-2026-04,GTM,2017,4.88,7.07,1
weo-2026-04,GTM,2018,4.72,8.36,1
weo-2026-04,GTM,2019,7.73,9.22,0
weo-2026-04,GTM,2020,1.04,18.61,1
weo-2026-04,GTM,2021,11.42,-5.62,0
weo-2026-04,GTM,2022,10.82,19.02,0
weo-2026-04,GTM,2023,10.3,5.83,0
weo-2026-04,GUY,2002,5.27,3.01,1
weo-2026-04,GUY,2003,4.09,11.37,1
weo-2026-04,GUY,2004,6.43,8.97,1
weo-2026-04,GUY,2005,4.16,28.3,1
weo-2026-04,GUY,2006,11.08,14.84,0
weo-2026-04,GUY,2007,18.4,5.15,0
weo-2026-04,GUY,2008,12.71,6.85,1
weo-2026-04,GUY,2009,4.41,11.34,1
weo-2026-04,GUY,2010,11.11,4.17,0
weo-2026-04,GUY,2011,15.41,13.84,0
weo-2026-04,GUY,2012,22.27,15.14,0
weo-2026-04,GUY,2013,3.1,1.39,1
weo-2026-04,GUY,2014,-0.45,7.49,1
weo-2026-04,GUY,2015,3.71,-2.64,1
weo-2026-04,GUY,2016,4.74,21.76,1
weo-2026-04,GUY,2017,5.92,10.43,1
weo-2026-04,GUY,2018,1.43,6.64,0
weo-2026-04,GUY,2019,8.47,11.0,0
weo-2026-04,GUY,2020,5.75,15.14,0
weo-2026-04,GUY,2021,46.97,18.99,0
weo-2026-04,GUY,2022,83.03,51.3,0
weo-2026-04,GUY,2023,14.95,33.58,0
weo-2026-04,HKG,2006,6.46,5.12,0
weo-2026-04,HKG,2007,9.81,2.54,0
weo-2026-04,HKG,2008,3.44,36.76,1
weo-2026-04,HKG,2009,-2.83,-9.13,1
weo-2026-04,HKG,2010,7.06,2.83,0
weo-2026-04,HKG,2011,8.9,19.71,0
weo-2026-04,HKG,2012,5.31,3.5,1
weo-2026-04,HKG,2013,4.97,13.31,0
weo-2026-04,HKG,2014,5.69,-15.72,1
weo-2026-04,HKG,2015,6.12,10.02,1
weo-2026-04,HKG,2016,3.85,10.78,1
weo-2026-04,HKG,2017,6.79,1.97,0
weo-2026-04,HKG,2018,6.61,16.22,0
weo-2026-04,HKG,2019,0.34,14.68,1
weo-2026-04,HKG,2020,-5.95,32.35,1
weo-2026-04,HKG,2021,7.18,-10.94,0
weo-2026-04,HKG,2022,-2.06,16.73,1
weo-2026-04,HKG,2023,6.13,-12.21,0
weo-2026-04,HND,2002,9.08,24.24,1
weo-2026-04,HND,2003,10.57,8.57,0
weo-2026-04,HND,2004,13.09,10.61,0
weo-2026-04,HND,2005,13.77,5.85,0
weo-2026-04,HND,2006,12.27,16.93,0
weo-2026-04,HND,2007,13.22,14.36,0
weo-2026-04,HND,2008,12.35,22.73,0
weo-2026-04,HND,2009,5.04,11.88,1
weo-2026-04,HND,2010,8.58,0.8,1
weo-2026-04,HND,2011,11.94,7.86,1
weo-2026-04,HND,2012,7.86,9.11,0
weo-2026-04,HND,2013,4.2,9.56,1
weo-2026-04,HND,2014,10.12,3.38,1
weo-2026-04,HND,2015,11.04,7.3,1
weo-2026-04,HND,2016,7.71,14.22,0
weo-2026-04,HND,2017,9.57,7.12,0
weo-2026-04,HND,2018,5.87,2.66,1
weo-2026-04,HND,2019,6.0,4.52,1
weo-2026-04,HND,2020,-5.87,3.13,1
weo-2026-04,HND,2021,17.75,18.7,0
weo-2026-04,HND,2022,13.84,-5.63,0
weo-2026-04,HND,2023,9.84,24.59,1
weo-2026-04,HRV,2002,9.87,7.99,0
weo-2026-04,HRV,2003,10.12,11.26,0
weo-2026-04,HRV,2004,7.93,6.37,0
weo-2026-04,HRV,2005,7.57,1.86,0
weo-2026-04,HRV,2006,9.15,4.98,0
weo-2026-04,HRV,2007,9.55,13.99,0
weo-2026-04,HRV,2008,7.61,7.05,1
weo-2026-04,HRV,2009,-4.02,1.52,1
weo-2026-04,HRV,2010,-0.43,-3.15,1
weo-2026-04,HRV,2011,1.55,1.86,1
weo-2026-04,HRV,2012,-0.85,-4.43,1
weo-2026-04,HRV,2013,0.6,2.01,1
weo-2026-04,HRV,2014,-0.43,0.85,1
weo-2026-04,HRV,2015,2.45,-0.55,1
weo-2026-04,HRV,2016,3.48,0.16,0
weo-2026-04,HRV,2017,4.56,1.2,0
weo-2026-04,HRV,2018,4.99,8.06,1
weo-2026-04,HRV,2019,5.15,3.71,1
weo-2026-04,HRV,2020,-7.58,13.45,1
weo-2026-04,HRV,2021,14.97,3.52,0
weo-2026-04,HRV,2022,15.89,8.46,0
weo-2026-04,HRV,2023,17.12,20.35,0
weo-2026-04,HTI,2002,8.73,20.25,1
weo-2026-04,HTI,2003,19.02,36.18,0
weo-2026-04,HTI,2004,22.69,17.12,1
weo-2026-04,HTI,2005,16.91,36.8,0
weo-2026-04,HTI,2006,11.27,25.53,0
weo-2026-04,HTI,2007,14.29,33.4,0
weo-2026-04,HTI,2008,12.66,13.7,0
weo-2026-04,HTI,2009,17.59,21.79,0
weo-2026-04,HTI,2010,1.32,11.59,1
weo-2026-04,HTI,2011,9.64,23.55,0
weo-2026-04,HTI,2012,8.75,26.89,1
weo-2026-04,HTI,2013,12.75,8.73,0
weo-2026-04,HTI,2014,5.12,-3.32,1
weo-2026-04,HTI,2015,6.61,-6.33,0
weo-2026-04,HTI,2016,17.25,-3.88,0
weo-2026-04,HTI,2017,16.87,13.78,0
weo-2026-04,HTI,2018,9.07,19.72,1
weo-2026-04,HTI,2019,15.57,-2.87,1
weo-2026-04,HTI,2020,16.55,20.32,1
weo-2026-04,HTI,2021,17.2,10.47,1
weo-2026-04,HTI,2022,27.6,12.92,1
weo-2026-04,HTI,2023,29.06,-0.69,1
weo-2026-04,HUN,2002,13.16,24.08,0
weo-2026-04,HUN,2003,9.56,5.14,0
weo-2026-04,HUN,2004,10.36,8.76,0
weo-2026-04,HUN,2005,7.04,8.91,0
weo-2026-04,HUN,2006,7.75,12.91,0
weo-2026-04,HUN,2007,5.79,2.13,1
weo-2026-04,HUN,2008,5.84,3.6,1
weo-2026-04,HUN,2009,-2.81,0.46,1
weo-2026-04,HUN,2010,3.63,0.23,1
weo-2026-04,HUN,2011,3.88,4.45,1
weo-2026-04,HUN,2012,1.5,0.69,1
weo-2026-04,HUN,2013,4.92,6.73,1
weo-2026-04,HUN,2014,8.18,9.25,0
weo-2026-04,HUN,2015,6.57,8.33,1
weo-2026-04,HUN,2016,3.79,-3.62,1
weo-2026-04,HUN,2017,8.33,9.31,0
weo-2026-04,HUN,2018,10.72,9.7,0
weo-2026-04,HUN,2019,10.07,10.14,0
weo-2026-04,HUN,2020,1.81,13.86,1
weo-2026-04,HUN,2021,13.84,7.19,0
weo-2026-04,HUN,2022,18.7,20.18,0
weo-2026-04,HUN,2023,14.17,12.06,1
weo-2026-04,IDN,2002,10.66,-5.49,1
weo-2026-04,IDN,2003,10.53,34.29,1
weo-2026-04,IDN,2004,14.01,15.05,1
weo-2026-04,IDN,2005,20.84,20.1,0
weo-2026-04,IDN,2006,20.36,28.28,0
weo-2026-04,IDN,2007,18.32,22.97,0
weo-2026-04,IDN,2008,26.01,32.61,0
weo-2026-04,IDN,2009,11.02,-3.32,1
weo-2026-04,IDN,2010,14.19,15.16,0
weo-2026-04,IDN,2011,14.1,20.85,0
weo-2026-04,IDN,2012,10.01,17.64,0
weo-2026-04,IDN,2013,10.8,10.59,0
weo-2026-04,IDN,2014,10.72,7.37,1
weo-2026-04,IDN,2015,9.05,3.61,1
weo-2026-04,IDN,2016,7.59,2.29,1
weo-2026-04,IDN,2017,9.58,5.35,0
weo-2026-04,IDN,2018,9.19,9.36,0
weo-2026-04,IDN,2019,6.7,4.87,1
weo-2026-04,IDN,2020,-2.46,9.38,1
weo-2026-04,IDN,2021,9.93,7.97,1
weo-2026-04,IDN,2022,15.38,9.54,0
weo-2026-04,IDN,2023,6.66,1.4,1
weo-2026-04,IND,2002,7.66,10.31,1
weo-2026-04,IND,2003,12.03,15.45,0
weo-2026-04,IND,2004,14.1,6.94,0
weo-2026-04,IND,2005,13.99,2.21,0
weo-2026-04,IND,2006,17.14,15.62,0
weo-2026-04,IND,2007,15.14,17.88,0
weo-2026-04,IND,2008,12.56,24.57,1
weo-2026-04,IND,2009,15.46,15.18,0
weo-2026-04,IND,2010,19.92,19.77,0
weo-2026-04,IND,2011,14.43,12.24,1
weo-2026-04,IND,2012,13.53,12.74,1
weo-2026-04,IND,2013,12.67,8.17,1
weo-2026-04,IND,2014,10.7,9.52,1
weo-2026-04,IND,2015,10.17,15.79,0
weo-2026-04,IND,2016,11.47,12.23,0
weo-2026-04,IND,2017,10.74,5.88,1
weo-2026-04,IND,2018,10.3,10.8,1
weo-2026-04,IND,2019,6.09,8.98,1
weo-2026-04,IND,2020,-1.5,13.28,1
weo-2026-04,IND,2021,18.54,15.53,0
weo-2026-04,IND,2022,13.65,10.79,0
weo-2026-04,IND,2023,10.97,9.51,1
weo-2026-04,IRL,2002,11.39,13.73,0
weo-2026-04,IRL,2003,7.04,6.43,1
weo-2026-04,IRL,2004,7.34,8.31,0
weo-2026-04,IRL,2005,8.99,10.03,0
weo-2026-04,IRL,2006,8.58,10.81,1
weo-2026-04,IRL,2007,6.57,13.7,0
weo-2026-04,IRL,2008,-4.97,10.89,1
weo-2026-04,IRL,2009,-9.48,0.64,1
weo-2026-04,IRL,2010,-1.34,36.28,1
weo-2026-04,IRL,2011,3.51,-26.72,1
weo-2026-04,IRL,2012,2.02,-10.32,1
weo-2026-04,IRL,2013,3.56,-3.57,1
weo-2026-04,IRL,2014,9.67,0.39,0
weo-2026-04,IRL,2015,35.74,5.08,0
weo-2026-04,IRL,2016,1.34,-0.39,1
weo-2026-04,IRL,2017,11.75,3.27,0
weo-2026-04,IRL,2018,8.68,7.77,0
weo-2026-04,IRL,2019,8.54,5.81,1
weo-2026-04,IRL,2020,4.94,19.23,0
weo-2026-04,IRL,2021,17.48,4.18,0
weo-2026-04,IRL,2022,16.12,2.17,0
weo-2026-04,IRL,2023,0.77,9.48,1
weo-2026-04,IRN,2002,40.7,61.78,0
weo-2026-04,IRN,2003,24.3,24.73,0
weo-2026-04,IRN,2004,25.58,21.24,1
weo-2026-04,IRN,2005,24.0,47.53,1
weo-2026-04,IRN,2006,20.31,25.35,0
weo-2026-04,IRN,2007,32.97,0.78,0
weo-2026-04,IRN,2008,19.72,42.28,1
weo-2026-04,IRN,2009,5.65,-1.45,1
weo-2026-04,IRN,2010,22.6,10.32,0
weo-2026-04,IRN,2011,28.58,33.78,0
weo-2026-04,IRN,2012,14.5,-10.86,1
weo-2026-04,IRN,2013,34.69,36.18,1
weo-2026-04,IRN,2014,15.23,22.63,0
weo-2026-04,IRN,2015,-1.23,13.84,1
weo-2026-04,IRN,2016,7.5,21.9,0
weo-2026-04,IRN,2017,16.2,15.06,1
weo-2026-04,IRN,2018,27.93,12.63,1
weo-2026-04,IRN,2019,27.84,15.61,1
weo-2026-04,IRN,2020,53.09,36.61,0
weo-2026-04,IRN,2021,62.3,79.23,1
weo-2026-04,IRN,2022,57.65,53.53,0
weo-2026-04,IRN,2023,44.61,40.91,0
weo-2026-04,IRQ,2005,38.13,-3.79,1
weo-2026-04,IRQ,2006,29.99,3.23,0
weo-2026-04,IRQ,2007,16.6,3.07,1
weo-2026-04,IRQ,2008,40.89,81.78,0
weo-2026-04,IRQ,2009,-16.8,-11.64,0
weo-2026-04,IRQ,2010,24.05,-0.07,0
weo-2026-04,IRQ,2011,34.1,16.52,0
weo-2026-04,IRQ,2012,16.98,16.64,0
weo-2026-04,IRQ,2013,7.62,21.18,0
weo-2026-04,IRQ,2014,0.01,-9.1,1
weo-2026-04,IRQ,2015,-24.3,-25.51,1
weo-2026-04,IRQ,2016,-4.03,-6.64,0
weo-2026-04,IRQ,2017,13.01,-6.44,1
weo-2026-04,IRQ,2018,21.12,4.71,1
weo-2026-04,IRQ,2019,2.82,16.1,0
weo-2026-04,IRQ,2020,-22.29,-6.07,1
weo-2026-04,IRQ,2021,40.56,23.77,1
weo-2026-04,IRQ,2022,36.68,27.68,0
weo-2026-04,IRQ,2023,-14.68,3.26,1
weo-2026-04,ISL,2002,6.44,2.1,1
weo-2026-04,ISL,2003,2.78,7.79,1
weo-2026-04,ISL,2004,10.49,8.08,0
weo-2026-04,ISL,2005,10.18,6.73,0
weo-2026-04,ISL,2006,14.84,18.09,0
weo-2026-04,ISL,2007,13.42,13.2,0
weo-2026-04,ISL,2008,14.09,62.76,1
weo-2026-04,ISL,2009,1.79,-19.21,1
weo-2026-04,ISL,2010,4.18,-6.03,1
weo-2026-04,ISL,2011,4.88,9.2,1
weo-2026-04,ISL,2012,4.72,-2.8,1
weo-2026-04,ISL,2013,6.18,1.75,0
weo-2026-04,ISL,2014,6.21,4.76,1
weo-2026-04,ISL,2015,10.77,4.39,0
weo-2026-04,ISL,2016,9.08,18.86,0
weo-2026-04,ISL,2017,5.11,-0.31,1
weo-2026-04,ISL,2018,7.91,8.88,0
weo-2026-04,ISL,2019,6.03,5.23,1
weo-2026-04,ISL,2020,-2.59,15.0,1
weo-2026-04,ISL,2021,11.65,7.51,0
weo-2026-04,ISL,2022,18.47,9.2,0
weo-2026-04,ISL,2023,10.8,8.68,0
weo-2026-04,ISR,2002,4.57,7.1,1
weo-2026-04,ISR,2003,0.78,-1.83,1
weo-2026-04,ISR,2004,4.9,-2.71,0
weo-2026-04,ISR,2005,5.44,3.22,0
weo-2026-04,ISR,2006,6.94,6.77,0
weo-2026-04,ISR,2007,7.15,3.18,0
weo-2026-04,ISR,2008,4.62,5.81,1
weo-2026-04,ISR,2009,5.71,6.99,1
weo-2026-04,ISR,2010,6.8,4.56,0
weo-2026-04,ISR,2011,7.04,5.97,0
weo-2026-04,ISR,2012,5.93,7.88,1
weo-2026-04,ISR,2013,6.05,6.55,0
weo-2026-04,ISR,2014,4.52,3.14,1
weo-2026-04,ISR,2015,4.65,3.51,1
weo-2026-04,ISR,2016,4.76,5.42,0
weo-2026-04,ISR,2017,4.31,5.56,0
weo-2026-04,ISR,2018,4.8,6.39,1
weo-2026-04,ISR,2019,5.55,4.97,1
weo-2026-04,ISR,2020,-0.6,15.96,1
weo-2026-04,ISR,2021,11.84,-2.53,0
weo-2026-04,ISR,2022,11.53,0.46,0
weo-2026-04,ISR,2023,6.72,17.38,1
weo-2026-04,ITA,2002,3.58,3.4,1
weo-2026-04,ITA,2003,3.24,5.56,1
weo-2026-04,ITA,2004,4.14,4.13,0
weo-2026-04,ITA,2005,2.86,4.11,1
weo-2026-04,ITA,2006,4.06,5.52,0
weo-2026-04,ITA,2007,3.97,0.96,0
weo-2026-04,ITA,2008,1.36,3.73,1
weo-2026-04,ITA,2009,-3.63,4.82,1
weo-2026-04,ITA,2010,2.14,-0.4,0
weo-2026-04,ITA,2011,2.44,-0.02,1
weo-2026-04,ITA,2012,-1.48,0.55,1
weo-2026-04,ITA,2013,-0.71,0.92,1
weo-2026-04,ITA,2014,0.9,1.02,1
weo-2026-04,ITA,2015,1.68,1.61,0
weo-2026-04,ITA,2016,2.5,0.13,0
weo-2026-04,ITA,2017,2.32,2.19,0
weo-2026-04,ITA,2018,1.91,1.14,0
weo-2026-04,ITA,2019,1.48,2.38,1
weo-2026-04,ITA,2020,-7.43,9.49,1
weo-2026-04,ITA,2021,10.33,8.78,0
weo-2026-04,ITA,2022,8.44,4.83,0
weo-2026-04,ITA,2023,7.24,5.63,0
weo-2026-04,JAM,2002,11.26,20.61,1
weo-2026-04,JAM,2003,15.72,2.64,0
weo-2026-04,JAM,2004,14.35,17.68,1
weo-2026-04,JAM,2005,12.47,9.4,1
weo-2026-04,JAM,2006,12.0,32.65,0
weo-2026-04,JAM,2007,12.91,16.99,0
weo-2026-04,JAM,2008,12.63,25.66,1
weo-2026-04,JAM,2009,6.8,2.89,1
weo-2026-04,JAM,2010,8.21,11.89,1
weo-2026-04,JAM,2011,7.63,8.48,1
weo-2026-04,JAM,2012,5.92,-3.59,1
weo-2026-04,JAM,2013,8.98,4.77,1
weo-2026-04,JAM,2014,7.67,3.21,1
weo-2026-04,JAM,2015,10.64,13.78,0
weo-2026-04,JAM,2016,6.48,8.64,0
weo-2026-04,JAM,2017,8.37,14.52,0
weo-2026-04,JAM,2018,7.55,14.04,0
weo-2026-04,JAM,2019,4.49,4.93,0
weo-2026-04,JAM,2020,-5.89,1.6,1
weo-2026-04,JAM,2021,12.69,10.85,0
weo-2026-04,JAM,2022,19.91,19.0,0
weo-2026-04,JAM,2023,14.39,12.46,0
weo-2026-04,JOR,2002,7.59,14.06,0
weo-2026-04,JOR,2003,6.05,18.27,0
weo-2026-04,JOR,2004,11.31,14.43,0
weo-2026-04,JOR,2005,11.58,16.08,0
weo-2026-04,JOR,2006,20.26,10.92,0
weo-2026-04,JOR,2007,13.68,7.88,0
weo-2026-04,JOR,2008,29.45,19.39,0
weo-2026-04,JOR,2009,7.11,11.61,0
weo-2026-04,JOR,2010,9.98,-5.08,1
weo-2026-04,JOR,2011,8.07,19.96,1
weo-2026-04,JOR,2012,6.78,0.83,1
weo-2026-04,JOR,2013,8.66,31.1,1
weo-2026-04,JOR,2014,7.03,11.86,0
weo-2026-04,JOR,2015,4.59,-7.61,1
weo-2026-04,JOR,2016,3.05,-3.95,1
weo-2026-04,JOR,2017,4.23,10.41,1
weo-2026-04,JOR,2018,4.17,8.69,1
weo-2026-04,JOR,2019,2.54,-0.42,1
weo-2026-04,JOR,2020,-1.46,-1.66,1
weo-2026-04,JOR,2021,5.78,7.94,0
weo-2026-04,JOR,2022,5.55,2.55,1
weo-2026-04,JOR,2023,4.87,6.55,0
weo-2026-04,JPN,2002,-1.31,-0.77,1
weo-2026-04,JPN,2003,-0.41,-0.99,0
weo-2026-04,JPN,2004,0.83,-2.58,0
weo-2026-04,JPN,2005,0.51,0.94,0
weo-2026-04,JPN,2006,0.59,-0.34,0
weo-2026-04,JPN,2007,0.74,0.76,0
weo-2026-04,JPN,2008,-2.06,0.41,1
weo-2026-04,JPN,2009,-6.37,6.2,1
weo-2026-04,JPN,2010,2.16,-0.44,0
weo-2026-04,JPN,2011,-1.76,0.57,1
weo-2026-04,JPN,2012,0.85,0.58,0
weo-2026-04,JPN,2013,1.82,2.22,0
weo-2026-04,JPN,2014,2.66,0.95,1
weo-2026-04,JPN,2015,3.91,0.73,0
weo-2026-04,JPN,2016,1.29,0.94,1
weo-2026-04,JPN,2017,1.65,0.34,0
weo-2026-04,JPN,2018,0.71,1.26,1
weo-2026-04,JPN,2019,0.47,2.14,1
weo-2026-04,JPN,2020,-3.11,16.36,1
weo-2026-04,JPN,2021,3.52,-1.73,0
weo-2026-04,JPN,2022,1.98,-0.42,1
weo-2026-04,JPN,2023,5.32,-0.65,1
weo-2026-04,KAZ,2003,22.13,30.71,0
weo-2026-04,KAZ,2004,27.28,28.13,0
weo-2026-04,KAZ,2005,29.31,33.31,0
weo-2026-04,KAZ,2006,34.56,21.22,0
weo-2026-04,KAZ,2007,25.81,53.13,0
weo-2026-04,KAZ,2008,24.93,35.56,1
weo-2026-04,KAZ,2009,5.95,-6.71,1
weo-2026-04,KAZ,2010,28.27,20.48,0
weo-2026-04,KAZ,2011,29.46,24.84,0
weo-2026-04,KAZ,2012,9.82,16.11,0
weo-2026-04,KAZ,2013,16.07,4.63,0
weo-2026-04,KAZ,2014,10.21,17.76,1
weo-2026-04,KAZ,2015,3.05,6.7,1
weo-2026-04,KAZ,2016,14.89,8.7,1
weo-2026-04,KAZ,2017,15.77,36.24,1
weo-2026-04,KAZ,2018,13.68,-10.88,1
weo-2026-04,KAZ,2019,12.48,17.08,0
weo-2026-04,KAZ,2020,1.61,25.19,1
weo-2026-04,KAZ,2021,18.83,1.26,1
weo-2026-04,KAZ,2022,23.6,20.95,1
weo-2026-04,KAZ,2023,15.11,23.53,0
weo-2026-04,KEN,2002,2.02,6.3,1
weo-2026-04,KEN,2003,8.39,13.44,1
weo-2026-04,KEN,2004,11.08,9.78,1
weo-2026-04,KEN,2005,10.16,15.07,0
weo-2026-04,KEN,2006,7.62,14.79,0
weo-2026-04,KEN,2007,15.52,22.07,0
weo-2026-04,KEN,2008,14.94,21.16,1
weo-2026-04,KEN,2009,15.33,24.58,1
weo-2026-04,KEN,2010,9.83,16.46,0
weo-2026-04,KEN,2011,15.7,7.29,0
weo-2026-04,KEN,2012,14.53,26.53,1
weo-2026-04,KEN,2013,11.41,16.19,1
weo-2026-04,KEN,2014,13.04,12.43,0
weo-2026-04,KEN,2015,14.67,16.09,0
weo-2026-04,KEN,2016,10.31,16.39,1
weo-2026-04,KEN,2017,11.71,8.92,1
weo-2026-04,KEN,2018,10.1,5.12,0
weo-2026-04,KEN,2019,9.61,8.6,0
weo-2026-04,KEN,2020,4.66,5.1,1
weo-2026-04,KEN,2021,12.25,7.15,0
weo-2026-04,KEN,2022,12.16,5.49,1
weo-2026-04,KEN,2023,11.45,5.96,0
weo-2026-04,KGZ,2002,2.01,7.08,1
weo-2026-04,KGZ,2003,11.28,6.57,0
weo-2026-04,KGZ,2004,12.49,14.78,0
weo-2026-04,KGZ,2005,6.94,8.56,1
weo-2026-04,KGZ,2006,12.79,15.79,1
weo-2026-04,KGZ,2007,24.69,27.78,0
weo-2026-04,KGZ,2008,32.48,24.18,0
weo-2026-04,KGZ,2009,7.04,25.2,1
weo-2026-04,KGZ,2010,9.52,25.19,1
weo-2026-04,KGZ,2011,29.78,30.2,0
weo-2026-04,KGZ,2012,8.56,18.21,1
weo-2026-04,KGZ,2013,14.44,7.69,0
weo-2026-04,KGZ,2014,12.78,14.12,1
weo-2026-04,KGZ,2015,7.44,6.06,1
weo-2026-04,KGZ,2016,10.65,12.89,1
weo-2026-04,KGZ,2017,11.37,5.89,0
weo-2026-04,KGZ,2018,7.33,-4.88,1
weo-2026-04,KGZ,2019,14.86,7.58,0
weo-2026-04,KGZ,2020,-2.19,1.5,1
weo-2026-04,KGZ,2021,22.38,23.18,0
weo-2026-04,KGZ,2022,30.39,41.4,0
weo-2026-04,KGZ,2023,30.66,22.4,0
weo-2026-04,KHM,2002,9.01,19.64,0
weo-2026-04,KHM,2003,14.08,2.87,0
weo-2026-04,KHM,2004,19.21,1.34,0
weo-2026-04,KHM,2005,21.84,6.74,0
weo-2026-04,KHM,2006,17.49,22.29,0
weo-2026-04,KHM,2007,18.38,30.43,0
weo-2026-04,KHM,2008,22.52,28.1,0
weo-2026-04,KHM,2009,6.31,36.39,1
weo-2026-04,KHM,2010,8.37,11.82,1
weo-2026-04,KHM,2011,13.49,8.83,0
weo-2026-04,KHM,2012,9.78,14.51,0
weo-2026-04,KHM,2013,10.69,6.43,1
weo-2026-04,KHM,2014,12.98,11.78,1
weo-2026-04,KHM,2015,9.2,-2.88,1
weo-2026-04,KHM,2016,9.87,15.16,1
weo-2026-04,KHM,2017,9.66,17.53,1
weo-2026-04,KHM,2018,12.81,12.1,0
weo-2026-04,KHM,2019,9.96,21.6,0
weo-2026-04,KHM,2020,-3.6,10.53,1
weo-2026-04,KHM,2021,5.22,9.42,1
weo-2026-04,KHM,2022,9.63,-4.96,1
weo-2026-04,KHM,2023,7.09,10.16,1
weo-2026-04,KOR,2002,10.99,5.72,0
weo-2026-04,KOR,2003,6.75,18.07,1
weo-2026-04,KOR,2004,8.61,10.65,0
weo-2026-04,KOR,2005,5.55,2.34,0
weo-2026-04,KOR,2006,5.07,8.86,0
weo-2026-04,KOR,2007,8.5,9.7,0
weo-2026-04,KOR,2008,6.03,6.05,1
weo-2026-04,KOR,2009,4.35,7.86,1
weo-2026-04,KOR,2010,9.89,0.99,0
weo-2026-04,KOR,2011,5.01,7.34,0
weo-2026-04,KOR,2012,3.87,5.37,1
weo-2026-04,KOR,2013,4.4,5.4,0
weo-2026-04,KOR,2014,4.3,3.32,0
weo-2026-04,KOR,2015,6.24,5.47,1
weo-2026-04,KOR,2016,5.3,3.45,1
weo-2026-04,KOR,2017,5.52,6.56,0
weo-2026-04,KOR,2018,3.76,7.62,1
weo-2026-04,KOR,2019,1.68,12.45,1
weo-2026-04,KOR,2020,0.88,11.81,1
weo-2026-04,KOR,2021,7.94,9.57,0
weo-2026-04,KOR,2022,4.58,15.01,1
weo-2026-04,KOR,2023,3.65,-10.83,1
weo-2026-04,KWT,2002,8.32,12.06,0
weo-2026-04,KWT,2003,23.1,10.07,0
weo-2026-04,KWT,2004,22.78,20.48,0
weo-2026-04,KWT,2005,34.69,13.79,0
weo-2026-04,KWT,2006,24.91,43.1,0
weo-2026-04,KWT,2007,10.56,7.73,0
weo-2026-04,KWT,2008,21.61,60.53,1
weo-2026-04,KWT,2009,-23.03,-14.82,1
weo-2026-04,KWT,2010,8.47,15.75,1
weo-2026-04,KWT,2011,28.51,13.12,0
weo-2026-04,KWT,2012,14.61,12.5,0
weo-2026-04,KWT,2013,1.38,6.03,1
weo-2026-04,KWT,2014,-6.29,11.72,1
weo-2026-04,KWT,2015,-25.52,-3.9,1
weo-2026-04,KWT,2016,-4.11,-3.51,0
weo-2026-04,KWT,2017,10.75,5.6,1
weo-2026-04,KWT,2018,14.35,10.2,0
weo-2026-04,KWT,2019,2.15,1.58,1
weo-2026-04,KWT,2020,-20.48,0.49,1
weo-2026-04,KWT,2021,31.59,0.79,1
weo-2026-04,KWT,2022,25.58,8.46,0
weo-2026-04,KWT,2023,-9.56,11.15,1
weo-2026-04,LAO,2002,18.13,3.26,1
weo-2026-04,LAO,2003,20.09,15.25,1
weo-2026-04,LAO,2004,18.64,-2.1,0
weo-2026-04,LAO,2005,15.77,30.85,1
weo-2026-04,LAO,2006,22.23,19.22,0
weo-2026-04,LAO,2007,14.97,18.48,0
weo-2026-04,LAO,2008,13.81,21.66,0
weo-2026-04,LAO,2009,5.47,33.27,0
weo-2026-04,LAO,2010,13.15,25.95,0
weo-2026-04,LAO,2011,16.07,3.9,0
weo-2026-04,LAO,2012,13.41,38.72,0
weo-2026-04,LAO,2013,15.02,11.79,0
weo-2026-04,LAO,2014,13.77,18.18,0
weo-2026-04,LAO,2015,9.79,13.18,0
weo-2026-04,LAO,2016,10.26,-11.02,1
weo-2026-04,LAO,2017,8.83,13.42,1
weo-2026-04,LAO,2018,8.33,0.83,1
weo-2026-04,LAO,2019,7.0,-5.52,1
weo-2026-04,LAO,2020,2.81,1.32,1
weo-2026-04,LAO,2021,7.8,-6.62,1
weo-2026-04,LAO,2022,20.25,7.9,1
weo-2026-04,LAO,2023,29.06,52.94,1
weo-2026-04,LBN,2002,8.51,-2.44,0
weo-2026-04,LBN,2003,3.44,1.62,1
weo-2026-04,LBN,2004,8.59,15.0,0
weo-2026-04,LBN,2005,1.6,1.1,0
weo-2026-04,LBN,2006,2.44,12.43,1
weo-2026-04,LBN,2007,12.74,10.85,0
weo-2026-04,LBN,2008,17.29,19.52,0
weo-2026-04,LBN,2009,21.57,12.24,0
weo-2026-04,LBN,2010,8.6,-2.95,0
weo-2026-04,LBN,2011,3.86,6.3,1
weo-2026-04,LBN,2012,10.24,24.92,0
weo-2026-04,LBN,2013,6.48,0.83,0
weo-2026-04,LBN,2014,2.56,-0.84,0
weo-2026-04,LBN,2015,3.8,-8.55,1
weo-2026-04,LBN,2016,1.45,9.58,1
weo-2026-04,LBN,2017,4.47,15.68,1
weo-2026-04,LBN,2018,4.56,9.94,1
weo-2026-04,LBN,2019,-3.59,-8.34,1
weo-2026-04,LBN,2020,14.08,14.75,1
weo-2026-04,LBN,2021,177.91,23.75,1
weo-2026-04,LBR,2002,4.37,9.5,1
weo-2026-04,LBR,2003,-24.34,-44.17,1
weo-2026-04,LBR,2004,25.75,57.47,1
weo-2026-04,LBR,2005,5.26,11.4,0
weo-2026-04,LBR,2006,17.43,2.3,0
weo-2026-04,LBR,2007,21.16,87.11,0
weo-2026-04,LBR,2008,24.7,55.84,0
weo-2026-04,LBR,2009,5.34,15.84,0
weo-2026-04,LBR,2010,11.4,18.63,0
weo-2026-04,LBR,2011,19.02,42.34,0
weo-2026-04,LBR,2012,14.28,17.01,0
weo-2026-04,LBR,2013,13.81,1.12,0
weo-2026-04,LBR,2014,1.53,23.39,1
weo-2026-04,LBR,2015,0.04,10.93,1
weo-2026-04,LBR,2016,5.31,1.45,1
weo-2026-04,LBR,2017,1.99,-0.37,1
weo-2026-04,LBR,2018,-1.7,-9.72,1
weo-2026-04,LBR,2019,-5.64,-7.32,1
weo-2026-04,LBR,2020,-1.39,7.29,1
weo-2026-04,LBR,2021,15.53,-1.75,0
weo-2026-04,LBR,2022,13.27,3.72,0
weo-2026-04,LBR,2023,10.47,15.79,1
weo-2026-04,LBY,2002,26.03,40.64,1
weo-2026-04,LBY,2003,29.24,31.91,0
weo-2026-04,LBY,2004,28.08,26.04,0
weo-2026-04,LBY,2005,43.83,-1.38,0
weo-2026-04,LBY,2006,23.5,25.0,0
weo-2026-04,LBY,2007,8.82,27.72,0
weo-2026-04,LBY,2008,23.51,51.54,1
weo-2026-04,LBY,2009,-28.15,5.54,1
weo-2026-04,LBY,2010,25.27,10.02,0
weo-2026-04,LBY,2011,-38.25,-53.78,1
weo-2026-04,LBY,2012,98.0,96.77,0
weo-2026-04,LBY,2013,-17.93,53.1,1
weo-2026-04,LBY,2014,-23.82,-37.76,1
weo-2026-04,LBY,2015,-7.82,-17.8,1
weo-2026-04,LBY,2016,3.13,-19.0,1
weo-2026-04,LBY,2017,34.89,12.07,0
weo-2026-04,LBY,2018,11.82,20.25,0
weo-2026-04,LBY,2019,-7.49,16.54,1
weo-2026-04,LBY,2020,-32.81,-18.56,1
weo-2026-04,LBY,2021,144.35,175.73,0
weo-2026-04,LBY,2022,30.92,25.83,1
weo-2026-04,LBY,2023,1.81,32.17,0
weo-2026-04,LCA,2002,0.84,7.96,1
weo-2026-04,LCA,2003,9.72,4.63,0
weo-2026-04,LCA,2004,8.04,6.25,0
weo-2026-04,LCA,2005,6.46,21.18,1
weo-2026-04,LCA,2006,11.68,7.1,0
weo-2026-04,LCA,2007,4.98,-5.26,1
weo-2026-04,LCA,2008,7.21,5.71,0
weo-2026-04,LCA,2009,-1.89,9.11,1
weo-2026-04,LCA,2010,5.96,12.04,1
weo-2026-04,LCA,2011,5.79,10.4,0
weo-2026-04,LCA,2012,1.87,2.03,1
weo-2026-04,LCA,2013,3.9,-8.94,1
weo-2026-04,LCA,2014,5.35,-3.6,1
weo-2026-04,LCA,2015,3.34,0.21,1
weo-2026-04,LCA,2016,3.37,7.72,0
weo-2026-04,LCA,2017,6.96,8.39,0
weo-2026-04,LCA,2018,3.12,3.77,0
weo-2026-04,LCA,2019,1.67,8.08,1
weo-2026-04,LCA,2020,-27.87,4.01,1
weo-2026-04,LCA,2021,23.68,-0.57,0
weo-2026-04,LCA,2022,24.84,2.29,0
weo-2026-04,LCA,2023,2.7,11.78,0
weo-2026-04,LKA,2002,12.4,-1.86,1
weo-2026-04,LKA,2003,11.4,2.05,0
weo-2026-04,LKA,2004,14.73,22.21,0
weo-2026-04,LKA,2005,17.31,30.17,0
weo-2026-04,LKA,2006,19.81,21.17,0
weo-2026-04,LKA,2007,21.78,17.07,0
weo-2026-04,LKA,2008,23.25,18.92,0
weo-2026-04,LKA,2009,9.63,13.89,1
weo-2026-04,LKA,2010,15.9,3.96,0
weo-2026-04,LKA,2011,12.99,16.05,0
weo-2026-04,LKA,2012,20.0,6.64,0
weo-2026-04,LKA,2013,10.56,5.11,1
weo-2026-04,LKA,2014,8.42,17.17,0
weo-2026-04,LKA,2015,7.35,20.35,1
weo-2026-04,LKA,2016,10.77,1.26,1
weo-2026-04,LKA,2017,12.29,6.65,0
weo-2026-04,LKA,2018,6.7,0.19,1
weo-2026-04,LKA,2019,3.64,19.16,1
weo-2026-04,LKA,2020,-1.66,13.18,1
weo-2026-04,LKA,2021,12.57,-0.4,1
weo-2026-04,LKA,2022,36.63,17.56,1
weo-2026-04,LKA,2023,13.95,-0.22,1
weo-2026-04,LSO,2002,12.84,10.16,1
weo-2026-04,LSO,2003,8.25,6.56,0
weo-2026-04,LSO,2004,10.95,0.83,1
weo-2026-04,LSO,2005,10.76,16.69,0
weo-2026-04,LSO,2006,9.34,21.44,0
weo-2026-04,LSO,2007,3.58,16.46,0
weo-2026-04,LSO,2008,16.73,36.12,0
weo-2026-04,LSO,2009,3.54,27.38,1
weo-2026-04,LSO,2010,11.86,-6.63,0
weo-2026-04,LSO,2011,12.87,22.52,0
weo-2026-04,LSO,2012,9.61,5.77,0
weo-2026-04,LSO,2013,13.27,13.65,1
weo-2026-04,LSO,2014,15.33,-0.88,1
weo-2026-04,LSO,2015,10.81,13.95,0
weo-2026-04,LSO,2016,2.16,7.07,1
weo-2026-04,LSO,2017,1.61,-5.74,1
weo-2026-04,LSO,2018,7.93,10.7,1
weo-2026-04,LSO,2019,1.02,2.54,1
weo-2026-04,LSO,2020,-0.34,1.89,1
weo-2026-04,LSO,2021,5.98,5.28,0
weo-2026-04,LSO,2022,6.52,-0.2,1
weo-2026-04,LSO,2023,7.96,3.72,0
weo-2026-04,LTU,2002,7.09,0.44,0
weo-2026-04,LTU,2003,9.58,4.25,0
weo-2026-04,LTU,2004,9.73,14.27,0
weo-2026-04,LTU,2005,14.73,15.67,0
weo-2026-04,LTU,2006,14.39,15.65,0
weo-2026-04,LTU,2007,20.87,24.33,0
weo-2026-04,LTU,2008,12.52,21.65,1
weo-2026-04,LTU,2009,-17.35,-4.25,1
weo-2026-04,LTU,2010,2.5,-3.02,1
weo-2026-04,LTU,2011,12.25,4.22,0
weo-2026-04,LTU,2012,7.09,-3.33,1
weo-2026-04,LTU,2013,4.92,2.83,1
weo-2026-04,LTU,2014,4.41,2.35,1
weo-2026-04,LTU,2015,2.83,3.76,1
weo-2026-04,LTU,2016,3.66,1.98,1
weo-2026-04,LTU,2017,8.92,6.0,0
weo-2026-04,LTU,2018,8.69,10.87,0
weo-2026-04,LTU,2019,7.16,10.07,0
weo-2026-04,LTU,2020,2.05,26.0,1
weo-2026-04,LTU,2021,12.83,-0.11,0
weo-2026-04,LTU,2022,18.3,16.35,1
weo-2026-04,LTU,2023,10.82,12.91,1
weo-2026-04,LUX,2002,4.74,13.77,0
weo-2026-04,LUX,2003,4.86,8.17,0
weo-2026-04,LUX,2004,7.48,7.95,0
weo-2026-04,LUX,2005,7.42,6.64,1
weo-2026-04,LUX,2006,12.86,2.81,0
weo-2026-04,LUX,2007,10.14,5.23,0
weo-2026-04,LUX,2008,6.29,8.39,1
weo-2026-04,LUX,2009,-2.4,7.74,1
weo-2026-04,LUX,2010,8.58,6.15,0
weo-2026-04,LUX,2011,4.53,3.51,1
weo-2026-04,LUX,2012,4.97,5.5,1
weo-2026-04,LUX,2013,5.52,3.94,0
weo-2026-04,LUX,2014,5.49,4.11,0
weo-2026-04,LUX,2015,4.54,3.9,1
weo-2026-04,LUX,2016,3.82,3.0,0
weo-2026-04,LUX,2017,3.49,6.6,1
weo-2026-04,LUX,2018,3.48,6.04,1
weo-2026-04,LUX,2019,3.69,5.53,0
weo-2026-04,LUX,2020,3.34,12.87,1
weo-2026-04,LUX,2021,13.24,2.21,0
weo-2026-04,LUX,2022,5.05,9.78,1
weo-2026-04,LUX,2023,7.02,12.43,1
weo-2026-04,LVA,2002,11.17,12.67,0
weo-2026-04,LVA,2003,12.38,9.41,0
weo-2026-04,LVA,2004,16.25,17.74,0
weo-2026-04,LVA,2005,23.27,27.52,0
weo-2026-04,LVA,2006,24.36,23.68,0
weo-2026-04,LVA,2007,32.0,29.66,0
weo-2026-04,LVA,2008,8.57,19.2,1
weo-2026-04,LVA,2009,-20.85,-11.15,1
weo-2026-04,LVA,2010,-4.13,-4.84,1
weo-2026-04,LVA,2011,7.89,1.75,1
weo-2026-04,LVA,2012,10.39,2.76,0
weo-2026-04,LVA,2013,4.04,4.62,1
weo-2026-04,LVA,2014,3.8,5.1,1
weo-2026-04,LVA,2015,4.18,2.02,0
weo-2026-04,LVA,2016,3.18,1.19,1
weo-2026-04,LVA,2017,6.2,7.79,0
weo-2026-04,LVA,2018,8.21,13.32,0
weo-2026-04,LVA,2019,5.02,4.1,1
weo-2026-04,LVA,2020,-1.16,8.33,1
weo-2026-04,LVA,2021,10.47,15.89,0
weo-2026-04,LVA,2022,11.79,9.79,1
weo-2026-04,LVA,2023,9.63,7.78,1
weo-2026-04,MAC,2002,7.45,10.81,0
weo-2026-04,MAC,2003,11.7,17.41,0
weo-2026-04,MAC,2004,29.08,12.18,0
weo-2026-04,MAC,2005,14.09,15.65,1
weo-2026-04,MAC,2006,22.17,11.23,0
weo-2026-04,MAC,2007,24.51,6.75,0
weo-2026-04,MAC,2008,13.81,41.75,1
weo-2026-04,MAC,2009,2.22,27.15,1
weo-2026-04,MAC,2010,31.12,15.08,0
weo-2026-04,MAC,2011,30.73,15.88,0
weo-2026-04,MAC,2012,16.8,16.87,0
weo-2026-04,MAC,2013,19.36,-11.45,0
weo-2026-04,MAC,2014,6.51,23.75,1
weo-2026-04,MAC,2015,-18.21,12.31,1
weo-2026-04,MAC,2016,0.18,5.11,1
weo-2026-04,MAC,2017,12.29,11.19,0
weo-2026-04,MAC,2018,10.14,6.68,1
weo-2026-04,MAC,2019,-0.12,1.98,1
weo-2026-04,MAC,2020,-54.52,21.73,1
weo-2026-04,MAC,2021,21.43,-7.11,0
weo-2026-04,MAC,2022,-18.02,25.29,1
weo-2026-04,MAR,2002,4.37,18.28,1
weo-2026-04,MAR,2003,7.09,-0.15,0
weo-2026-04,MAR,2004,6.07,8.7,0
weo-2026-04,MAR,2005,4.52,25.43,1
weo-2026-04,MAR,2006,9.24,-1.79,0
weo-2026-04,MAR,2007,7.25,9.78,1
weo-2026-04,MAR,2008,10.72,21.07,0
weo-2026-04,MAR,2009,4.4,4.56,0
weo-2026-04,MAR,2010,4.83,7.62,0
weo-2026-04,MAR,2011,4.52,14.45,0
weo-2026-04,MAR,2012,3.39,7.31,1
weo-2026-04,MAR,2013,5.9,-1.92,0
weo-2026-04,MAR,2014,3.06,3.32,1
weo-2026-04,MAR,2015,7.66,-0.9,0
weo-2026-04,MAR,2016,1.5,2.32,1
weo-2026-04,MAR,2017,4.99,2.42,0
weo-2026-04,MAR,2018,4.03,3.9,1
weo-2026-04,MAR,2019,3.73,0.63,1
weo-2026-04,MAR,2020,-7.05,19.2,1
weo-2026-04,MAR,2021,10.77,-2.06,0
weo-2026-04,MAR,2022,4.46,10.96,1
weo-2026-04,MAR,2023,10.97,5.13,1
weo-2026-04,MDA,2002,18.39,33.64,0
weo-2026-04,MDA,2003,22.45,34.53,0
weo-2026-04,MDA,2004,15.98,21.5,0
weo-2026-04,MDA,2005,17.55,28.16,0
weo-2026-04,MDA,2006,18.86,30.17,0
weo-2026-04,MDA,2007,19.38,26.2,1
weo-2026-04,MDA,2008,17.77,14.39,0
weo-2026-04,MDA,2009,-3.96,4.54,1
weo-2026-04,MDA,2010,42.77,8.77,0
weo-2026-04,MDA,2011,14.49,9.11,0
weo-2026-04,MDA,2012,6.79,10.57,1
weo-2026-04,MDA,2013,13.32,9.86,0
weo-2026-04,MDA,2014,10.4,14.89,0
weo-2026-04,MDA,2015,11.2,3.31,1
weo-2026-04,MDA,2016,8.36,2.69,1
weo-2026-04,MDA,2017,10.69,12.75,1
weo-2026-04,MDA,2018,7.42,10.5,1
weo-2026-04,MDA,2019,9.09,10.76,1
weo-2026-04,MDA,2020,-3.16,11.25,1
weo-2026-04,MDA,2021,21.2,14.26,0
weo-2026-04,MDA,2022,13.39,19.4,1
weo-2026-04,MDA,2023,10.59,15.16,1
weo-2026-04,MDG,2002,2.04,-20.51,1
weo-2026-04,MDG,2003,7.91,48.72,0
weo-2026-04,MDG,2004,19.95,56.83,0
weo-2026-04,MDG,2005,23.99,4.01,0
weo-2026-04,MDG,2006,16.75,19.02,0
weo-2026-04,MDG,2007,16.59,7.46,0
weo-2026-04,MDG,2008,14.7,13.97,0
weo-2026-04,MDG,2009,2.67,-19.14,1
weo-2026-04,MDG,2010,10.9,8.52,1
weo-2026-04,MDG,2011,12.13,9.62,1
weo-2026-04,MDG,2012,8.64,4.73,1
weo-2026-04,MDG,2013,7.88,19.92,1
weo-2026-04,MDG,2014,10.3,9.94,1
weo-2026-04,MDG,2015,9.84,12.13,1
weo-2026-04,MDG,2016,13.31,17.63,0
weo-2026-04,MDG,2017,9.09,21.36,1
weo-2026-04,MDG,2018,11.76,6.54,1
weo-2026-04,MDG,2019,11.22,20.08,0
weo-2026-04,MDG,2020,-3.13,3.21,1
weo-2026-04,MDG,2021,11.21,-5.65,0
weo-2026-04,MDG,2022,14.31,35.22,0
weo-2026-04,MDG,2023,13.04,22.81,0
weo-2026-04,MDV,2002,7.94,7.54,1
weo-2026-04,MDV,2003,27.03,13.75,0
weo-2026-04,MDV,2004,16.61,5.55,1
weo-2026-04,MDV,2005,-5.17,53.73,1
weo-2026-04,MDV,2006,35.4,21.7,0
weo-2026-04,MDV,2007,18.61,18.77,0
weo-2026-04,MDV,2008,21.58,23.53,0
weo-2026-04,MDV,2009,3.24,3.89,1
weo-2026-04,MDV,2010,10.36,-1.84,1
weo-2026-04,MDV,2011,22.28,15.57,0
weo-2026-04,MDV,2012,9.46,1.29,1
weo-2026-04,MDV,2013,14.18,4.9,0
weo-2026-04,MDV,2014,12.31,22.21,0
weo-2026-04,MDV,2015,11.59,29.07,1
weo-2026-04,MDV,2016,6.81,20.04,1
weo-2026-04,MDV,2017,9.35,-10.97,0
weo-2026-04,MDV,2018,12.23,17.01,0
weo-2026-04,MDV,2019,5.89,9.71,1
weo-2026-04,MDV,2020,-35.17,-1.21,1
weo-2026-04,MDV,2021,41.4,12.57,0
weo-2026-04,MDV,2022,17.71,18.76,0
weo-2026-04,MDV,2023,7.19,19.61,1
weo-2026-04,MEX,2002,5.25,11.45,1
weo-2026-04,MEX,2003,5.52,17.28,1
weo-2026-04,MEX,2004,11.97,6.56,0
weo-2026-04,MEX,2005,8.12,12.42,0
weo-2026-04,MEX,2006,11.21,14.43,0
weo-2026-04,MEX,2007,8.33,14.34,1
weo-2026-04,MEX,2008,7.31,27.71,1
weo-2026-04,MEX,2009,-1.38,-2.53,1
weo-2026-04,MEX,2010,9.56,10.81,0
weo-2026-04,MEX,2011,9.31,10.51,0
weo-2026-04,MEX,2012,8.26,9.2,0
weo-2026-04,MEX,2013,2.57,1.34,1
weo-2026-04,MEX,2014,6.98,8.06,0
weo-2026-04,MEX,2015,6.01,4.28,0
weo-2026-04,MEX,2016,7.96,6.31,1
weo-2026-04,MEX,2017,8.56,-0.96,1
weo-2026-04,MEX,2018,7.28,6.56,1
weo-2026-04,MEX,2019,3.91,1.78,1
weo-2026-04,MEX,2020,-4.12,7.55,1
weo-2026-04,MEX,2021,10.81,5.85,0
weo-2026-04,MEX,2022,10.62,16.12,0
weo-2026-04,MEX,2023,7.93,4.83,0
weo-2026-04,MKD,2002,2.45,5.83,1
weo-2026-04,MKD,2003,3.91,-1.25,1
weo-2026-04,MKD,2004,4.5,-0.65,0
weo-2026-04,MKD,2005,9.85,4.53,0
weo-2026-04,MKD,2006,8.56,4.69,0
weo-2026-04,MKD,2007,11.36,11.91,0
weo-2026-04,MKD,2008,11.26,20.2,0
weo-2026-04,MKD,2009,-0.06,-0.54,1
weo-2026-04,MKD,2010,5.47,1.67,0
weo-2026-04,MKD,2011,6.15,3.89,1
weo-2026-04,MKD,2012,0.54,4.57,1
weo-2026-04,MKD,2013,7.54,2.23,0
weo-2026-04,MKD,2014,5.13,5.11,0
weo-2026-04,MKD,2015,5.94,7.03,0
weo-2026-04,MKD,2016,6.41,2.63,1
weo-2026-04,MKD,2017,3.92,5.45,1
weo-2026-04,MKD,2018,6.92,2.34,1
weo-2026-04,MKD,2019,4.81,8.89,0
weo-2026-04,MKD,2020,-3.38,12.5,1
weo-2026-04,MKD,2021,8.99,5.35,0
weo-2026-04,MKD,2022,11.88,11.51,1
weo-2026-04,MKD,2023,10.64,10.43,1
weo-2026-04,MLI,2002,8.25,15.7,0
weo-2026-04,MLI,2003,-0.37,5.36,0
weo-2026-04,MLI,2004,5.55,10.62,1
weo-2026-04,MLI,2005,14.98,14.09,0
weo-2026-04,MLI,2006,8.67,12.44,0
weo-2026-04,MLI,2007,9.54,5.67,1
weo-2026-04,MLI,2008,10.6,-1.32,1
weo-2026-04,MLI,2009,9.55,32.91,0
weo-2026-04,MLI,2010,9.67,-2.93,0
weo-2026-04,MLI,2011,18.51,16.51,1
weo-2026-04,MLI,2012,3.73,-22.07,1
weo-2026-04,MLI,2013,2.92,32.11,1
weo-2026-04,MLI,2014,8.49,9.38,0
weo-2026-04,MLI,2015,9.2,14.38,0
weo-2026-04,MLI,2016,7.82,13.81,0
weo-2026-04,MLI,2017,7.16,9.85,0
weo-2026-04,MLI,2018,6.45,-6.55,1
weo-2026-04,MLI,2019,6.06,21.62,0
weo-2026-04,MLI,2020,-0.68,11.7,1
weo-2026-04,MLI,2021,7.03,9.3,1
weo-2026-04,MLI,2022,10.34,0.74,1
weo-2026-04,MLI,2023,6.73,8.6,1
weo-2026-04,MLT,2002,5.45,3.09,1
weo-2026-04,MLT,2003,5.8,12.42,1
weo-2026-04,MLT,2004,2.93,-6.31,1
weo-2026-04,MLT,2005,4.9,6.29,1
weo-2026-04,MLT,2006,4.66,4.7,1
weo-2026-04,MLT,2007,7.39,4.38,0
weo-2026-04,MLT,2008,7.93,11.23,0
weo-2026-04,MLT,2009,0.82,-1.45,1
weo-2026-04,MLT,2010,9.13,6.64,0
weo-2026-04,MLT,2011,2.49,6.07,1
weo-2026-04,MLT,2012,6.35,7.4,0
weo-2026-04,MLT,2013,8.69,4.67,0
weo-2026-04,MLT,2014,10.08,8.96,0
weo-2026-04,MLT,2015,14.22,10.01,0
weo-2026-04,MLT,2016,6.29,-0.15,1
weo-2026-04,MLT,2017,15.38,7.11,0
weo-2026-04,MLT,2018,9.12,16.26,0
weo-2026-04,MLT,2019,6.69,8.52,1
weo-2026-04,MLT,2020,-1.59,19.68,1
weo-2026-04,MLT,2021,16.15,9.21,0
weo-2026-04,MLT,2022,7.81,5.07,1
weo-2026-04,MLT,2023,16.35,7.97,0
weo-2026-04,MMR,2002,50.36,20.11,0
weo-2026-04,MMR,2003,45.44,37.08,0
weo-2026-04,MMR,2004,25.89,27.85,0
weo-2026-04,MMR,2005,27.21,27.82,0
weo-2026-04,MMR,2006,36.38,46.82,0
weo-2026-04,MMR,2007,37.92,39.2,0
weo-2026-04,MMR,2008,26.42,14.09,0
weo-2026-04,MMR,2009,13.69,12.39,1
weo-2026-04,MMR,2010,12.22,22.99,1
weo-2026-04,MMR,2011,14.81,13.42,1
weo-2026-04,MMR,2012,15.3,50.64,1
weo-2026-04,MMR,2013,16.4,41.75,0
weo-2026-04,MMR,2014,14.82,19.46,0
weo-2026-04,MMR,2015,11.42,7.28,1
weo-2026-04,MMR,2016,9.59,-3.18,0
weo-2026-04,MMR,2017,12.37,2.64,1
weo-2026-04,MMR,2018,11.95,5.58,1
weo-2026-04,MMR,2019,12.28,24.08,0
weo-2026-04,MMR,2020,-6.71,-4.75,1
weo-2026-04,MMR,2021,-9.36,-15.58,1
weo-2026-04,MMR,2022,32.1,38.25,1
weo-2026-04,MMR,2023,11.6,11.25,1
weo-2026-04,MNE,2003,10.7,28.2,1
weo-2026-04,MNE,2004,12.15,1.82,0
weo-2026-04,MNE,2005,8.92,5.18,0
weo-2026-04,MNE,2006,19.47,33.64,0
weo-2026-04,MNE,2007,24.04,28.12,0
weo-2026-04,MNE,2008,15.37,35.65,0
weo-2026-04,MNE,2009,-3.81,-3.23,1
weo-2026-04,MNE,2010,4.65,-5.63,1
weo-2026-04,MNE,2011,3.76,0.3,1
weo-2026-04,MNE,2012,-2.12,-2.53,1
weo-2026-04,MNE,2013,5.06,5.39,1
weo-2026-04,MNE,2014,3.53,-1.31,1
weo-2026-04,MNE,2015,4.87,10.92,1
weo-2026-04,MNE,2016,8.9,11.48,0
weo-2026-04,MNE,2017,8.02,7.17,1
weo-2026-04,MNE,2018,8.19,9.23,0
weo-2026-04,MNE,2019,6.47,-1.51,0
weo-2026-04,MNE,2020,-15.38,4.65,1
weo-2026-04,MNE,2021,18.78,-2.77,0
weo-2026-04,MNE,2022,20.74,14.62,0
weo-2026-04,MNE,2023,18.92,13.01,0
weo-2026-04,MNG,2002,11.4,12.19,1
weo-2026-04,MNG,2003,17.96,12.66,0
weo-2026-04,MNG,2004,29.09,21.73,0
weo-2026-04,MNG,2005,28.81,2.06,1
weo-2026-04,MNG,2006,32.42,39.52,0
weo-2026-04,MNG,2007,23.07,66.96,0
weo-2026-04,MNG,2008,32.26,41.34,0
weo-2026-04,MNG,2009,0.53,-5.71,1
weo-2026-04,MNG,2010,48.04,31.7,1
weo-2026-04,MNG,2011,35.02,63.24,0
weo-2026-04,MNG,2012,26.68,18.8,0
weo-2026-04,MNG,2013,14.9,0.04,0
weo-2026-04,MNG,2014,15.92,12.72,0
weo-2026-04,MNG,2015,3.0,-3.57,1
weo-2026-04,MNG,2016,4.53,32.81,1
weo-2026-04,MNG,2017,17.05,-7.66,1
weo-2026-04,MNG,2018,16.32,4.47,0
weo-2026-04,MNG,2019,16.13,31.58,1
weo-2026-04,MNG,2020,-1.02,20.04,1
weo-2026-04,MNG,2021,16.29,14.11,1
weo-2026-04,MNG,2022,23.64,17.35,1
weo-2026-04,MNG,2023,30.81,23.02,0
weo-2026-04,MOZ,2002,20.45,4.79,0
weo-2026-04,MOZ,2003,11.12,11.45,0
weo-2026-04,MOZ,2004,14.47,9.74,0
weo-2026-04,MOZ,2005,14.11,9.7,1
weo-2026-04,MOZ,2006,18.11,41.16,0
weo-2026-04,MOZ,2007,15.65,20.95,0
weo-2026-04,MOZ,2008,12.39,14.75,0
weo-2026-04,MOZ,2009,7.49,30.08,1
weo-2026-04,MOZ,2010,14.84,17.75,0
weo-2026-04,MOZ,2011,9.65,18.65,0
weo-2026-04,MOZ,2012,11.42,8.2,0
weo-2026-04,MOZ,2013,9.34,24.2,1
weo-2026-04,MOZ,2014,8.87,36.22,0
weo-2026-04,MOZ,2015,14.98,-7.97,0
weo-2026-04,MOZ,2016,17.43,-0.3,1
weo-2026-04,MOZ,2017,10.83,8.01,1
weo-2026-04,MOZ,2018,7.41,12.23,1
weo-2026-04,MOZ,2019,7.1,-0.89,1
weo-2026-04,MOZ,2020,1.91,27.8,1
weo-2026-04,MOZ,2021,7.04,1.81,1
weo-2026-04,MOZ,2022,13.92,15.41,1
weo-2026-04,MOZ,2023,10.85,9.06,1
weo-2026-04,MRT,2005,24.4,9.09,0
weo-2026-04,MRT,2006,35.01,22.89,0
weo-2026-04,MRT,2007,6.75,13.56,1
weo-2026-04,MRT,2008,10.35,9.42,1
weo-2026-04,MRT,2009,-0.26,-1.14,1
weo-2026-04,MRT,2010,25.55,12.05,1
weo-2026-04,MRT,2011,22.45,21.75,0
weo-2026-04,MRT,2012,4.95,34.97,0
weo-2026-04,MRT,2013,8.83,0.89,1
weo-2026-04,MRT,2014,-8.11,9.51,0
weo-2026-04,MRT,2015,0.32,7.54,0
weo-2026-04,MRT,2016,12.61,-8.78,1
weo-2026-04,MRT,2017,7.95,4.3,0
weo-2026-04,MRT,2018,9.54,0.83,0
weo-2026-04,MRT,2019,8.64,2.98,1
weo-2026-04,MRT,2020,6.06,10.33,1
weo-2026-04,MRT,2021,8.26,22.68,1
weo-2026-04,MRT,2022,6.14,47.5,0
weo-2026-04,MRT,2023,10.87,-4.59,0
weo-2026-04,MUS,2002,7.93,12.89,1
weo-2026-04,MUS,2003,11.88,11.55,0
weo-2026-04,MUS,2004,11.47,7.46,0
weo-2026-04,MUS,2005,5.8,8.46,1
weo-2026-04,MUS,2006,11.52,6.54,0
weo-2026-04,MUS,2007,14.51,9.46,0
weo-2026-04,MUS,2008,11.38,19.18,0
weo-2026-04,MUS,2009,2.64,16.43,1
weo-2026-04,MUS,2010,5.55,2.34,0
weo-2026-04,MUS,2011,7.37,7.87,0
weo-2026-04,MUS,2012,6.05,0.08,1
weo-2026-04,MUS,2013,6.2,16.27,1
weo-2026-04,MUS,2014,6.08,0.92,1
weo-2026-04,MUS,2015,5.14,12.98,1
weo-2026-04,MUS,2016,6.34,3.8,1
weo-2026-04,MUS,2017,5.64,6.78,0
weo-2026-04,MUS,2018,5.75,5.4,0
weo-2026-04,MUS,2019,2.41,18.64,1
weo-2026-04,MUS,2020,-12.35,3.78,1
weo-2026-04,MUS,2021,6.67,0.21,1
weo-2026-04,MUS,2022,19.11,13.03,0
weo-2026-04,MUS,2023,11.93,14.01,0
weo-2026-04,MWI,2003,16.64,15.53,0
weo-2026-04,MWI,2004,21.07,37.68,0
weo-2026-04,MWI,2005,14.36,23.74,1
weo-2026-04,MWI,2006,25.61,33.76,0
weo-2026-04,MWI,2007,14.09,43.16,0
weo-2026-04,MWI,2008,20.52,20.9,0
weo-2026-04,MWI,2009,16.89,12.71,0
weo-2026-04,MWI,2010,19.83,16.76,0
weo-2026-04,MWI,2011,19.61,1.83,0
weo-2026-04,MWI,2012,19.87,37.65,1
weo-2026-04,MWI,2013,33.92,37.02,0
weo-2026-04,MWI,2014,27.77,6.95,0
weo-2026-04,MWI,2015,24.47,41.04,1
weo-2026-04,MWI,2016,23.28,19.44,1
weo-2026-04,MWI,2017,17.64,28.48,1
weo-2026-04,MWI,2018,10.79,1.11,1
weo-2026-04,MWI,2019,13.6,11.05,0
weo-2026-04,MWI,2020,7.24,28.83,1
weo-2026-04,MWI,2021,13.16,13.64,1
weo-2026-04,MWI,2022,18.25,32.43,1
weo-2026-04,MWI,2023,31.19,22.83,1
weo-2026-04,MYS,2002,8.69,3.62,0
weo-2026-04,MYS,2003,9.28,19.7,0
weo-2026-04,MYS,2004,13.2,3.0,0
weo-2026-04,MYS,2005,10.28,0.29,1
weo-2026-04,MYS,2006,9.79,16.76,0
weo-2026-04,MYS,2007,11.49,14.09,0
weo-2026-04,MYS,2008,15.72,17.41,1
weo-2026-04,MYS,2009,-7.42,8.32,1
weo-2026-04,MYS,2010,11.57,-5.47,0
weo-2026-04,MYS,2011,10.99,11.75,0
weo-2026-04,MYS,2012,6.53,15.81,0
weo-2026-04,MYS,2013,4.88,0.01,1
weo-2026-04,MYS,2014,8.62,-0.45,0
weo-2026-04,MYS,2015,4.88,-0.05,1
weo-2026-04,MYS,2016,6.18,-3.39,1
weo-2026-04,MYS,2017,9.81,5.81,0
weo-2026-04,MYS,2018,5.5,8.97,1
weo-2026-04,MYS,2019,4.49,7.95,1
weo-2026-04,MYS,2020,-6.23,0.85,1
weo-2026-04,MYS,2021,9.18,5.3,1
weo-2026-04,MYS,2022,15.9,16.87,0
weo-2026-04,MYS,2023,1.62,3.94,1
weo-2026-04,NAM,2002,16.05,11.46,0
weo-2026-04,NAM,2003,5.34,9.29,1
weo-2026-04,NAM,2004,14.4,3.73,0
weo-2026-04,NAM,2005,8.26,4.79,0
weo-2026-04,NAM,2006,11.99,10.82,1
weo-2026-04,NAM,2007,18.02,14.44,1
weo-2026-04,NAM,2008,13.85,27.2,1
weo-2026-04,NAM,2009,7.28,21.08,1
weo-2026-04,NAM,2010,9.82,15.66,0
weo-2026-04,NAM,2011,9.09,25.84,0
weo-2026-04,NAM,2012,18.6,6.86,0
weo-2026-04,NAM,2013,9.88,20.4,0
weo-2026-04,NAM,2014,14.83,25.74,0
weo-2026-04,NAM,2015,8.29,12.75,0
weo-2026-04,NAM,2016,8.01,1.1,1
weo-2026-04,NAM,2017,8.79,-2.83,1
weo-2026-04,NAM,2018,5.54,-0.49,1
weo-2026-04,NAM,2019,0.08,1.99,1
weo-2026-04,NAM,2020,-3.85,6.46,1
weo-2026-04,NAM,2021,5.19,-1.41,1
weo-2026-04,NAM,2022,12.16,2.97,0
weo-2026-04,NAM,2023,11.33,11.2,0
weo-2026-04,NER,2002,7.63,16.03,1
weo-2026-04,NER,2003,1.94,1.0,1
weo-2026-04,NER,2004,0.74,19.96,1
weo-2026-04,NER,2005,16.59,12.5,0
weo-2026-04,NER,2006,7.53,6.74,0
weo-2026-04,NER,2007,10.41,26.16,1
weo-2026-04,NER,2008,18.68,15.67,0
weo-2026-04,NER,2009,6.2,11.38,1
weo-2026-04,NER,2010,12.38,-9.3,0
weo-2026-04,NER,2011,6.48,13.57,1
weo-2026-04,NER,2012,16.39,26.68,0
weo-2026-04,NER,2013,4.96,29.29,0
weo-2026-04,NER,2014,6.06,22.41,0
weo-2026-04,NER,2015,7.09,9.08,1
weo-2026-04,NER,2016,7.17,-15.8,0
weo-2026-04,NER,2017,5.86,6.47,1
weo-2026-04,NER,2018,9.54,17.84,0
weo-2026-04,NER,2019,6.37,8.3,0
weo-2026-04,NER,2020,4.53,8.33,1
weo-2026-04,NER,2021,4.55,13.41,1
weo-2026-04,NER,2022,16.33,2.28,0
weo-2026-04,NER,2023,5.96,-24.86,1
weo-2026-04,NGA,2002,39.32,-9.16,0
weo-2026-04,NGA,2003,17.38,28.13,0
weo-2026-04,NGA,2004,30.22,15.61,0
weo-2026-04,NGA,2005,28.57,20.86,0
weo-2026-04,NGA,2006,28.7,-6.04,0
weo-2026-04,NGA,2007,15.12,73.14,0
weo-2026-04,NGA,2008,18.68,-6.81,0
weo-2026-04,NGA,2009,13.09,21.6,0
weo-2026-04,NGA,2010,25.25,35.29,0
weo-2026-04,NGA,2011,14.86,18.4,1
weo-2026-04,NGA,2012,13.95,-3.97,1
weo-2026-04,NGA,2013,11.58,5.87,0
weo-2026-04,NGA,2014,11.27,4.82,0
weo-2026-04,NGA,2015,5.59,-15.49,1
weo-2026-04,NGA,2016,7.77,-7.88,1
weo-2026-04,NGA,2017,12.01,40.48,1
weo-2026-04,NGA,2018,12.35,13.72,1
weo-2026-04,NGA,2019,12.82,11.09,1
weo-2026-04,NGA,2020,4.17,-2.89,1
weo-2026-04,NGA,2021,13.89,18.19,1
weo-2026-04,NGA,2022,12.71,38.7,1
weo-2026-04,NGA,2023,14.51,-3.22,1
weo-2026-04,NIC,2002,4.03,-3.43,1
weo-2026-04,NIC,2003,7.99,25.78,1
weo-2026-04,NIC,2004,14.84,23.7,0
weo-2026-04,NIC,2005,14.57,17.84,1
weo-2026-04,NIC,2006,12.35,14.71,1
weo-2026-04,NIC,2007,15.24,18.69,0
weo-2026-04,NIC,2008,20.19,24.74,1
weo-2026-04,NIC,2009,2.54,5.55,1
weo-2026-04,NIC,2010,10.82,11.01,1
weo-2026-04,NIC,2011,17.18,21.23,0
weo-2026-04,NIC,2012,13.15,14.77,0
weo-2026-04,NIC,2013,9.49,11.8,0
weo-2026-04,NIC,2014,13.58,14.99,0
weo-2026-04,NIC,2015,12.74,16.14,0
weo-2026-04,NIC,2016,9.36,14.74,0
weo-2026-04,NIC,2017,8.95,9.8,0
weo-2026-04,NIC,2018,-0.79,0.12,1
weo-2026-04,NIC,2019,2.34,1.31,1
weo-2026-04,NIC,2020,3.91,9.28,1
weo-2026-04,NIC,2021,14.34,18.94,0
weo-2026-04,NIC,2022,12.23,6.36,1
weo-2026-04,NIC,2023,15.69,3.76,0
weo-2026-04,NLD,2002,4.13,6.43,1
weo-2026-04,NLD,2003,2.39,5.16,1
weo-2026-04,NLD,2004,3.24,0.89,1
weo-2026-04,NLD,2005,4.05,1.31,0
weo-2026-04,NLD,2006,6.21,8.02,0
weo-2026-04,NLD,2007,6.01,4.4,0
weo-2026-04,NLD,2008,4.58,7.03,0
weo-2026-04,NLD,2009,-3.24,6.54,1
weo-2026-04,NLD,2010,2.04,3.08,1
weo-2026-04,NLD,2011,2.02,-0.5,1
weo-2026-04,NLD,2012,0.34,0.33,1
weo-2026-04,NLD,2013,1.11,0.78,1
weo-2026-04,NLD,2014,1.96,0.42,1
weo-2026-04,NLD,2015,3.03,-0.04,0
weo-2026-04,NLD,2016,3.0,0.09,0
weo-2026-04,NLD,2017,4.26,1.77,0
weo-2026-04,NLD,2018,4.85,4.3,0
weo-2026-04,NLD,2019,5.4,4.86,0
weo-2026-04,NLD,2020,-1.6,12.06,1
weo-2026-04,NLD,2021,9.2,5.03,0
weo-2026-04,NLD,2022,11.47,5.0,0
weo-2026-04,NLD,2023,5.67,7.49,1
weo-2026-04,NOR,2002,-0.07,6.77,1
weo-2026-04,NOR,2003,4.04,6.57,1
weo-2026-04,NOR,2004,10.36,3.83,0
weo-2026-04,NOR,2005,12.04,4.56,0
weo-2026-04,NOR,2006,11.81,8.7,0
weo-2026-04,NOR,2007,6.57,9.08,0
weo-2026-04,NOR,2008,11.38,8.65,1
weo-2026-04,NOR,2009,-6.55,4.13,1
weo-2026-04,NOR,2010,6.92,3.64,1
weo-2026-04,NOR,2011,8.05,5.04,1
weo-2026-04,NOR,2012,6.27,3.59,0
weo-2026-04,NOR,2013,3.88,6.27,1
weo-2026-04,NOR,2014,2.44,7.14,0
weo-2026-04,NOR,2015,-0.6,5.8,0
weo-2026-04,NOR,2016,-0.36,3.77,1
weo-2026-04,NOR,2017,6.79,4.04,0
weo-2026-04,NOR,2018,7.52,3.92,1
weo-2026-04,NOR,2019,0.98,5.49,0
weo-2026-04,NOR,2020,-3.59,8.11,1
weo-2026-04,NOR,2021,24.48,1.14,0
weo-2026-04,NOR,2022,32.46,8.17,0
weo-2026-04,NOR,2023,-10.62,11.13,1
weo-2026-04,NPL,2002,4.06,2.94,1
weo-2026-04,NPL,2003,7.14,-3.31,1
weo-2026-04,NPL,2004,9.04,9.62,0
weo-2026-04,NPL,2005,9.81,13.22,1
weo-2026-04,NPL,2006,10.97,3.48,1
weo-2026-04,NPL,2007,11.27,31.39,1
weo-2026-04,NPL,2008,12.07,14.75,0
weo-2026-04,NPL,2009,21.16,54.96,0
weo-2026-04,NPL,2010,20.69,16.26,0
weo-2026-04,NPL,2011,14.6,13.52,1
weo-2026-04,NPL,2012,12.77,15.67,0
weo-2026-04,NPL,2013,10.86,2.7,1
weo-2026-04,NPL,2014,14.53,24.21,0
weo-2026-04,NPL,2015,8.56,16.95,1
weo-2026-04,NPL,2016,7.61,15.95,1
weo-2026-04,NPL,2017,17.98,47.56,0
weo-2026-04,NPL,2018,12.31,32.61,0
weo-2026-04,NPL,2019,11.66,7.81,0
weo-2026-04,NPL,2020,0.77,5.08,1
weo-2026-04,NPL,2021,11.93,6.82,0
weo-2026-04,NPL,2022,14.34,8.72,0
weo-2026-04,NPL,2023,7.85,1.73,1
weo-2026-04,NZL,2002,5.85,5.32,0
weo-2026-04,NZL,2003,5.87,5.95,0
weo-2026-04,NZL,2004,8.11,7.15,0
weo-2026-04,NZL,2005,5.1,9.4,0
weo-2026-04,NZL,2006,5.07,8.59,1
weo-2026-04,NZL,2007,8.42,6.89,0
weo-2026-04,NZL,2008,3.6,8.21,1
weo-2026-04,NZL,2009,1.35,6.28,1
weo-2026-04,NZL,2010,5.04,11.09,1
weo-2026-04,NZL,2011,4.56,2.76,1
weo-2026-04,NZL,2012,2.37,-4.41,1
weo-2026-04,NZL,2013,5.5,2.84,1
weo-2026-04,NZL,2014,5.62,3.38,0
weo-2026-04,NZL,2015,4.51,3.23,0
weo-2026-04,NZL,2016,5.95,3.69,0
weo-2026-04,NZL,2017,7.37,4.96,0
weo-2026-04,NZL,2018,5.52,7.07,0
weo-2026-04,NZL,2019,5.85,13.82,1
weo-2026-04,NZL,2020,1.37,9.59,1
weo-2026-04,NZL,2021,8.81,8.39,0
weo-2026-04,NZL,2022,9.23,8.91,1
weo-2026-04,NZL,2023,7.08,5.52,1
weo-2026-04,OMN,2002,3.87,7.32,1
weo-2026-04,OMN,2003,7.23,11.41,1
weo-2026-04,OMN,2004,14.74,11.38,1
weo-2026-04,OMN,2005,25.12,12.91,0
weo-2026-04,OMN,2006,19.91,19.42,0
weo-2026-04,OMN,2007,13.44,16.38,0
weo-2026-04,OMN,2008,44.52,20.12,0
weo-2026-04,OMN,2009,-20.56,2.17,0
weo-2026-04,OMN,2010,17.2,7.28,1
weo-2026-04,OMN,2011,19.24,32.68,0
weo-2026-04,OMN,2012,12.79,28.51,0
weo-2026-04,OMN,2013,2.89,3.01,0
weo-2026-04,OMN,2014,3.07,7.95,1
weo-2026-04,OMN,2015,-15.09,-8.09,0
weo-2026-04,OMN,2016,-4.55,-4.84,0
weo-2026-04,OMN,2017,7.62,-4.2,1
weo-2026-04,OMN,2018,13.17,4.01,1
weo-2026-04,OMN,2019,-3.77,0.85,1
weo-2026-04,OMN,2020,-13.8,-6.48,1
weo-2026-04,OMN,2021,15.04,-5.78,1
weo-2026-04,OMN,2022,25.8,11.83,0
weo-2026-04,OMN,2023,-3.35,-14.56,1
weo-2026-04,PAK,2002,6.62,24.72,1
weo-2026-04,PAK,2003,9.15,2.87,0
weo-2026-04,PAK,2004,15.65,13.76,0
weo-2026-04,PAK,2005,13.24,24.72,0
weo-2026-04,PAK,2006,12.41,28.51,0
weo-2026-04,PAK,2007,15.24,22.88,0
weo-2026-04,PAK,2008,13.27,25.16,0
weo-2026-04,PAK,2009,16.28,6.43,1
weo-2026-04,PAK,2010,12.25,24.91,1
weo-2026-04,PAK,2011,19.53,19.19,1
weo-2026-04,PAK,2012,13.25,21.63,1
weo-2026-04,PAK,2013,12.07,12.79,1
weo-2026-04,PAK,2014,11.62,0.42,1
weo-2026-04,PAK,2015,8.85,5.43,1
weo-2026-04,PAK,2016,7.56,9.96,0
weo-2026-04,PAK,2017,8.64,20.28,0
weo-2026-04,PAK,2018,10.23,9.84,0
weo-2026-04,PAK,2019,11.76,4.44,1
weo-2026-04,PAK,2020,8.54,12.39,1
weo-2026-04,PAK,2021,17.45,7.51,0
weo-2026-04,PAK,2022,19.38,33.72,0
weo-2026-04,PAK,2023,25.49,3.07,1
weo-2026-04,PAN,2002,4.47,4.92,1
weo-2026-04,PAN,2003,6.27,5.66,1
weo-2026-04,PAN,2004,11.0,5.98,0
weo-2026-04,PAN,2005,10.09,2.72,0
weo-2026-04,PAN,2006,12.25,7.95,0
weo-2026-04,PAN,2007,16.39,20.51,0
weo-2026-04,PAN,2008,18.44,25.18,0
weo-2026-04,PAN,2009,8.05,9.39,1
weo-2026-04,PAN,2010,8.78,16.18,1
weo-2026-04,PAN,2011,18.05,16.48,0
weo-2026-04,PAN,2012,16.55,15.14,0
weo-2026-04,PAN,2013,12.87,13.94,0
weo-2026-04,PAN,2014,9.54,6.96,1
weo-2026-04,PAN,2015,8.44,0.47,1
weo-2026-04,PAN,2016,7.16,6.54,1
weo-2026-04,PAN,2017,7.64,7.18,1
weo-2026-04,PAN,2018,4.65,7.2,1
weo-2026-04,PAN,2019,3.66,-2.27,1
weo-2026-04,PAN,2020,-18.23,7.33,1
weo-2026-04,PAN,2021,18.12,3.88,0
weo-2026-04,PAN,2022,13.48,2.05,0
weo-2026-04,PAN,2023,9.59,5.25,0
weo-2026-04,PER,2002,6.02,-0.64,0
weo-2026-04,PER,2003,7.31,10.1,1
weo-2026-04,PER,2004,10.84,7.94,0
weo-2026-04,PER,2005,8.4,14.07,0
weo-2026-04,PER,2006,17.03,9.75,0
weo-2026-04,PER,2007,11.66,8.58,0
weo-2026-04,PER,2008,10.61,21.97,0
weo-2026-04,PER,2009,4.07,13.93,1
weo-2026-04,PER,2010,14.6,13.07,0
weo-2026-04,PER,2011,11.45,4.77,0
weo-2026-04,PER,2012,8.31,11.9,0
weo-2026-04,PER,2013,7.79,14.02,0
weo-2026-04,PER,2014,5.64,10.66,1
weo-2026-04,PER,2015,6.83,4.9,1
weo-2026-04,PER,2016,8.44,0.69,1
weo-2026-04,PER,2017,6.6,6.87,1
weo-2026-04,PER,2018,5.53,6.68,1
weo-2026-04,PER,2019,4.43,3.45,1
weo-2026-04,PER,2020,-6.96,14.93,1
weo-2026-04,PER,2021,21.55,9.34,0
weo-2026-04,PER,2022,6.73,6.33,1
weo-2026-04,PER,2023,6.95,1.31,1
weo-2026-04,PHL,2002,8.1,7.28,1
weo-2026-04,PHL,2003,8.44,4.15,1
weo-2026-04,PHL,2004,12.85,4.53,0
weo-2026-04,PHL,2005,11.15,5.38,1
weo-2026-04,PHL,2006,10.7,10.55,1
weo-2026-04,PHL,2007,9.89,17.56,0
weo-2026-04,PHL,2008,11.84,11.84,1
weo-2026-04,PHL,2009,4.23,14.29,1
weo-2026-04,PHL,2010,12.03,7.84,0
weo-2026-04,PHL,2011,7.93,3.06,1
weo-2026-04,PHL,2012,9.03,12.36,0
weo-2026-04,PHL,2013,8.95,7.24,0
weo-2026-04,PHL,2014,9.59,7.55,0
weo-2026-04,PHL,2015,5.58,13.82,0
weo-2026-04,PHL,2016,8.52,18.17,0
weo-2026-04,PHL,2017,9.41,13.22,0
weo-2026-04,PHL,2018,10.32,19.17,0
weo-2026-04,PHL,2019,6.86,11.79,1
weo-2026-04,PHL,2020,-8.02,10.01,1
weo-2026-04,PHL,2021,8.13,13.93,1
weo-2026-04,PHL,2022,13.49,6.82,0
weo-2026-04,PHL,2023,10.37,3.38,1
weo-2026-04,PNG,2002,11.28,7.87,1
weo-2026-04,PNG,2003,14.46,-5.37,0
weo-2026-04,PNG,2004,3.46,20.83,1
weo-2026-04,PNG,2005,12.51,22.5,0
weo-2026-04,PNG,2006,12.18,6.92,1
weo-2026-04,PNG,2007,10.83,1.48,0
weo-2026-04,PNG,2008,11.33,23.61,1
weo-2026-04,PNG,2009,1.59,27.47,0
weo-2026-04,PNG,2010,21.05,-9.0,0
weo-2026-04,PNG,2011,10.04,17.94,1
weo-2026-04,PNG,2012,4.06,19.07,0
weo-2026-04,PNG,2013,7.55,33.28,1
weo-2026-04,PNG,2014,19.72,14.75,0
weo-2026-04,PNG,2015,5.27,-12.55,0
weo-2026-04,PNG,2016,8.15,-2.95,0
weo-2026-04,PNG,2017,11.51,-4.3,1
weo-2026-04,PNG,2018,9.49,21.08,1
weo-2026-04,PNG,2019,5.59,10.09,0
weo-2026-04,PNG,2020,-1.58,9.63,1
weo-2026-04,PNG,2021,11.04,3.74,1
weo-2026-04,PNG,2022,21.58,22.01,0
weo-2026-04,PNG,2023,-0.7,0.16,1
weo-2026-04,POL,2002,3.98,5.43,1
weo-2026-04,POL,2003,4.33,5.11,1
weo-2026-04,POL,2004,10.28,5.25,0
weo-2026-04,POL,2005,5.97,8.82,1
weo-2026-04,POL,2006,8.06,8.78,0
weo-2026-04,POL,2007,10.81,7.45,0
weo-2026-04,POL,2008,8.49,11.85,0
weo-2026-04,POL,2009,6.6,7.97,1
weo-2026-04,POL,2010,4.8,7.37,1
weo-2026-04,POL,2011,8.48,3.69,0
weo-2026-04,POL,2012,3.73,1.02,1
weo-2026-04,POL,2013,0.96,1.4,1
weo-2026-04,POL,2014,4.42,4.55,1
weo-2026-04,POL,2015,5.81,3.29,0
weo-2026-04,POL,2016,3.12,2.09,1
weo-2026-04,POL,2017,7.01,7.62,0
weo-2026-04,POL,2018,7.55,7.68,0
weo-2026-04,POL,2019,7.75,8.96,0
weo-2026-04,POL,2020,2.12,18.38,1
weo-2026-04,POL,2021,12.64,3.01,0
weo-2026-04,POL,2022,16.51,14.44,0
weo-2026-04,POL,2023,10.14,18.24,1
weo-2026-04,PRI,2015,0.91,-2.84,0
weo-2026-04,PRI,2016,0.93,-3.6,1
weo-2026-04,PRI,2017,-0.85,3.99,1
weo-2026-04,PRI,2018,-2.41,-1.41,1
weo-2026-04,PRI,2019,4.13,-0.71,0
weo-2026-04,PRI,2020,-1.9,-0.25,1
weo-2026-04,PRI,2021,3.2,3.08,0
weo-2026-04,PRI,2022,6.97,10.49,0
weo-2026-04,PRI,2023,3.98,10.92,0
weo-2026-04,PRT,2002,4.99,5.14,1
weo-2026-04,PRT,2003,2.46,5.68,1
weo-2026-04,PRT,2004,4.23,6.09,0
weo-2026-04,PRT,2005,4.14,5.83,1
weo-2026-04,PRT,2006,4.86,0.7,0
weo-2026-04,PRT,2007,5.55,3.81,0
weo-2026-04,PRT,2008,2.06,3.99,1
weo-2026-04,PRT,2009,-2.06,8.89,1
weo-2026-04,PRT,2010,2.53,6.05,0
weo-2026-04,PRT,2011,-1.97,-7.9,1
weo-2026-04,PRT,2012,-4.41,-7.82,1
weo-2026-04,PRT,2013,1.27,4.04,1
weo-2026-04,PRT,2014,1.47,4.85,1
weo-2026-04,PRT,2015,3.58,-3.83,1
weo-2026-04,PRT,2016,3.9,-3.08,0
weo-2026-04,PRT,2017,4.9,7.18,0
weo-2026-04,PRT,2018,4.85,0.32,0
weo-2026-04,PRT,2019,4.63,3.62,0
weo-2026-04,PRT,2020,-6.27,9.6,1
weo-2026-04,PRT,2021,7.69,4.64,0
weo-2026-04,PRT,2022,12.69,5.2,0
weo-2026-04,PRT,2023,10.82,5.68,0
weo-2026-04,PRY,2002,17.92,8.24,1
weo-2026-04,PRY,2003,20.12,-0.68,0
weo-2026-04,PRY,2004,16.37,12.63,1
weo-2026-04,PRY,2005,15.36,15.72,1
weo-2026-04,PRY,2006,14.09,15.55,0
weo-2026-04,PRY,2007,18.74,10.9,0
weo-2026-04,PRY,2008,19.52,8.99,0
weo-2026-04,PRY,2009,3.38,25.63,1
weo-2026-04,PRY,2010,16.27,9.53,0
weo-2026-04,PRY,2011,9.6,21.69,0
weo-2026-04,PRY,2012,4.06,24.87,1
weo-2026-04,PRY,2013,12.99,9.23,0
weo-2026-04,PRY,2014,8.31,8.41,0
weo-2026-04,PRY,2015,4.61,8.71,1
weo-2026-04,PRY,2016,8.58,6.3,0
weo-2026-04,PRY,2017,7.07,9.18,0
weo-2026-04,PRY,2018,5.23,7.28,1
weo-2026-04,PRY,2019,2.65,11.15,1
weo-2026-04,PRY,2020,1.37,13.32,1
weo-2026-04,PRY,2021,12.77,1.23,1
weo-2026-04,PRY,2022,7.99,5.86,1
weo-2026-04,PRY,2023,7.63,12.32,0
weo-2026-04,QAT,2002,10.49,12.62,0
weo-2026-04,QAT,2003,22.66,13.78,1
weo-2026-04,QAT,2004,29.24,39.36,0
weo-2026-04,QAT,2005,45.63,43.59,0
weo-2026-04,QAT,2006,31.35,35.09,0
weo-2026-04,QAT,2007,29.61,30.3,0
weo-2026-04,QAT,2008,48.21,18.74,0
weo-2026-04,QAT,2009,-21.69,19.78,0
weo-2026-04,QAT,2010,35.73,18.41,0
weo-2026-04,QAT,2011,40.15,23.24,0
weo-2026-04,QAT,2012,11.36,21.61,1
weo-2026-04,QAT,2013,6.37,-2.7,0
weo-2026-04,QAT,2014,3.77,19.62,0
weo-2026-04,QAT,2015,-21.57,-6.64,1
weo-2026-04,QAT,2016,-6.19,-2.19,1
weo-2026-04,QAT,2017,6.17,-8.62,1
weo-2026-04,QAT,2018,13.8,-6.18,1
weo-2026-04,QAT,2019,-3.8,7.87,1
weo-2026-04,QAT,2020,-18.12,-13.81,1
weo-2026-04,QAT,2021,24.46,6.1,1
weo-2026-04,QAT,2022,31.14,9.17,1
weo-2026-04,QAT,2023,-7.81,1.53,1
weo-2026-04,ROU,2002,29.71,28.56,0
weo-2026-04,ROU,2003,26.04,28.7,1
weo-2026-04,ROU,2004,27.5,39.65,0
weo-2026-04,ROU,2005,17.24,12.36,0
weo-2026-04,ROU,2006,19.49,27.22,0
weo-2026-04,ROU,2007,24.19,27.2,0
weo-2026-04,ROU,2008,26.81,29.24,0
weo-2026-04,ROU,2009,-1.65,0.22,1
weo-2026-04,ROU,2010,1.79,4.26,1
weo-2026-04,ROU,2011,8.66,1.06,0
weo-2026-04,ROU,2012,5.79,-0.08,1
weo-2026-04,ROU,2013,1.68,4.16,1
weo-2026-04,ROU,2014,5.9,4.96,1
weo-2026-04,ROU,2015,6.52,8.46,1
weo-2026-04,ROU,2016,5.55,-1.96,1
weo-2026-04,ROU,2017,13.23,10.81,0
weo-2026-04,ROU,2018,11.91,14.69,0
weo-2026-04,ROU,2019,11.2,17.47,1
weo-2026-04,ROU,2020,0.36,14.75,1
weo-2026-04,ROU,2021,11.5,7.86,0
weo-2026-04,ROU,2022,16.74,15.67,0
weo-2026-04,ROU,2023,14.89,13.75,1
weo-2026-04,RUS,2002,21.1,33.23,0
weo-2026-04,RUS,2003,21.95,19.1,0
weo-2026-04,RUS,2004,28.91,18.22,0
weo-2026-04,RUS,2005,26.91,27.55,0
weo-2026-04,RUS,2006,24.56,23.74,0
weo-2026-04,RUS,2007,23.52,38.32,0
weo-2026-04,RUS,2008,24.15,23.69,0
weo-2026-04,RUS,2009,-5.98,14.94,1
weo-2026-04,RUS,2010,19.33,8.55,0
weo-2026-04,RUS,2011,21.15,12.92,1
weo-2026-04,RUS,2012,13.29,15.94,0
weo-2026-04,RUS,2013,7.17,8.94,1
weo-2026-04,RUS,2014,8.28,9.01,1
weo-2026-04,RUS,2015,5.13,6.59,1
weo-2026-04,RUS,2016,3.04,6.36,1
weo-2026-04,RUS,2017,7.27,1.84,1
weo-2026-04,RUS,2018,13.09,5.83,1
weo-2026-04,RUS,2019,5.53,10.01,1
weo-2026-04,RUS,2020,-1.78,14.42,1
weo-2026-04,RUS,2021,25.14,11.04,0
weo-2026-04,RUS,2022,16.53,17.14,1
weo-2026-04,RUS,2023,11.0,14.46,0
weo-2026-04,RWA,2002,7.35,15.1,0
weo-2026-04,RWA,2003,22.99,9.86,1
weo-2026-04,RWA,2004,19.3,15.21,1
weo-2026-04,RWA,2005,19.31,35.05,0
weo-2026-04,RWA,2006,11.91,15.99,0
weo-2026-04,RWA,2007,21.65,33.46,1
weo-2026-04,RWA,2008,27.4,27.84,0
weo-2026-04,RWA,2009,13.79,13.56,1
weo-2026-04,RWA,2010,10.8,18.1,1
weo-2026-04,RWA,2011,15.73,20.01,1
weo-2026-04,RWA,2012,13.66,13.2,0
weo-2026-04,RWA,2013,7.45,12.67,1
weo-2026-04,RWA,2014,11.23,17.3,1
weo-2026-04,RWA,2015,9.61,5.48,0
weo-2026-04,RWA,2016,11.3,4.45,1
weo-2026-04,RWA,2017,12.6,11.88,1
weo-2026-04,RWA,2018,9.04,12.99,0
weo-2026-04,RWA,2019,13.85,19.8,0
weo-2026-04,RWA,2020,4.57,21.96,1
weo-2026-04,RWA,2021,12.45,6.52,0
weo-2026-04,RWA,2022,27.32,17.15,0
weo-2026-04,RWA,2023,21.27,8.43,0
weo-2026-04,SAU,2002,2.97,1.06,1
weo-2026-04,SAU,2003,13.82,5.37,0
weo-2026-04,SAU,2004,19.89,15.81,0
weo-2026-04,SAU,2005,26.85,17.86,0
weo-2026-04,SAU,2006,14.68,12.27,1
weo-2026-04,SAU,2007,10.44,25.37,1
weo-2026-04,SAU,2008,25.05,14.76,0
weo-2026-04,SAU,2009,-17.45,10.07,1
weo-2026-04,SAU,2010,23.1,8.07,0
weo-2026-04,SAU,2011,28.86,27.49,0
weo-2026-04,SAU,2012,10.47,11.86,0
weo-2026-04,SAU,2013,2.37,9.19,1
weo-2026-04,SAU,2014,2.26,15.16,0
weo-2026-04,SAU,2015,-11.91,-9.46,0
weo-2026-04,SAU,2016,-0.6,-11.29,1
weo-2026-04,SAU,2017,7.54,-0.92,1
weo-2026-04,SAU,2018,19.6,18.81,1
weo-2026-04,SAU,2019,0.26,-3.4,1
weo-2026-04,SAU,2020,-13.68,6.16,1
weo-2026-04,SAU,2021,28.07,-8.33,0
weo-2026-04,SAU,2022,26.09,14.39,0
weo-2026-04,SAU,2023,-1.65,9.65,1
weo-2026-04,SDN,2002,17.46,20.64,0
weo-2026-04,SDN,2003,16.71,38.43,0
weo-2026-04,SDN,2004,23.3,68.28,0
weo-2026-04,SDN,2005,24.72,52.48,0
weo-2026-04,SDN,2006,14.68,9.38,0
weo-2026-04,SDN,2007,21.92,28.45,0
weo-2026-04,SDN,2008,13.08,13.53,0
weo-2026-04,SDN,2009,-0.96,-6.66,1
weo-2026-04,SDN,2010,27.4,17.07,0
weo-2026-04,SDN,2011,22.27,28.25,1
weo-2026-04,SDN,2012,8.0,-3.4,1
weo-2026-04,SDN,2013,39.1,34.38,1
weo-2026-04,SDN,2014,40.32,20.17,0
weo-2026-04,SDN,2015,14.9,5.48,0
weo-2026-04,SDN,2016,46.92,20.45,0
weo-2026-04,SDN,2017,19.14,53.79,1
weo-2026-04,SDN,2018,53.72,106.58,1
weo-2026-04,SDN,2019,47.86,64.88,1
weo-2026-04,SDN,2020,154.29,49.45,1
weo-2026-04,SDN,2021,186.22,157.78,1
weo-2026-04,SDN,2022,28.25,131.85,1
weo-2026-04,SDN,2023,38.41,-35.92,1
weo-2026-04,SEN,2002,1.97,-0.6,1
weo-2026-04,SEN,2003,4.62,15.27,0
weo-2026-04,SEN,2004,4.5,11.43,0
weo-2026-04,SEN,2005,9.23,13.65,0
weo-2026-04,SEN,2006,5.28,20.69,1
weo-2026-04,SEN,2007,9.6,15.28,1
weo-2026-04,SEN,2008,12.22,5.82,1
weo-2026-04,SEN,2009,1.02,1.5,1
weo-2026-04,SEN,2010,5.05,7.21,1
weo-2026-04,SEN,2011,5.24,10.62,1
weo-2026-04,SEN,2012,7.41,6.25,1
weo-2026-04,SEN,2013,3.63,-0.65,1
weo-2026-04,SEN,2014,4.61,9.03,0
weo-2026-04,SEN,2015,7.5,5.86,0
weo-2026-04,SEN,2016,7.37,11.75,0
weo-2026-04,SEN,2017,8.05,-0.45,0
weo-2026-04,SEN,2018,5.32,5.38,0
weo-2026-04,SEN,2019,6.8,65.26,0
weo-2026-04,SEN,2020,2.97,-11.46,1
weo-2026-04,SEN,2021,8.09,24.06,0
weo-2026-04,SEN,2022,13.56,21.71,1
weo-2026-04,SEN,2023,7.44,2.7,0
weo-2026-04,SLB,2002,8.16,-4.61,1
weo-2026-04,SLB,2003,13.19,3.5,0
weo-2026-04,SLB,2004,11.73,6.28,0
weo-2026-04,SLB,2005,18.85,43.21,0
weo-2026-04,SLB,2006,12.82,35.89,0
weo-2026-04,SLB,2007,13.27,23.82,0
weo-2026-04,SLB,2008,13.06,43.76,0
weo-2026-04,SLB,2009,7.88,1.87,1
weo-2026-04,SLB,2010,11.62,11.84,0
weo-2026-04,SLB,2011,12.24,33.22,0
weo-2026-04,SLB,2012,7.23,18.4,1
weo-2026-04,SLB,2013,7.71,53.8,0
weo-2026-04,SLB,2014,4.9,0.06,1
weo-2026-04,SLB,2015,5.09,9.44,1
weo-2026-04,SLB,2016,5.92,1.21,0
weo-2026-04,SLB,2017,5.73,7.75,0
weo-2026-04,SLB,2018,10.82,-4.4,1
weo-2026-04,SLB,2019,3.01,5.14,1
weo-2026-04,SLB,2020,-4.66,8.07,1
weo-2026-04,SLB,2021,-0.82,-9.45,1
weo-2026-04,SLB,2022,-4.41,12.46,1
weo-2026-04,SLB,2023,5.46,7.15,1
weo-2026-04,SLE,2002,21.47,23.8,0
weo-2026-04,SLE,2003,24.87,17.85,0
weo-2026-04,SLE,2004,21.63,10.56,0
weo-2026-04,SLE,2005,24.46,27.13,0
weo-2026-04,SLE,2006,17.65,9.69,1
weo-2026-04,SLE,2007,10.57,-5.77,1
weo-2026-04,SLE,2008,13.38,50.42,1
weo-2026-04,SLE,2009,10.02,24.09,1
weo-2026-04,SLE,2010,29.23,41.96,0
weo-2026-04,SLE,2011,25.69,30.67,0
weo-2026-04,SLE,2012,19.6,22.7,0
weo-2026-04,SLE,2013,17.02,-1.09,0
weo-2026-04,SLE,2014,1.16,24.56,1
weo-2026-04,SLE,2015,15.95,13.76,1
weo-2026-04,SLE,2016,10.81,27.13,1
weo-2026-04,SLE,2017,13.23,6.65,1
weo-2026-04,SLE,2018,17.9,3.1,1
weo-2026-04,SLE,2019,15.96,13.55,0
weo-2026-04,SLE,2020,11.86,32.76,1
weo-2026-04,SLE,2021,13.8,24.26,0
weo-2026-04,SLE,2022,33.7,32.19,1
weo-2026-04,SLE,2023,36.64,20.13,0
weo-2026-04,SLV,2002,3.11,5.81,1
weo-2026-04,SLV,2003,4.58,3.23,1
weo-2026-04,SLV,2004,3.63,-2.74,1
weo-2026-04,SLV,2005,7.09,11.56,0
weo-2026-04,SLV,2006,8.86,12.77,0
weo-2026-04,SLV,2007,6.32,2.58,1
weo-2026-04,SLV,2008,5.73,15.4,1
weo-2026-04,SLV,2009,-2.14,3.65,1
weo-2026-04,SLV,2010,4.81,4.33,1
weo-2026-04,SLV,2011,9.95,9.4,0
weo-2026-04,SLV,2012,5.43,15.42,0
weo-2026-04,SLV,2013,2.83,6.63,1
weo-2026-04,SLV,2014,2.74,-0.8,1
weo-2026-04,SLV,2015,3.74,1.54,0
weo-2026-04,SLV,2016,3.21,3.93,0
weo-2026-04,SLV,2017,3.26,4.7,1
weo-2026-04,SLV,2018,4.17,0.45,0
weo-2026-04,SLV,2019,3.31,3.71,0
weo-2026-04,SLV,2020,-7.29,9.15,1
weo-2026-04,SLV,2021,16.54,9.28,0
weo-2026-04,SLV,2022,9.73,-1.07,0
weo-2026-04,SLV,2023,6.22,15.0,0
weo-2026-04,SOM,2014,9.79,26.73,1
weo-2026-04,SOM,2015,6.17,-16.26,0
weo-2026-04,SOM,2016,8.04,9.9,1
weo-2026-04,SOM,2017,11.66,73.48,0
weo-2026-04,SOM,2018,-4.6,12.66,1
weo-2026-04,SOM,2019,9.93,17.44,0
weo-2026-04,SOM,2020,-0.31,49.6,1
weo-2026-04,SOM,2021,9.92,-2.38,0
weo-2026-04,SOM,2022,7.58,56.51,1
weo-2026-04,SOM,2023,7.5,1.63,0
weo-2026-04,SRB,2002,26.89,62.68,0
weo-2026-04,SRB,2003,17.66,13.04,0
weo-2026-04,SRB,2004,15.36,14.97,0
weo-2026-04,SRB,2005,20.61,23.58,0
weo-2026-04,SRB,2006,18.28,25.79,0
weo-2026-04,SRB,2007,17.36,17.16,0
weo-2026-04,SRB,2008,15.15,24.43,0
weo-2026-04,SRB,2009,5.03,-1.49,1
weo-2026-04,SRB,2010,6.64,5.9,1
weo-2026-04,SRB,2011,11.06,7.38,1
weo-2026-04,SRB,2012,5.57,13.16,1
weo-2026-04,SRB,2013,8.29,-0.13,1
weo-2026-04,SRB,2014,1.05,6.06,1
weo-2026-04,SRB,2015,3.49,-2.19,1
weo-2026-04,SRB,2016,4.56,2.98,1
weo-2026-04,SRB,2017,5.43,1.43,1
weo-2026-04,SRB,2018,6.74,9.43,0
weo-2026-04,SRB,2019,7.21,10.96,0
weo-2026-04,SRB,2020,1.67,17.21,1
weo-2026-04,SRB,2021,14.08,10.52,0
weo-2026-04,SRB,2022,13.44,6.0,1
weo-2026-04,SRB,2023,18.2,15.16,0
weo-2026-04,STP,2002,14.6,-4.59,1
weo-2026-04,STP,2003,23.05,47.93,0
weo-2026-04,STP,2004,15.85,36.65,0
weo-2026-04,STP,2005,27.7,-9.05,0
weo-2026-04,STP,2006,25.61,-4.02,0
weo-2026-04,STP,2007,17.95,41.13,1
weo-2026-04,STP,2008,41.14,11.13,0
weo-2026-04,STP,2009,17.72,90.53,0
weo-2026-04,STP,2010,8.51,16.05,1
weo-2026-04,STP,2011,13.91,17.33,1
weo-2026-04,STP,2012,9.6,3.5,1
weo-2026-04,STP,2013,12.69,-20.99,0
weo-2026-04,STP,2014,9.76,10.48,0
weo-2026-04,STP,2015,6.11,22.67,1
weo-2026-04,STP,2016,12.6,4.63,0
weo-2026-04,STP,2017,8.36,-10.16,0
weo-2026-04,STP,2018,13.69,-0.04,0
weo-2026-04,STP,2019,13.51,-8.86,1
weo-2026-04,STP,2020,12.14,15.8,1
weo-2026-04,STP,2021,7.16,19.3,1
weo-2026-04,STP,2022,15.98,23.89,1
weo-2026-04,STP,2023,24.21,6.12,1
weo-2026-04,SUR,2002,36.05,36.89,0
weo-2026-04,SUR,2003,30.02,7.06,0
weo-2026-04,SUR,2004,21.56,37.9,0
weo-2026-04,SUR,2005,19.6,21.7,0
weo-2026-04,SUR,2006,18.02,20.27,0
weo-2026-04,SUR,2007,11.85,15.36,0
weo-2026-04,SUR,2008,20.32,11.63,0
weo-2026-04,SUR,2009,9.7,25.93,0
weo-2026-04,SUR,2010,12.73,-0.25,0
weo-2026-04,SUR,2011,20.5,20.06,0
weo-2026-04,SUR,2012,13.71,36.37,1
weo-2026-04,SUR,2013,3.33,6.66,1
weo-2026-04,SUR,2014,1.85,-0.63,1
weo-2026-04,SUR,2015,-5.42,10.63,1
weo-2026-04,SUR,2016,17.98,5.34,1
weo-2026-04,SUR,2017,30.15,34.4,1
weo-2026-04,SUR,2018,10.89,12.72,0
weo-2026-04,SUR,2019,6.41,50.07,1
weo-2026-04,SUR,2020,22.02,-13.87,1
weo-2026-04,SUR,2021,56.86,58.89,1
weo-2026-04,SUR,2022,54.26,41.37,1
weo-2026-04,SUR,2023,36.32,42.68,1
weo-2026-04,SVK,2002,8.64,8.4,0
weo-2026-04,SVK,2003,10.57,-1.37,0
weo-2026-04,SVK,2004,11.61,7.47,0
weo-2026-04,SVK,2005,9.3,12.39,0
weo-2026-04,SVK,2006,12.08,9.99,0
weo-2026-04,SVK,2007,12.12,5.15,0
weo-2026-04,SVK,2008,8.51,10.33,0
weo-2026-04,SVK,2009,-6.57,10.69,1
weo-2026-04,SVK,2010,7.29,1.72,0
weo-2026-04,SVK,2011,4.22,2.91,1
weo-2026-04,SVK,2012,2.93,0.38,1
weo-2026-04,SVK,2013,1.24,3.75,1
weo-2026-04,SVK,2014,2.57,4.88,1
weo-2026-04,SVK,2015,4.98,11.12,0
weo-2026-04,SVK,2016,1.55,-5.98,1
weo-2026-04,SVK,2017,4.09,1.68,1
weo-2026-04,SVK,2018,6.26,6.05,0
weo-2026-04,SVK,2019,4.73,7.69,1
weo-2026-04,SVK,2020,-0.24,9.62,1
weo-2026-04,SVK,2021,8.03,9.17,0
weo-2026-04,SVK,2022,7.92,3.85,1
weo-2026-04,SVK,2023,12.35,26.5,1
weo-2026-04,SVN,2002,11.15,8.04,0
weo-2026-04,SVN,2003,9.04,9.24,0
weo-2026-04,SVN,2004,8.06,6.6,0
weo-2026-04,SVN,2005,5.42,5.06,0
weo-2026-04,SVN,2006,8.26,6.34,0
weo-2026-04,SVN,2007,11.64,6.43,0
weo-2026-04,SVN,2008,8.03,13.2,0
weo-2026-04,SVN,2009,-5.07,4.79,1
weo-2026-04,SVN,2010,0.62,1.69,1
weo-2026-04,SVN,2011,2.03,2.79,1
weo-2026-04,SVN,2012,-2.31,-5.12,1
weo-2026-04,SVN,2013,0.3,15.07,1
weo-2026-04,SVN,2014,3.41,-11.42,1
weo-2026-04,SVN,2015,3.28,0.9,1
weo-2026-04,SVN,2016,3.95,-1.35,1
weo-2026-04,SVN,2017,6.53,2.15,0
weo-2026-04,SVN,2018,6.66,6.23,0
weo-2026-04,SVN,2019,5.93,6.21,0
weo-2026-04,SVN,2020,-2.94,15.49,1
weo-2026-04,SVN,2021,11.33,7.71,0
weo-2026-04,SVN,2022,9.32,4.79,1
weo-2026-04,SVN,2023,12.6,10.42,1
weo-2026-04,SWE,2002,3.94,5.35,0
weo-2026-04,SWE,2003,3.76,5.84,1
weo-2026-04,SWE,2004,4.61,2.32,0
weo-2026-04,SWE,2005,3.58,2.72,0
weo-2026-04,SWE,2006,6.5,4.41,0
weo-2026-04,SWE,2007,6.24,3.18,0
weo-2026-04,SWE,2008,2.41,4.76,1
weo-2026-04,SWE,2009,-2.0,2.7,1
weo-2026-04,SWE,2010,6.84,3.02,0
weo-2026-04,SWE,2011,4.32,2.72,0
weo-2026-04,SWE,2012,0.53,3.34,1
weo-2026-04,SWE,2013,2.16,4.5,1
weo-2026-04,SWE,2014,4.17,3.04,0
weo-2026-04,SWE,2015,6.74,3.9,0
weo-2026-04,SWE,2016,3.83,4.31,1
weo-2026-04,SWE,2017,4.15,3.64,1
weo-2026-04,SWE,2018,4.43,5.53,1
weo-2026-04,SWE,2019,5.1,3.12,0
weo-2026-04,SWE,2020,-0.17,6.52,1
weo-2026-04,SWE,2021,8.08,2.38,0
weo-2026-04,SWE,2022,7.36,4.75,1
weo-2026-04,SWE,2023,5.62,6.89,1
weo-2026-04,SWZ,2002,13.69,15.29,0
weo-2026-04,SWZ,2003,10.12,7.03,0
weo-2026-04,SWZ,2004,7.64,31.97,0
weo-2026-04,SWZ,2005,12.95,4.56,0
weo-2026-04,SWZ,2006,10.28,5.73,0
weo-2026-04,SWZ,2007,9.67,21.64,0
weo-2026-04,SWZ,2008,11.33,21.95,1
weo-2026-04,SWZ,2009,11.49,12.59,1
weo-2026-04,SWZ,2010,7.11,-1.62,0
weo-2026-04,SWZ,2011,7.71,-12.21,1
weo-2026-04,SWZ,2012,14.62,21.9,0
weo-2026-04,SWZ,2013,10.65,17.6,0
weo-2026-04,SWZ,2014,7.91,22.43,1
weo-2026-04,SWZ,2015,7.12,14.35,1
weo-2026-04,SWZ,2016,9.91,7.39,1
weo-2026-04,SWZ,2017,8.64,5.19,1
weo-2026-04,SWZ,2018,3.36,-2.45,1
weo-2026-04,SWZ,2019,8.52,8.58,0
weo-2026-04,SWZ,2020,2.06,0.56,1
weo-2026-04,SWZ,2021,4.36,-3.84,0
weo-2026-04,SWZ,2022,9.29,6.94,1
weo-2026-04,SWZ,2023,9.8,16.1,1
weo-2026-04,SYR,2002,10.69,12.72,0
weo-2026-04,SYR,2003,-3.93,10.12,1
weo-2026-04,SYR,2004,17.94,12.47,0
weo-2026-04,SYR,2005,18.91,5.48,0
weo-2026-04,SYR,2006,14.6,7.29,1
weo-2026-04,SYR,2007,17.05,15.27,0
weo-2026-04,SYR,2008,21.14,8.5,1
weo-2026-04,SYR,2009,2.97,20.44,0
weo-2026-04,SYR,2010,10.75,19.26,1
weo-2026-04,TCD,2002,10.56,27.02,0
weo-2026-04,TCD,2003,14.79,26.15,0
weo-2026-04,TCD,2004,46.66,-3.54,0
weo-2026-04,TCD,2005,33.29,20.8,0
weo-2026-04,TCD,2006,11.15,33.74,1
weo-2026-04,TCD,2007,2.52,32.41,1
weo-2026-04,TCD,2008,14.8,24.09,1
weo-2026-04,TCD,2009,-2.97,29.69,1
weo-2026-04,TCD,2010,20.08,11.99,0
weo-2026-04,TCD,2011,13.04,-0.77,0
weo-2026-04,TCD,2012,16.01,18.78,0
weo-2026-04,TCD,2013,-3.3,-3.68,1
weo-2026-04,TCD,2014,1.77,3.44,1
weo-2026-04,TCD,2015,-4.08,-27.08,1
weo-2026-04,TCD,2016,-9.99,-30.62,1
weo-2026-04,TCD,2017,-0.64,4.12,1
weo-2026-04,TCD,2018,9.36,-3.55,0
weo-2026-04,TCD,2019,3.09,14.5,0
weo-2026-04,TCD,2020,-1.94,32.5,1
weo-2026-04,TCD,2021,10.51,1.13,1
weo-2026-04,TCD,2022,19.43,12.86,0
weo-2026-04,TCD,2023,0.6,38.92,0
weo-2026-04,TGO,2002,9.05,-17.19,1
weo-2026-04,TGO,2003,3.63,10.62,0
weo-2026-04,TGO,2004,-2.87,17.54,1
weo-2026-04,TGO,2005,0.94,33.98,1
weo-2026-04,TGO,2006,2.13,14.86,1
weo-2026-04,TGO,2007,8.59,-5.51,1
weo-2026-04,TGO,2008,13.48,9.7,1
weo-2026-04,TGO,2009,8.74,25.3,0
weo-2026-04,TGO,2010,5.76,11.81,0
weo-2026-04,TGO,2011,8.81,20.98,0
weo-2026-04,TGO,2012,8.16,24.06,0
weo-2026-04,TGO,2013,7.61,14.35,0
weo-2026-04,TGO,2014,6.14,11.93,0
weo-2026-04,TGO,2015,7.79,9.15,0
weo-2026-04,TGO,2016,5.73,6.98,0
weo-2026-04,TGO,2017,3.09,-27.09,1
weo-2026-04,TGO,2018,5.27,19.57,1
weo-2026-04,TGO,2019,4.94,-10.66,1
weo-2026-04,TGO,2020,5.17,53.11,1
weo-2026-04,TGO,2021,9.93,-0.06,1
weo-2026-04,TGO,2022,13.86,31.43,0
weo-2026-04,TGO,2023,9.36,9.93,0
weo-2026-04,THA,2002,7.94,30.48,0
weo-2026-04,THA,2003,9.49,-18.62,0
weo-2026-04,THA,2004,10.08,15.18,0
weo-2026-04,THA,2005,9.49,12.08,0
weo-2026-04,THA,2006,10.33,4.74,0
weo-2026-04,THA,2007,8.04,16.89,0
weo-2026-04,THA,2008,6.95,5.42,1
weo-2026-04,THA,2009,-0.5,10.62,1
weo-2026-04,THA,2010,11.9,13.61,0
weo-2026-04,THA,2011,4.61,2.03,1
weo-2026-04,THA,2012,9.29,9.36,0
weo-2026-04,THA,2013,4.51,6.59,1
weo-2026-04,THA,2014,2.44,4.74,1
weo-2026-04,THA,2015,3.88,4.46,1
weo-2026-04,THA,2016,6.16,1.8,0
weo-2026-04,THA,2017,6.16,6.65,0
weo-2026-04,THA,2018,5.71,3.8,0
weo-2026-04,THA,2019,3.15,0.85,1
weo-2026-04,THA,2020,-7.3,15.63,1
weo-2026-04,THA,2021,3.36,7.49,1
weo-2026-04,THA,2022,7.4,-2.03,1
weo-2026-04,THA,2023,3.53,-3.52,1
weo-2026-04,TJK,2002,33.14,45.5,0
weo-2026-04,TJK,2003,42.25,46.98,0
weo-2026-04,TJK,2004,29.42,41.89,0
weo-2026-04,TJK,2005,16.95,34.07,1
weo-2026-04,TJK,2006,28.76,21.38,1
weo-2026-04,TJK,2007,37.83,29.64,0
weo-2026-04,TJK,2008,37.79,37.78,0
weo-2026-04,TJK,2009,17.11,36.24,1
weo-2026-04,TJK,2010,19.79,31.52,1
weo-2026-04,TJK,2011,21.71,13.98,0
weo-2026-04,TJK,2012,20.26,22.31,0
weo-2026-04,TJK,2013,12.07,23.78,1
weo-2026-04,TJK,2014,12.54,13.45,1
weo-2026-04,TJK,2015,6.13,23.85,1
weo-2026-04,TJK,2016,13.2,15.23,1
weo-2026-04,TJK,2017,17.6,22.66,1
weo-2026-04,TJK,2018,10.28,-1.46,0
weo-2026-04,TJK,2019,11.33,4.56,1
weo-2026-04,TJK,2020,6.13,7.12,1
weo-2026-04,TJK,2021,20.39,14.15,0
weo-2026-04,TJK,2022,16.92,16.51,0
weo-2026-04,TJK,2023,12.35,14.8,0
weo-2026-04,TLS,2003,4.46,-10.53,1
weo-2026-04,TLS,2004,-10.13,-16.82,1
weo-2026-04,TLS,2005,4.88,-17.49,0
weo-2026-04,TLS,2006,-1.83,0.7,1
weo-2026-04,TLS,2007,19.61,51.56,0
weo-2026-04,TLS,2008,19.47,92.78,0
weo-2026-04,TLS,2009,12.09,11.61,0
weo-2026-04,TLS,2010,21.32,20.77,0
weo-2026-04,TLS,2011,18.21,29.9,0
weo-2026-04,TLS,2012,11.32,8.02,0
weo-2026-04,TLS,2013,20.26,-10.6,0
weo-2026-04,TLS,2014,3.73,19.72,0
weo-2026-04,TLS,2015,9.86,-2.92,1
weo-2026-04,TLS,2016,3.16,18.01,0
weo-2026-04,TLS,2017,-3.39,-24.91,1
weo-2026-04,TLS,2018,-1.82,-3.85,1
weo-2026-04,TLS,2019,30.63,4.97,1
weo-2026-04,TLS,2020,6.4,-4.45,1
weo-2026-04,TLS,2021,67.62,23.9,1
weo-2026-04,TLS,2022,-11.49,15.88,0
weo-2026-04,TLS,2023,-35.18,-14.98,1
weo-2026-04,TON,2002,12.48,25.33,0
weo-2026-04,TON,2003,11.46,4.61,1
weo-2026-04,TON,2004,6.27,1.64,1
weo-2026-04,TON,2005,7.54,10.13,1
weo-2026-04,TON,2006,15.69,51.81,1
weo-2026-04,TON,2007,1.83,-7.69,1
weo-2026-04,TON,2008,9.51,12.79,0
weo-2026-04,TON,2009,-0.48,-1.57,1
weo-2026-04,TON,2010,8.61,29.68,0
weo-2026-04,TON,2011,7.33,23.56,0
weo-2026-04,TON,2012,-4.78,-6.61,0
weo-2026-04,TON,2013,8.31,16.03,1
weo-2026-04,TON,2014,2.03,-6.54,0
weo-2026-04,TON,2015,6.37,27.16,0
weo-2026-04,TON,2016,9.77,9.14,0
weo-2026-04,TON,2017,8.96,16.58,0
weo-2026-04,TON,2018,6.48,5.66,1
weo-2026-04,TON,2019,6.18,5.46,1
weo-2026-04,TON,2020,1.79,-3.15,0
weo-2026-04,TON,2021,1.08,22.54,1
weo-2026-04,TON,2022,6.87,-1.18,1
weo-2026-04,TON,2023,10.42,10.53,0
weo-2026-04,TTO,2002,2.35,0.96,0
weo-2026-04,TTO,2003,26.24,14.12,0
weo-2026-04,TTO,2004,17.59,23.61,0
weo-2026-04,TTO,2005,20.04,57.31,0
weo-2026-04,TTO,2006,15.26,40.37,0
weo-2026-04,TTO,2007,18.23,-10.13,0
weo-2026-04,TTO,2008,27.73,33.52,0
weo-2026-04,TTO,2009,-30.37,-4.74,1
weo-2026-04,TTO,2010,16.3,-4.3,0
weo-2026-04,TTO,2011,15.11,12.9,1
weo-2026-04,TTO,2012,5.6,6.14,0
weo-2026-04,TTO,2013,5.42,12.96,0
weo-2026-04,TTO,2014,2.66,7.16,0
weo-2026-04,TTO,2015,-9.38,-3.88,1
weo-2026-04,TTO,2016,-7.96,-17.69,1
weo-2026-04,TTO,2017,2.55,-2.79,1
weo-2026-04,TTO,2018,0.09,-2.59,1
weo-2026-04,TTO,2019,-1.94,0.71,1
weo-2026-04,TTO,2020,-11.07,3.56,1
weo-2026-04,TTO,2021,16.09,-2.79,1
weo-2026-04,TTO,2022,16.93,5.68,1
weo-2026-04,TTO,2023,-11.71,7.66,1
weo-2026-04,TUN,2002,3.64,4.33,1
weo-2026-04,TUN,2003,7.51,5.32,0
weo-2026-04,TUN,2004,9.8,7.48,0
weo-2026-04,TUN,2005,7.81,7.95,0
weo-2026-04,TUN,2006,9.28,8.63,0
weo-2026-04,TUN,2007,8.98,11.96,0
weo-2026-04,TUN,2008,10.85,14.22,0
weo-2026-04,TUN,2009,6.16,11.15,0
weo-2026-04,TUN,2010,7.46,5.27,0
weo-2026-04,TUN,2011,2.43,20.26,1
weo-2026-04,TUN,2012,9.07,11.18,0
weo-2026-04,TUN,2013,7.04,16.6,1
weo-2026-04,TUN,2014,7.9,-3.64,0
weo-2026-04,TUN,2015,5.22,4.01,1
weo-2026-04,TUN,2016,6.11,4.1,1
weo-2026-04,TUN,2017,7.06,12.94,1
weo-2026-04,TUN,2018,10.76,9.48,1
weo-2026-04,TUN,2019,8.84,11.88,1
weo-2026-04,TUN,2020,-2.82,13.31,1
weo-2026-04,TUN,2021,9.47,6.62,0
weo-2026-04,TUN,2022,5.81,14.87,1
weo-2026-04,TUN,2023,8.93,5.21,1
weo-2026-04,TUR,2002,46.45,44.51,0
weo-2026-04,TUR,2003,30.44,27.06,0
weo-2026-04,TUR,2004,23.52,19.35,0
weo-2026-04,TUR,2005,16.81,22.15,0
weo-2026-04,TUR,2006,17.06,24.46,0
weo-2026-04,TUR,2007,11.68,9.91,1
weo-2026-04,TUR,2008,13.04,17.96,1
weo-2026-04,TUR,2009,0.43,11.68,1
weo-2026-04,TUR,2010,16.04,12.83,0
weo-2026-04,TUR,2011,20.23,13.96,0
weo-2026-04,TUR,2012,12.45,17.5,1
weo-2026-04,TUR,2013,15.2,14.48,0
weo-2026-04,TUR,2014,12.59,9.94,1
weo-2026-04,TUR,2015,14.14,14.27,0
weo-2026-04,TUR,2016,11.72,18.23,1
weo-2026-04,TUR,2017,19.83,15.17,0
weo-2026-04,TUR,2018,20.78,26.08,1
weo-2026-04,TUR,2019,15.65,17.7,1
weo-2026-04,TUR,2020,16.8,14.04,1
weo-2026-04,TUR,2021,44.58,28.88,0
weo-2026-04,TUR,2022,106.16,83.7,1
weo-2026-04,TUR,2023,76.77,113.82,1
weo-2026-04,TZA,2002,14.77,29.97,0
weo-2026-04,TZA,2003,15.92,33.36,0
weo-2026-04,TZA,2004,15.4,28.2,0
weo-2026-04,TZA,2005,14.27,22.35,0
weo-2026-04,TZA,2006,21.9,17.07,1
weo-2026-04,TZA,2007,14.9,16.3,0
weo-2026-04,TZA,2008,22.39,25.1,1
weo-2026-04,TZA,2009,15.14,25.89,1
weo-2026-04,TZA,2010,16.19,17.36,1
weo-2026-04,TZA,2011,20.36,15.11,0
weo-2026-04,TZA,2012,16.44,18.47,1
weo-2026-04,TZA,2013,17.1,10.72,0
weo-2026-04,TZA,2014,13.19,2.49,0
weo-2026-04,TZA,2015,14.22,12.51,1
weo-2026-04,TZA,2016,14.85,12.94,0
weo-2026-04,TZA,2017,11.07,6.59,1
weo-2026-04,TZA,2018,3.02,7.84,0
weo-2026-04,TZA,2019,8.5,8.72,0
weo-2026-04,TZA,2020,8.06,9.77,1
weo-2026-04,TZA,2021,7.42,13.57,1
weo-2026-04,TZA,2022,9.38,12.85,1
weo-2026-04,TZA,2023,9.33,6.86,1
weo-2026-04,UGA,2002,10.1,12.99,0
weo-2026-04,UGA,2003,13.13,9.25,1
weo-2026-04,UGA,2004,13.59,7.17,1
weo-2026-04,UGA,2005,14.01,6.64,0
weo-2026-04,UGA,2006,16.22,10.72,0
weo-2026-04,UGA,2007,17.05,13.17,0
weo-2026-04,UGA,2008,27.79,24.96,0
weo-2026-04,UGA,2009,26.91,15.64,0
weo-2026-04,UGA,2010,9.81,47.17,0
weo-2026-04,UGA,2011,29.08,9.21,0
weo-2026-04,UGA,2012,11.69,8.52,1
weo-2026-04,UGA,2013,7.94,9.13,1
weo-2026-04,UGA,2014,8.03,9.06,1
weo-2026-04,UGA,2015,8.03,17.86,0
weo-2026-04,UGA,2016,5.93,3.17,1
weo-2026-04,UGA,2017,10.33,19.59,0
weo-2026-04,UGA,2018,11.28,12.53,1
weo-2026-04,UGA,2019,10.36,23.97,0
weo-2026-04,UGA,2020,0.76,19.65,1
weo-2026-04,UGA,2021,8.78,7.1,1
weo-2026-04,UGA,2022,13.6,-0.94,1
weo-2026-04,UGA,2023,11.17,8.61,1
weo-2026-04,UKR,2002,10.87,16.92,0
weo-2026-04,UKR,2003,18.46,22.73,0
weo-2026-04,UKR,2004,28.91,38.42,0
weo-2026-04,UKR,2005,27.91,36.57,1
weo-2026-04,UKR,2006,23.55,25.01,0
weo-2026-04,UKR,2007,32.93,30.5,0
weo-2026-04,UKR,2008,31.91,42.46,1
weo-2026-04,UKR,2009,-4.42,-2.66,1
weo-2026-04,UKR,2010,18.32,18.48,0
weo-2026-04,UKR,2011,20.4,10.84,0
weo-2026-04,UKR,2012,8.15,16.25,1
weo-2026-04,UKR,2013,4.36,1.23,1
weo-2026-04,UKR,2014,4.22,-1.64,1
weo-2026-04,UKR,2015,25.31,17.49,1
weo-2026-04,UKR,2016,19.96,13.2,1
weo-2026-04,UKR,2017,24.98,29.18,1
weo-2026-04,UKR,2018,19.42,21.67,0
weo-2026-04,UKR,2019,11.71,11.22,0
weo-2026-04,UKR,2020,6.16,17.86,1
weo-2026-04,UKR,2021,29.11,13.8,0
weo-2026-04,UKR,2022,-3.88,59.07,1
weo-2026-04,UKR,2023,26.51,41.28,0
weo-2026-04,URY,2002,3.91,-2.61,1
weo-2026-04,URY,2003,17.48,10.44,1
weo-2026-04,URY,2004,15.61,12.95,0
weo-2026-04,URY,2005,8.19,9.05,0
weo-2026-04,URY,2006,10.9,13.8,0
weo-2026-04,URY,2007,16.58,18.54,0
weo-2026-04,URY,2008,15.78,17.9,0
weo-2026-04,URY,2009,12.32,17.44,0
weo-2026-04,URY,2010,13.09,15.53,0
weo-2026-04,URY,2011,14.64,9.83,0
weo-2026-04,URY,2012,12.4,19.22,1
weo-2026-04,URY,2013,13.17,17.88,0
weo-2026-04,URY,2014,12.91,14.23,1
weo-2026-04,URY,2015,9.42,6.39,1
weo-2026-04,URY,2016,9.16,13.31,1
weo-2026-04,URY,2017,7.52,8.02,1
weo-2026-04,URY,2018,7.7,9.93,1
weo-2026-04,URY,2019,9.26,10.92,1
weo-2026-04,URY,2020,2.58,9.33,1
weo-2026-04,URY,2021,17.57,9.76,0
weo-2026-04,URY,2022,10.87,8.91,0
weo-2026-04,URY,2023,4.85,5.7,1
weo-2026-04,USA,2002,3.28,7.02,1
weo-2026-04,USA,2003,4.83,6.43,0
weo-2026-04,USA,2004,6.64,5.8,0
weo-2026-04,USA,2005,6.73,7.1,0
weo-2026-04,USA,2006,5.95,5.27,0
weo-2026-04,USA,2007,4.77,7.3,1
weo-2026-04,USA,2008,2.04,10.29,1
weo-2026-04,USA,2009,-1.98,10.27,1
weo-2026-04,USA,2010,3.94,-0.72,0
weo-2026-04,USA,2011,3.66,0.26,1
weo-2026-04,USA,2012,4.19,-0.05,1
weo-2026-04,USA,2013,3.86,0.27,1
weo-2026-04,USA,2014,4.31,2.92,1
weo-2026-04,USA,2015,3.9,3.4,0
weo-2026-04,USA,2016,2.79,3.27,1
weo-2026-04,USA,2017,4.29,3.76,1
weo-2026-04,USA,2018,5.33,5.12,0
weo-2026-04,USA,2019,4.28,5.62,0
weo-2026-04,USA,2020,-0.76,26.29,1
weo-2026-04,USA,2021,11.0,6.5,0
weo-2026-04,USA,2022,9.82,-8.66,0
weo-2026-04,USA,2023,6.74,7.74,0
weo-2026-04,UZB,2002,51.26,71.82,1
weo-2026-04,UZB,2003,32.05,20.34,1
weo-2026-04,UZB,2004,24.63,16.31,0
weo-2026-04,UZB,2005,29.87,24.0,1
weo-2026-04,UZB,2006,30.37,14.88,0
weo-2026-04,UZB,2007,35.78,36.58,0
weo-2026-04,UZB,2008,33.92,43.05,0
weo-2026-04,UZB,2009,29.93,34.93,0
weo-2026-04,UZB,2010,29.04,23.51,0
weo-2026-04,UZB,2011,31.24,17.21,0
weo-2026-04,UZB,2012,23.1,25.6,1
weo-2026-04,UZB,2013,21.69,26.78,0
weo-2026-04,UZB,2014,21.82,20.14,0
weo-2026-04,UZB,2015,18.74,17.1,0
weo-2026-04,UZB,2016,15.83,9.59,1
weo-2026-04,UZB,2017,22.82,19.64,1
weo-2026-04,UZB,2018,38.82,49.15,1
weo-2026-04,UZB,2019,25.32,36.15,1
weo-2026-04,UZB,2020,13.71,19.55,1
weo-2026-04,UZB,2021,22.14,30.35,0
weo-2026-04,UZB,2022,20.98,38.2,1
weo-2026-04,UZB,2023,21.11,13.99,1
weo-2026-04,VCT,2002,5.56,11.71,0
weo-2026-04,VCT,2003,4.37,5.36,0
weo-2026-04,VCT,2004,8.02,3.69,0
weo-2026-04,VCT,2005,5.46,11.88,1
weo-2026-04,VCT,2006,10.96,7.29,0
weo-2026-04,VCT,2007,10.89,16.59,0
weo-2026-04,VCT,2008,2.67,9.87,1
weo-2026-04,VCT,2009,-2.51,6.16,1
weo-2026-04,VCT,2010,0.86,0.88,1
weo-2026-04,VCT,2011,-0.92,-5.52,1
weo-2026-04,VCT,2012,2.27,-8.52,1
weo-2026-04,VCT,2013,4.76,16.86,0
weo-2026-04,VCT,2014,0.8,6.48,1
weo-2026-04,VCT,2015,2.03,-9.42,0
weo-2026-04,VCT,2016,3.53,3.87,0
weo-2026-04,VCT,2017,3.65,-0.8,1
weo-2026-04,VCT,2018,4.77,3.65,0
weo-2026-04,VCT,2019,2.96,14.71,1
weo-2026-04,VCT,2020,-5.13,8.24,1
weo-2026-04,VCT,2021,2.83,15.14,1
weo-2026-04,VCT,2022,9.2,8.03,0
weo-2026-04,VCT,2023,7.94,19.05,0
weo-2026-04,VNM,2002,11.32,14.37,0
weo-2026-04,VNM,2003,14.5,29.06,0
weo-2026-04,VNM,2004,27.04,11.21,0
weo-2026-04,VNM,2005,17.28,25.7,0
weo-2026-04,VNM,2006,16.14,15.5,0
weo-2026-04,VNM,2007,17.45,26.6,0
weo-2026-04,VNM,2008,29.62,24.0,1
weo-2026-04,VNM,2009,11.95,31.1,1
weo-2026-04,VNM,2010,19.27,12.89,1
weo-2026-04,VNM,2011,29.2,15.53,1
weo-2026-04,VNM,2012,15.08,26.97,1
weo-2026-04,VNM,2013,9.82,13.53,1
weo-2026-04,VNM,2014,10.36,1.6,1
weo-2026-04,VNM,2015,5.15,11.0,0
weo-2026-04,VNM,2016,8.63,-0.51,1
weo-2026-04,VNM,2017,11.61,7.75,0
weo-2026-04,VNM,2018,11.36,5.69,0
weo-2026-04,VNM,2019,9.96,6.85,0
weo-2026-04,VNM,2020,4.37,12.91,1
weo-2026-04,VNM,2021,5.51,0.2,1
weo-2026-04,VNM,2022,13.36,3.01,0
weo-2026-04,VNM,2023,7.26,11.74,1
weo-2026-04,VUT,2002,-2.47,-3.01,1
weo-2026-04,VUT,2003,5.12,-12.21,0
weo-2026-04,VUT,2004,6.19,4.2,0
weo-2026-04,VUT,2005,5.75,5.12,0
weo-2026-04,VUT,2006,12.66,25.07,0
weo-2026-04,VUT,2007,8.82,22.41,1
weo-2026-04,VUT,2008,13.17,41.09,0
weo-2026-04,VUT,2009,5.67,5.04,1
weo-2026-04,VUT,2010,2.75,5.64,1
weo-2026-04,VUT,2011,6.01,-6.44,1
weo-2026-04,VUT,2012,0.54,-2.59,1
weo-2026-04,VUT,2013,6.51,-3.71,0
weo-2026-04,VUT,2014,4.56,6.72,1
weo-2026-04,VUT,2015,9.23,105.72,0
weo-2026-04,VUT,2016,5.74,-14.42,0
weo-2026-04,VUT,2017,9.22,16.82,0
weo-2026-04,VUT,2018,5.84,-6.42,1
weo-2026-04,VUT,2019,6.88,28.4,1
weo-2026-04,VUT,2020,-3.62,6.71,1
weo-2026-04,VUT,2021,1.99,1.16,1
weo-2026-04,VUT,2022,10.98,11.01,0
weo-2026-04,VUT,2023,6.51,7.46,0
weo-2026-04,ZAF,2002,16.7,17.62,0
weo-2026-04,ZAF,2003,9.53,14.13,0
weo-2026-04,ZAF,2004,10.87,12.37,0
weo-2026-04,ZAF,2005,11.17,26.27,0
weo-2026-04,ZAF,2006,12.01,10.8,0
weo-2026-04,ZAF,2007,14.05,14.1,0
weo-2026-04,ZAF,2008,11.29,20.0,0
weo-2026-04,ZAF,2009,6.99,17.89,1
weo-2026-04,ZAF,2010,9.35,8.11,0
weo-2026-04,ZAF,2011,8.88,7.5,0
weo-2026-04,ZAF,2012,7.19,8.85,1
weo-2026-04,ZAF,2013,8.47,8.8,0
weo-2026-04,ZAF,2014,6.86,8.07,1
weo-2026-04,ZAF,2015,6.94,9.67,1
weo-2026-04,ZAF,2016,7.66,5.97,1
weo-2026-04,ZAF,2017,6.69,5.92,1
weo-2026-04,ZAF,2018,5.61,6.27,1
weo-2026-04,ZAF,2019,4.89,9.02,1
weo-2026-04,ZAF,2020,-1.11,8.5,1
weo-2026-04,ZAF,2021,11.58,3.94,0
weo-2026-04,ZAF,2022,7.41,3.43,1
weo-2026-04,ZAF,2023,5.57,6.37,1
weo-2026-04,ZMB,2002,24.77,16.37,1
weo-2026-04,ZMB,2003,25.78,25.27,0
weo-2026-04,ZMB,2004,28.14,8.59,0
weo-2026-04,ZMB,2005,25.09,24.31,0
weo-2026-04,ZMB,2006,23.6,10.91,0
weo-2026-04,ZMB,2007,22.41,25.68,0
weo-2026-04,ZMB,2008,19.24,16.01,0
weo-2026-04,ZMB,2009,15.29,5.26,0
weo-2026-04,ZMB,2010,25.69,27.09,0
weo-2026-04,ZMB,2011,17.3,30.83,0
weo-2026-04,ZMB,2012,15.12,27.21,0
weo-2026-04,ZMB,2013,15.28,26.63,1
weo-2026-04,ZMB,2014,10.39,8.21,1
weo-2026-04,ZMB,2015,9.77,23.15,1
weo-2026-04,ZMB,2016,17.84,-2.68,1
weo-2026-04,ZMB,2017,13.95,16.75,1
weo-2026-04,ZMB,2018,11.75,22.33,1
weo-2026-04,ZMB,2019,9.19,8.9,1
weo-2026-04,ZMB,2020,10.74,35.78,1
weo-2026-04,ZMB,2021,32.95,15.57,0
weo-2026-04,ZMB,2022,11.67,0.46,1
weo-2026-04,ZMB,2023,12.84,9.38,1
weo-2026-04,ZWE,2006,-10.0,-56.81,1
weo-2026-04,ZWE,2007,-4.38,-46.12,1
weo-2026-04,ZWE,2008,-13.84,-58.56,1
weo-2026-04,ZWE,2010,20.87,127.44,0
weo-2026-04,ZWE,2011,16.63,52.32,0
weo-2026-04,ZWE,2012,20.05,7.92,0
weo-2026-04,ZWE,2013,10.69,11.5,1
weo-2026-04,ZWE,2014,5.58,-1.71,0
weo-2026-04,ZWE,2015,-0.44,3.41,1
weo-2026-04,ZWE,2016,4.03,20.73,1
weo-2026-04,ZWE,2017,6.02,30.84,0
weo-2026-04,ZWE,2018,73.8,18.76,0
